ISO-10303-21;
HEADER;
FILE_DESCRIPTION (( 'STEP AP214' ),
    '1' );
FILE_NAME ('FH34SRJ-8S-0.5SH.STEP',
    '2023-09-07T16:18:09',
    ( '' ),
    ( '' ),
    'SwSTEP 2.0',
    'SolidWorks 2018',
    '' );
FILE_SCHEMA (( 'AUTOMOTIVE_DESIGN' ));
ENDSEC;

DATA;
#1 = EDGE_CURVE ( 'NONE', #2460, #2591, #6279, .T. ) ;
#2 = EDGE_CURVE ( 'NONE', #7377, #7832, #1358, .T. ) ;
#3 = VECTOR ( 'NONE', #7452, 1000.000000000000000 ) ;
#4 = VERTEX_POINT ( 'NONE', #509 ) ;
#5 = ADVANCED_FACE ( 'NONE', ( #4547 ), #925, .F. ) ;
#6 = EDGE_LOOP ( 'NONE', ( #2281, #6302, #1673, #6050 ) ) ;
#8 = CARTESIAN_POINT ( 'NONE',  ( 2.799999999999999378, -0.02000000000000091288, 0.9999999999999983347 ) ) ;
#7 = DIRECTION ( 'NONE',  ( -0.2163711612039613263, 0.9520331092974130272, 0.2163711612039584675 ) ) ;
#9 = CARTESIAN_POINT ( 'NONE',  ( -2.602500000000000480, -1.750000000000000000, 1.000000000000000888 ) ) ;
#10 = LINE ( 'NONE', #1644, #6420 ) ;
#11 = ORIENTED_EDGE ( 'NONE', *, *, #3988, .T. ) ;
#12 = VERTEX_POINT ( 'NONE', #782 ) ;
#13 = ORIENTED_EDGE ( 'NONE', *, *, #516, .T. ) ;
#14 = AXIS2_PLACEMENT_3D ( 'NONE', #1312, #6271, #2587 ) ;
#15 = CARTESIAN_POINT ( 'NONE',  ( 0.4000000000000012434, 0.8499999999999989786, 0.07999999999999930778 ) ) ;
#16 = EDGE_CURVE ( 'NONE', #5835, #7493, #7926, .T. ) ;
#17 = ORIENTED_EDGE ( 'NONE', *, *, #2535, .T. ) ;
#18 = EDGE_CURVE ( 'NONE', #7846, #2876, #2953, .T. ) ;
#19 = LINE ( 'NONE', #4437, #4574 ) ;
#20 = DIRECTION ( 'NONE',  ( -1.000000000000000000, -0.0000000000000000000, 2.289834988289389802E-16 ) ) ;
#21 = FACE_OUTER_BOUND ( 'NONE', #1109, .T. ) ;
#22 = VERTEX_POINT ( 'NONE', #1486 ) ;
#23 = DIRECTION ( 'NONE',  ( 1.000000000000000000, -5.243344273594249610E-32, -2.289834988289389802E-16 ) ) ;
#24 = CARTESIAN_POINT ( 'NONE',  ( 2.799999999999999822, -0.8000000000000010436, 0.1799999999999979949 ) ) ;
#25 = EDGE_LOOP ( 'NONE', ( #6106, #6840, #6725, #408 ) ) ;
#26 = SURFACE_SIDE_STYLE ('',( #3866 ) ) ;
#27 = CARTESIAN_POINT ( 'NONE',  ( 0.1750000000000020151, 1.350000000000000089, 0.1099999999999990014 ) ) ;
#28 = VERTEX_POINT ( 'NONE', #1595 ) ;
#29 = LINE ( 'NONE', #7589, #231 ) ;
#30 = DIRECTION ( 'NONE',  ( 0.0000000000000000000, 0.0000000000000000000, 1.000000000000000000 ) ) ;
#31 = LINE ( 'NONE', #4570, #3577 ) ;
#32 = VECTOR ( 'NONE', #4321, 1000.000000000000000 ) ;
#33 = VERTEX_POINT ( 'NONE', #1699 ) ;
#34 = VECTOR ( 'NONE', #5424, 1000.000000000000000 ) ;
#35 = PLANE ( 'NONE',  #6276 ) ;
#36 = COLOUR_RGB ( '',0.3176470588235293935, 0.2470588235294117752, 0.2078431372549019440 ) ;
#37 = DIRECTION ( 'NONE',  ( -1.000000000000000000, 2.804146475863970139E-32, -2.987057121330055487E-48 ) ) ;
#38 = VECTOR ( 'NONE', #1672, 1000.000000000000000 ) ;
#39 = VERTEX_POINT ( 'NONE', #1512 ) ;
#40 = FACE_OUTER_BOUND ( 'NONE', #2429, .T. ) ;
#41 = MECHANICAL_DESIGN_GEOMETRIC_PRESENTATION_REPRESENTATION (  '', ( #6852 ), #475 ) ;
#42 = PRESENTATION_STYLE_ASSIGNMENT (( #523 ) ) ;
#43 = CARTESIAN_POINT ( 'NONE',  ( 1.175000000000000044, 1.249999999999986233, 2.581756423231107433E-15 ) ) ;
#44 = ADVANCED_FACE ( 'NONE', ( #2743 ), #810, .T. ) ;
#45 = VERTEX_POINT ( 'NONE', #1757 ) ;
#46 = VECTOR ( 'NONE', #953, 999.9999999999998863 ) ;
#47 = CARTESIAN_POINT ( 'NONE',  ( -0.1749999999999980738, 1.673724317761259961, 0.3099999999999984990 ) ) ;
#48 = VECTOR ( 'NONE', #7037, 1000.000000000000000 ) ;
#49 = DIRECTION ( 'NONE',  ( 2.229998385641999896E-16, -0.2271122129663560585, 0.9738685962292472631 ) ) ;
#50 = LINE ( 'NONE', #1496, #3409 ) ;
#51 = EDGE_CURVE ( 'NONE', #6669, #329, #3038, .T. ) ;
#52 = EDGE_CURVE ( 'NONE', #6998, #4754, #6006, .T. ) ;
#53 = CARTESIAN_POINT ( 'NONE',  ( -2.765000000000000124, -1.899999999999999911, 0.8199999999999999512 ) ) ;
#54 = VERTEX_POINT ( 'NONE', #2845 ) ;
#55 = ORIENTED_EDGE ( 'NONE', *, *, #5474, .F. ) ;
#56 = CARTESIAN_POINT ( 'NONE',  ( 0.1750000000000020151, 0.9999999999999988898, 0.07866077735406408478 ) ) ;
#57 = LINE ( 'NONE', #87, #3025 ) ;
#58 = CARTESIAN_POINT ( 'NONE',  ( 0.6750000000000010436, 0.9499999999999869660, 0.03619548911246080192 ) ) ;
#59 = VECTOR ( 'NONE', #4221, 1000.000000000000000 ) ;
#60 = SURFACE_SIDE_STYLE ('',( #4152 ) ) ;
#61 = CARTESIAN_POINT ( 'NONE',  ( -2.384999999999998455, -1.900000000000000133, 1.000000000000000444 ) ) ;
#62 = CARTESIAN_POINT ( 'NONE',  ( -1.337499999999999911, 0.9999999999999988898, 0.07999999999999930778 ) ) ;
#64 = CARTESIAN_POINT ( 'NONE',  ( 3.325000000000000178, 0.9999999999999988898, 0.07999999999999929390 ) ) ;
#63 = CARTESIAN_POINT ( 'NONE',  ( 2.765000000000000124, -1.749999999999992895, 0.4199999999999989297 ) ) ;
#65 = EDGE_CURVE ( 'NONE', #5445, #1246, #4181, .T. ) ;
#66 = EDGE_CURVE ( 'NONE', #6486, #3080, #5810, .T. ) ;
#67 = VECTOR ( 'NONE', #7570, 1000.000000000000000 ) ;
#68 = LINE ( 'NONE', #3550, #4822 ) ;
#69 = DIRECTION ( 'NONE',  ( -5.243344273594249610E-32, -1.000000000000000000, 1.200639317332292868E-47 ) ) ;
#70 = ORIENTED_EDGE ( 'NONE', *, *, #2647, .F. ) ;
#71 = FACE_OUTER_BOUND ( 'NONE', #3438, .T. ) ;
#72 = DIRECTION ( 'NONE',  ( 0.2163711612039740939, 0.9520331092974103626, 0.2163711612039576904 ) ) ;
#73 = CARTESIAN_POINT ( 'NONE',  ( 1.324999999999999956, 0.9999999999999988898, 0.07866077735406362681 ) ) ;
#74 = AXIS2_PLACEMENT_3D ( 'NONE', #2941, #7865, #4179 ) ;
#75 = AXIS2_PLACEMENT_3D ( 'NONE', #7252, #405, #1575 ) ;
#76 =( NAMED_UNIT ( * ) PLANE_ANGLE_UNIT ( ) SI_UNIT ( $, .RADIAN. ) );
#77 = EDGE_CURVE ( 'NONE', #7679, #7576, #7446, .T. ) ;
#78 = DIRECTION ( 'NONE',  ( 0.0000000000000000000, 0.0000000000000000000, 1.000000000000000000 ) ) ;
#79 = EDGE_LOOP ( 'NONE', ( #2396, #2287, #5628, #3325 ) ) ;
#80 = LINE ( 'NONE', #2126, #3430 ) ;
#81 = VECTOR ( 'NONE', #1180, 1000.000000000000000 ) ;
#82 = EDGE_LOOP ( 'NONE', ( #656, #423, #612, #951 ) ) ;
#83 = ORIENTED_EDGE ( 'NONE', *, *, #1830, .T. ) ;
#84 =( NAMED_UNIT ( * ) SI_UNIT ( $, .STERADIAN. ) SOLID_ANGLE_UNIT ( ) );
#85 = ADVANCED_FACE ( 'NONE', ( #877 ), #3204, .T. ) ;
#86 = CARTESIAN_POINT ( 'NONE',  ( -0.6749999999999980460, 0.9199999999999866063, 0.03619548911246119050 ) ) ;
#88 = DIRECTION ( 'NONE',  ( 1.000000000000000000, -1.099120794378905705E-16, -1.465494392505207935E-16 ) ) ;
#87 = CARTESIAN_POINT ( 'NONE',  ( 1.675000000000000044, 1.249999999999986455, 2.466559942404522587E-15 ) ) ;
#89 = AXIS2_PLACEMENT_3D ( 'NONE', #58, #4859, #4994 ) ;
#90 = CARTESIAN_POINT ( 'NONE',  ( 2.285000000000002363, -1.800000000000000266, 0.9999999999999997780 ) ) ;
#91 = ORIENTED_EDGE ( 'NONE', *, *, #1910, .T. ) ;
#92 = ORIENTED_EDGE ( 'NONE', *, *, #3988, .F. ) ;
#93 = CARTESIAN_POINT ( 'NONE',  ( -1.175000000000000044, 1.350000000000000089, 0.1705002310154649925 ) ) ;
#94 = VECTOR ( 'NONE', #191, 1000.000000000000000 ) ;
#95 = FACE_OUTER_BOUND ( 'NONE', #1895, .T. ) ;
#96 = STYLED_ITEM ( 'NONE', ( #3750 ), #7270 ) ;
#97 = VERTEX_POINT ( 'NONE', #737 ) ;
#98 = ORIENTED_EDGE ( 'NONE', *, *, #625, .T. ) ;
#99 = DIRECTION ( 'NONE',  ( -1.000000000000000000, 0.0000000000000000000, -0.0000000000000000000 ) ) ;
#100 = DIRECTION ( 'NONE',  ( 1.000000000000000000, 1.144917494144693668E-16, -1.144917494144857357E-16 ) ) ;
#101 = DIRECTION ( 'NONE',  ( -2.289834988289389802E-16, 0.0000000000000000000, -1.000000000000000000 ) ) ;
#102 = CARTESIAN_POINT ( 'NONE',  ( 2.765000000000000124, -1.799999999999990274, 0.4699999999999999734 ) ) ;
#103 = CARTESIAN_POINT ( 'NONE',  ( -2.769999999999999574, 1.045602317761259892, 0.3099999999999999423 ) ) ;
#104 = LINE ( 'NONE', #6092, #6521 ) ;
#105 = ORIENTED_EDGE ( 'NONE', *, *, #7273, .F. ) ;
#106 = VERTEX_POINT ( 'NONE', #5952 ) ;
#107 = ORIENTED_EDGE ( 'NONE', *, *, #3284, .F. ) ;
#108 = EDGE_CURVE ( 'NONE', #6877, #5879, #3993, .T. ) ;
#109 = EDGE_CURVE ( 'NONE', #7639, #7558, #7262, .T. ) ;
#110 = SURFACE_STYLE_USAGE ( .BOTH. , #60 ) ;
#111 = CARTESIAN_POINT ( 'NONE',  ( 0.9250000000000010436, 0.8499999999999989786, 0.05499999999999870270 ) ) ;
#112 = FACE_OUTER_BOUND ( 'NONE', #4092, .T. ) ;
#113 = PLANE ( 'NONE',  #1154 ) ;
#114 = ORIENTED_EDGE ( 'NONE', *, *, #5842, .F. ) ;
#115 = ORIENTED_EDGE ( 'NONE', *, *, #4279, .F. ) ;
#116 = ORIENTED_EDGE ( 'NONE', *, *, #625, .F. ) ;
#117 = CARTESIAN_POINT ( 'NONE',  ( -0.1749999999999979905, 1.350000000000000089, 0.1705002310154649925 ) ) ;
#118 = EDGE_LOOP ( 'NONE', ( #6452, #7885, #5437, #4888 ) ) ;
#119 = SURFACE_STYLE_USAGE ( .BOTH. , #3883 ) ;
#120 = ORIENTED_EDGE ( 'NONE', *, *, #7161, .T. ) ;
#121 = AXIS2_PLACEMENT_3D ( 'NONE', #6858, #3198, #7461 ) ;
#122 = LINE ( 'NONE', #5748, #7983 ) ;
#123 = EDGE_LOOP ( 'NONE', ( #1118, #5549, #3999, #6360 ) ) ;
#124 = DIRECTION ( 'NONE',  ( 0.0000000000000000000, 2.289834988289389802E-16, 1.000000000000000000 ) ) ;
#125 = EDGE_CURVE ( 'NONE', #45, #3906, #2335, .T. ) ;
#126 = EDGE_CURVE ( 'NONE', #6349, #3186, #3810, .T. ) ;
#127 = DIRECTION ( 'NONE',  ( -2.289834988289389802E-16, 0.0000000000000000000, -1.000000000000000000 ) ) ;
#128 = ORIENTED_EDGE ( 'NONE', *, *, #1128, .F. ) ;
#129 = LINE ( 'NONE', #4918, #5084 ) ;
#130 = CARTESIAN_POINT ( 'NONE',  ( -42.17662438884190124, 0.9999999999999988898, 1.000000000000009326 ) ) ;
#131 = ADVANCED_FACE ( 'NONE', ( #487 ), #843, .F. ) ;
#132 = FILL_AREA_STYLE ('',( #3892 ) ) ;
#133 = DIRECTION ( 'NONE',  ( -2.289834988289389802E-16, 0.0000000000000000000, -1.000000000000000000 ) ) ;
#134 = SURFACE_STYLE_FILL_AREA ( #3037 ) ;
#135 = CARTESIAN_POINT ( 'NONE',  ( 2.799999999999999378, -0.06999999999979379661, 0.8400000000000092948 ) ) ;
#136 = CARTESIAN_POINT ( 'NONE',  ( 1.574999999999999956, 0.8499999999999999778, 0.05499999999999839739 ) ) ;
#137 = PLANE ( 'NONE',  #6661 ) ;
#138 = VERTEX_POINT ( 'NONE', #3884 ) ;
#139 = EDGE_LOOP ( 'NONE', ( #7394, #1209, #5977, #5371 ) ) ;
#140 = STYLED_ITEM ( 'NONE', ( #385 ), #1258 ) ;
#141 = VECTOR ( 'NONE', #2244, 1000.000000000000000 ) ;
#142 = CARTESIAN_POINT ( 'NONE',  ( 2.615000000000000213, -1.147779969318961868, 0.01787644580804376854 ) ) ;
#143 = FACE_OUTER_BOUND ( 'NONE', #3160, .T. ) ;
#144 = LINE ( 'NONE', #6848, #1438 ) ;
#145 = CARTESIAN_POINT ( 'NONE',  ( 1.324999999999999956, 0.9199999999999866063, 0.03619548911246059375 ) ) ;
#146 = CARTESIAN_POINT ( 'NONE',  ( 1.850000000000000089, 0.9999999999999988898, 0.3099999999999980549 ) ) ;
#147 = DIRECTION ( 'NONE',  ( 0.0000000000000000000, 0.7071067811865443531, 0.7071067811865506814 ) ) ;
#148 = ORIENTED_EDGE ( 'NONE', *, *, #7634, .F. ) ;
#149 = EDGE_LOOP ( 'NONE', ( #7230, #721, #2453, #1559, #6234, #3370, #1060, #1102, #6800, #5224 ) ) ;
#150 = LINE ( 'NONE', #2328, #4702 ) ;
#151 = FILL_AREA_STYLE_COLOUR ( '', #4247 ) ;
#152 = LINE ( 'NONE', #6294, #3310 ) ;
#153 = CARTESIAN_POINT ( 'NONE',  ( 0.3250000000000020095, 1.350000000000000089, 0.1099999999999989597 ) ) ;
#154 = DIRECTION ( 'NONE',  ( -2.439197797730288502E-32, 1.000000000000000000, -1.065228634467009955E-16 ) ) ;
#155 = ORIENTED_EDGE ( 'NONE', *, *, #6461, .F. ) ;
#156 = ORIENTED_EDGE ( 'NONE', *, *, #3762, .F. ) ;
#157 = VECTOR ( 'NONE', #5139, 1000.000000000000000 ) ;
#158 = VECTOR ( 'NONE', #3824, 1000.000000000000000 ) ;
#159 = LINE ( 'NONE', #767, #3318 ) ;
#160 = CARTESIAN_POINT ( 'NONE',  ( -2.265000000000000568, -1.199999999999994404, 0.2999999999999995448 ) ) ;
#161 = CARTESIAN_POINT ( 'NONE',  ( -0.3249999999999980127, 1.349999999999999867, 0.3099999999999987210 ) ) ;
#162 = CARTESIAN_POINT ( 'NONE',  ( 3.000000000000000000, -0.8000000000000010436, 0.1799999999999979672 ) ) ;
#163 = DIRECTION ( 'NONE',  ( 2.289834988289389802E-16, -0.0000000000000000000, 1.000000000000000000 ) ) ;
#164 = VERTEX_POINT ( 'NONE', #2149 ) ;
#165 = CARTESIAN_POINT ( 'NONE',  ( -0.3249999999999980127, 1.299999999999994715, 0.1099999999999990152 ) ) ;
#166 = DIRECTION ( 'NONE',  ( -2.289834988289389802E-16, 0.0000000000000000000, -1.000000000000000000 ) ) ;
#167 = EDGE_CURVE ( 'NONE', #3561, #4736, #5432, .T. ) ;
#168 = EDGE_CURVE ( 'NONE', #1110, #3931, #5236, .T. ) ;
#169 = PRODUCT_DEFINITION ( 'UNKNOWN', '', #595, #6935 ) ;
#170 = CARTESIAN_POINT ( 'NONE',  ( 0.8250000000000019540, 0.9199999999999868283, -9.879192371572050562E-16 ) ) ;
#171 = ORIENTED_EDGE ( 'NONE', *, *, #1131, .F. ) ;
#172 = VECTOR ( 'NONE', #1265, 1000.000000000000000 ) ;
#173 = DIRECTION ( 'NONE',  ( 1.000000000000000000, -5.243344273594249610E-32, -2.289834988289389802E-16 ) ) ;
#174 = ADVANCED_FACE ( 'NONE', ( #6693 ), #7837, .F. ) ;
#175 = CARTESIAN_POINT ( 'NONE',  ( -2.800000000000000266, -0.02000000000000089900, 1.050000000000000044 ) ) ;
#176 = EDGE_CURVE ( 'NONE', #5131, #2915, #1774, .T. ) ;
#177 = EDGE_LOOP ( 'NONE', ( #5705, #6834, #4862, #1688 ) ) ;
#178 = ORIENTED_EDGE ( 'NONE', *, *, #6199, .T. ) ;
#179 = LINE ( 'NONE', #5162, #6788 ) ;
#180 = DIRECTION ( 'NONE',  ( 1.000000000000000000, -5.243344273594249610E-32, 0.0000000000000000000 ) ) ;
#181 = DIRECTION ( 'NONE',  ( 0.0000000000000000000, 1.065228634467009955E-16, 1.000000000000000000 ) ) ;
#182 = FILL_AREA_STYLE_COLOUR ( '', #2367 ) ;
#183 = VECTOR ( 'NONE', #2878, 1000.000000000000000 ) ;
#184 = CARTESIAN_POINT ( 'NONE',  ( -1.600000000000000089, 0.9999999999999993339, 0.07999999999999937716 ) ) ;
#185 = VERTEX_POINT ( 'NONE', #4752 ) ;
#186 = DIRECTION ( 'NONE',  ( -2.289834988289389802E-16, 0.0000000000000000000, -1.000000000000000000 ) ) ;
#187 = AXIS2_PLACEMENT_3D ( 'NONE', #7315, #7930, #4242 ) ;
#188 = PRESENTATION_LAYER_ASSIGNMENT (  '', '', ( #7403 ) ) ;
#189 = VECTOR ( 'NONE', #876, 1000.000000000000000 ) ;
#190 = CARTESIAN_POINT ( 'NONE',  ( 2.765000000000000124, -1.649999999999999911, 0.1199999999999979972 ) ) ;
#191 = DIRECTION ( 'NONE',  ( 0.0000000000000000000, 1.065228634467009955E-16, 1.000000000000000000 ) ) ;
#192 = EDGE_CURVE ( 'NONE', #138, #5421, #6494, .T. ) ;
#193 = DIRECTION ( 'NONE',  ( 0.0000000000000000000, 0.0000000000000000000, -1.000000000000000000 ) ) ;
#194 = ORIENTED_EDGE ( 'NONE', *, *, #3869, .F. ) ;
#195 = ORIENTED_EDGE ( 'NONE', *, *, #7146, .F. ) ;
#196 = DIRECTION ( 'NONE',  ( 0.0000000000000000000, 0.8000000000000000444, -0.5999999999999999778 ) ) ;
#197 = LINE ( 'NONE', #646, #6610 ) ;
#198 = DIRECTION ( 'NONE',  ( -0.7071067811865520136, 0.0000000000000000000, -0.7071067811865431318 ) ) ;
#199 = DIRECTION ( 'NONE',  ( 0.7071067811865431318, -7.532303909457129225E-17, -0.7071067811865520136 ) ) ;
#200 = DIRECTION ( 'NONE',  ( -2.289834988289389802E-16, 0.0000000000000000000, -1.000000000000000000 ) ) ;
#201 = ORIENTED_EDGE ( 'NONE', *, *, #5826, .F. ) ;
#202 = ORIENTED_EDGE ( 'NONE', *, *, #228, .F. ) ;
#203 = MECHANICAL_DESIGN_GEOMETRIC_PRESENTATION_REPRESENTATION (  '', ( #6180 ), #635 ) ;
#204 = AXIS2_PLACEMENT_3D ( 'NONE', #3751, #5458, #6232 ) ;
#205 = DIRECTION ( 'NONE',  ( 5.243344273594249610E-32, 1.000000000000000000, -1.200639317332292868E-47 ) ) ;
#206 = CARTESIAN_POINT ( 'NONE',  ( -1.175000000000000044, 0.9999999999999988898, 0.07866077735406440397 ) ) ;
#207 = CYLINDRICAL_SURFACE ( 'NONE', #488, 0.05000000000000070360 ) ;
#208 = DIRECTION ( 'NONE',  ( -0.0000000000000000000, -1.065228634467009955E-16, -1.000000000000000000 ) ) ;
#209 = VERTEX_POINT ( 'NONE', #1704 ) ;
#210 = ORIENTED_EDGE ( 'NONE', *, *, #4591, .F. ) ;
#211 = DIRECTION ( 'NONE',  ( -1.000000000000000000, 5.243344273594249610E-32, 2.289834988289389802E-16 ) ) ;
#212 = DIRECTION ( 'NONE',  ( 0.0000000000000000000, 0.0000000000000000000, -1.000000000000000000 ) ) ;
#213 =( NAMED_UNIT ( * ) PLANE_ANGLE_UNIT ( ) SI_UNIT ( $, .RADIAN. ) );
#214 = LINE ( 'NONE', #3456, #3366 ) ;
#215 = PRESENTATION_LAYER_ASSIGNMENT (  '', '', ( #7423 ) ) ;
#216 = VERTEX_POINT ( 'NONE', #465 ) ;
#217 = DIRECTION ( 'NONE',  ( 2.289834988289399663E-16, 2.289834988289376983E-16, 1.000000000000000000 ) ) ;
#218 = DIRECTION ( 'NONE',  ( -2.289834988289389802E-16, 0.0000000000000000000, -1.000000000000000000 ) ) ;
#219 = ORIENTED_EDGE ( 'NONE', *, *, #5175, .T. ) ;
#220 = ORIENTED_EDGE ( 'NONE', *, *, #4945, .T. ) ;
#221 = FILL_AREA_STYLE_COLOUR ( '', #2448 ) ;
#222 = CARTESIAN_POINT ( 'NONE',  ( 2.769999999999999130, 1.603724317761259899, 0.8899999999999991251 ) ) ;
#223 = ORIENTED_EDGE ( 'NONE', *, *, #669, .T. ) ;
#224 = VECTOR ( 'NONE', #2805, 1000.000000000000114 ) ;
#225 = ORIENTED_EDGE ( 'NONE', *, *, #7053, .F. ) ;
#226 = DIRECTION ( 'NONE',  ( -2.289834988289389802E-16, 0.0000000000000000000, -1.000000000000000000 ) ) ;
#227 = ORIENTED_EDGE ( 'NONE', *, *, #6246, .F. ) ;
#228 = EDGE_CURVE ( 'NONE', #5564, #5593, #80, .T. ) ;
#229 = EDGE_CURVE ( 'NONE', #3931, #6535, #3242, .T. ) ;
#230 = ORIENTED_EDGE ( 'NONE', *, *, #1449, .F. ) ;
#231 = VECTOR ( 'NONE', #147, 1000.000000000000000 ) ;
#232 = CARTESIAN_POINT ( 'NONE',  ( 0.3250000000000020095, 0.9999999999999988898, 0.07866077735406400151 ) ) ;
#233 = DIRECTION ( 'NONE',  ( 1.000000000000000000, -5.243344273594249610E-32, -2.289834988289389802E-16 ) ) ;
#234 = DIRECTION ( 'NONE',  ( -2.289834988289389802E-16, 0.0000000000000000000, -1.000000000000000000 ) ) ;
#235 = VECTOR ( 'NONE', #7009, 1000.000000000000000 ) ;
#236 = CARTESIAN_POINT ( 'NONE',  ( 1.850000000000000089, 0.9999999999999988898, 0.3099999999999980549 ) ) ;
#237 = VECTOR ( 'NONE', #7396, 1000.000000000000000 ) ;
#238 = DIRECTION ( 'NONE',  ( -1.000000000000000000, 2.804146475863970139E-32, -2.987057121330055487E-48 ) ) ;
#239 = DIRECTION ( 'NONE',  ( -2.439197797730288502E-32, 1.000000000000000000, -1.065228634467009955E-16 ) ) ;
#240 =( LENGTH_UNIT ( ) NAMED_UNIT ( * ) SI_UNIT ( .MILLI., .METRE. ) );
#241 = VERTEX_POINT ( 'NONE', #1397 ) ;
#242 = LINE ( 'NONE', #7872, #6650 ) ;
#243 = CARTESIAN_POINT ( 'NONE',  ( 1.824999999999999956, 0.9999999999999988898, 0.3099999999999979994 ) ) ;
#244 = EDGE_CURVE ( 'NONE', #5759, #7604, #4637, .T. ) ;
#245 = LINE ( 'NONE', #3685, #1736 ) ;
#246 = CARTESIAN_POINT ( 'NONE',  ( -1.675000000000000044, 1.245779075397750235, 0.1705002310154649925 ) ) ;
#247 = UNCERTAINTY_MEASURE_WITH_UNIT (LENGTH_MEASURE( 1.000000000000000082E-05 ), #7154, 'distance_accuracy_value', 'NONE');
#248 = EDGE_CURVE ( 'NONE', #1624, #4716, #6291, .T. ) ;
#249 = CARTESIAN_POINT ( 'NONE',  ( -0.04999999999999894806, 0.9999999999999988898, 0.02999999999999932929 ) ) ;
#250 = CARTESIAN_POINT ( 'NONE',  ( -2.765000000000000124, -1.799999999999990274, 0.5200000000000010170 ) ) ;
#251 = ORIENTED_EDGE ( 'NONE', *, *, #699, .T. ) ;
#252 = ORIENTED_EDGE ( 'NONE', *, *, #825, .T. ) ;
#253 = LINE ( 'NONE', #6242, #3398 ) ;
#254 = CARTESIAN_POINT ( 'NONE',  ( 0.6750000000000010436, 1.299999999999990274, 0.04999999999999960032 ) ) ;
#255 = DIRECTION ( 'NONE',  ( 2.289834988289389802E-16, -0.0000000000000000000, 1.000000000000000000 ) ) ;
#256 = DIRECTION ( 'NONE',  ( 5.326143172335040532E-17, -1.000000000000000000, 5.326143172335033136E-17 ) ) ;
#257 = FACE_OUTER_BOUND ( 'NONE', #1995, .T. ) ;
#258 = ORIENTED_EDGE ( 'NONE', *, *, #2280, .T. ) ;
#259 = LINE ( 'NONE', #2138, #6463 ) ;
#260 = CARTESIAN_POINT ( 'NONE',  ( -47.60249999999999915, 1.000000000000000000, 0.03000000000000980008 ) ) ;
#261 = CARTESIAN_POINT ( 'NONE',  ( 3.000000000000000000, 0.9999999999999988898, 0.07999999999999803102 ) ) ;
#262 = DIRECTION ( 'NONE',  ( 0.7071067811865520136, -0.0000000000000000000, 0.7071067811865431318 ) ) ;
#263 = ORIENTED_EDGE ( 'NONE', *, *, #3032, .T. ) ;
#264 = LINE ( 'NONE', #6847, #1929 ) ;
#265 = LINE ( 'NONE', #1751, #3222 ) ;
#266 = CARTESIAN_POINT ( 'NONE',  ( -2.770000000000000018, 1.649999999999999911, -0.7947080000000009692 ) ) ;
#267 = CARTESIAN_POINT ( 'NONE',  ( -2.765000000000000124, -1.824999999999989964, 0.1699999999999990130 ) ) ;
#268 = PLANE ( 'NONE',  #1520 ) ;
#269 = CARTESIAN_POINT ( 'NONE',  ( -1.824999999999999956, 1.350000000000000089, 0.1600000000000000033 ) ) ;
#270 = CARTESIAN_POINT ( 'NONE',  ( 2.265000000000000568, -1.199999999999999956, 0.2999999999999981570 ) ) ;
#271 = CARTESIAN_POINT ( 'NONE',  ( 2.477500000000000036, -1.350000000000000089, 0.1549999999999980005 ) ) ;
#272 = LINE ( 'NONE', #1401, #3612 ) ;
#273 = SURFACE_STYLE_USAGE ( .BOTH. , #4005 ) ;
#274 = FACE_OUTER_BOUND ( 'NONE', #6004, .T. ) ;
#275 = DIRECTION ( 'NONE',  ( 0.0000000000000000000, -1.000000000000000000, 2.289834988289389802E-16 ) ) ;
#276 = CARTESIAN_POINT ( 'NONE',  ( 1.162500000000000089, 0.9999999999999988898, 0.07999999999999860001 ) ) ;
#277 = DIRECTION ( 'NONE',  ( -1.000000000000000000, 5.243344273594249610E-32, 2.289834988289389802E-16 ) ) ;
#278 = ORIENTED_EDGE ( 'NONE', *, *, #3504, .T. ) ;
#279 = EDGE_CURVE ( 'NONE', #5491, #5797, #5034, .T. ) ;
#280 = EDGE_CURVE ( 'NONE', #4754, #6183, #7735, .T. ) ;
#281 = LINE ( 'NONE', #5454, #3423 ) ;
#282 = CARTESIAN_POINT ( 'NONE',  ( -2.799999999999999378, 0.8999999999999984679, 0.6750000000000000444 ) ) ;
#283 = ORIENTED_EDGE ( 'NONE', *, *, #6688, .F. ) ;
#284 = PLANE ( 'NONE',  #2442 ) ;
#285 = VECTOR ( 'NONE', #6475, 1000.000000000000000 ) ;
#286 = DIRECTION ( 'NONE',  ( 1.000000000000000000, 0.0000000000000000000, -2.289834988289389802E-16 ) ) ;
#287 = DIRECTION ( 'NONE',  ( -1.000000000000000000, 2.804146475863970139E-32, -2.987057121330055487E-48 ) ) ;
#288 = FACE_OUTER_BOUND ( 'NONE', #6697, .T. ) ;
#289 = ADVANCED_FACE ( 'NONE', ( #6097 ), #3444, .F. ) ;
#291 = AXIS2_PLACEMENT_3D ( 'NONE', #5436, #1778, #1129 ) ;
#290 = DIRECTION ( 'NONE',  ( -2.289834988289389802E-16, 0.0000000000000000000, -1.000000000000000000 ) ) ;
#292 = EDGE_CURVE ( 'NONE', #5738, #7073, #1169, .T. ) ;
#293 = DIRECTION ( 'NONE',  ( -2.289834988289389802E-16, 0.0000000000000000000, -1.000000000000000000 ) ) ;
#294 = CARTESIAN_POINT ( 'NONE',  ( -2.769999999999999574, 0.8999999999999990230, 0.8400000000000099609 ) ) ;
#295 = ORIENTED_EDGE ( 'NONE', *, *, #4339, .F. ) ;
#296 = EDGE_CURVE ( 'NONE', #5879, #5304, #4441, .T. ) ;
#297 = ORIENTED_EDGE ( 'NONE', *, *, #4230, .F. ) ;
#298 = CARTESIAN_POINT ( 'NONE',  ( 1.950000000000000178, 0.9999999999999988898, 0.02999999999999830580 ) ) ;
#299 = DIRECTION ( 'NONE',  ( -0.7071067811865613395, 0.0000000000000000000, 0.7071067811865336949 ) ) ;
#300 = COLOUR_RGB ( '',0.3176470588235293935, 0.2470588235294117752, 0.2078431372549019440 ) ;
#301 = CARTESIAN_POINT ( 'NONE',  ( 1.824999999999999956, 1.350000000000000089, 0.1099999999999979605 ) ) ;
#302 = UNCERTAINTY_MEASURE_WITH_UNIT (LENGTH_MEASURE( 1.000000000000000082E-05 ), #2739, 'distance_accuracy_value', 'NONE');
#303 = EDGE_LOOP ( 'NONE', ( #2930, #1217, #4676, #6781, #7209, #3256, #4925, #1322 ) ) ;
#304 = DIRECTION ( 'NONE',  ( -2.289834988289389802E-16, 1.200639317332289951E-47, -1.000000000000000000 ) ) ;
#305 = ORIENTED_EDGE ( 'NONE', *, *, #4045, .F. ) ;
#306 = PRESENTATION_LAYER_ASSIGNMENT (  '', '', ( #727 ) ) ;
#307 = PLANE ( 'NONE',  #5948 ) ;
#308 = LINE ( 'NONE', #5751, #3442 ) ;
#309 = VECTOR ( 'NONE', #2640, 1000.000000000000000 ) ;
#310 = ORIENTED_EDGE ( 'NONE', *, *, #229, .T. ) ;
#311 = ORIENTED_EDGE ( 'NONE', *, *, #1389, .F. ) ;
#312 = DIRECTION ( 'NONE',  ( -0.0000000000000000000, -1.065228634467009955E-16, -1.000000000000000000 ) ) ;
#313 =( LENGTH_UNIT ( ) NAMED_UNIT ( * ) SI_UNIT ( .MILLI., .METRE. ) );
#314 = CIRCLE ( 'NONE', #3173, 0.05000000000000429101 ) ;
#315 = CARTESIAN_POINT ( 'NONE',  ( -0.5999999999999990896, 0.9999999999999988898, 0.07999999999999926614 ) ) ;
#316 = PLANE ( 'NONE',  #4454 ) ;
#317 = VECTOR ( 'NONE', #3613, 1000.000000000000000 ) ;
#318 = AXIS2_PLACEMENT_3D ( 'NONE', #3238, #7505, #3844 ) ;
#319 = ORIENTED_EDGE ( 'NONE', *, *, #6354, .F. ) ;
#320 = ORIENTED_EDGE ( 'NONE', *, *, #7534, .T. ) ;
#321 = CARTESIAN_POINT ( 'NONE',  ( -1.324999999999999956, 1.350000000000000089, 0.1705002310154649925 ) ) ;
#322 = STYLED_ITEM ( 'NONE', ( #662 ), #2433 ) ;
#323 = ORIENTED_EDGE ( 'NONE', *, *, #4649, .T. ) ;
#324 = CARTESIAN_POINT ( 'NONE',  ( -1.324999999999999956, 1.299999999999990274, 0.1705002310154649925 ) ) ;
#325 = ORIENTED_EDGE ( 'NONE', *, *, #454, .F. ) ;
#326 = CARTESIAN_POINT ( 'NONE',  ( 1.574999999999999956, 0.9999999999999988898, 0.05499999999999839045 ) ) ;
#327 = CARTESIAN_POINT ( 'NONE',  ( -1.824999999999999734, 1.350000000000000089, 0.1599999999999998646 ) ) ;
#328 = ORIENTED_EDGE ( 'NONE', *, *, #7200, .F. ) ;
#329 = VERTEX_POINT ( 'NONE', #4668 ) ;
#330 = CARTESIAN_POINT ( 'NONE',  ( 2.615000000000000213, -1.050000000000000044, 0.5099999999999980105 ) ) ;
#331 = ORIENTED_EDGE ( 'NONE', *, *, #5583, .T. ) ;
#332 = EDGE_CURVE ( 'NONE', #4877, #3153, #894, .T. ) ;
#333 = EDGE_CURVE ( 'NONE', #2746, #1602, #4012, .T. ) ;
#334 = AXIS2_PLACEMENT_3D ( 'NONE', #1549, #5840, #2148 ) ;
#335 = VERTEX_POINT ( 'NONE', #869 ) ;
#336 = DIRECTION ( 'NONE',  ( -1.000000000000000000, 0.0000000000000000000, 2.289834988289389802E-16 ) ) ;
#337 = SURFACE_SIDE_STYLE ('',( #2882 ) ) ;
#338 = COLOUR_RGB ( '',0.3176470588235293935, 0.2470588235294117752, 0.2078431372549019440 ) ;
#339 = PLANE ( 'NONE',  #402 ) ;
#340 = ADVANCED_FACE ( 'NONE', ( #7095 ), #5919, .F. ) ;
#341 = LINE ( 'NONE', #3279, #5080 ) ;
#342 = ORIENTED_EDGE ( 'NONE', *, *, #4156, .F. ) ;
#343 = VERTEX_POINT ( 'NONE', #1039 ) ;
#344 = VECTOR ( 'NONE', #6146, 1000.000000000000000 ) ;
#345 = PLANE ( 'NONE',  #2305 ) ;
#346 = STYLED_ITEM ( 'NONE', ( #1556 ), #2474 ) ;
#347 = VECTOR ( 'NONE', #6048, 1000.000000000000000 ) ;
#348 = EDGE_CURVE ( 'NONE', #1112, #8006, #2547, .T. ) ;
#349 = CARTESIAN_POINT ( 'NONE',  ( -1.324999999999999734, 1.673724317761259961, 0.3099999999999987210 ) ) ;
#350 = CARTESIAN_POINT ( 'NONE',  ( 2.265000000000000568, -1.200000000000001510, 0.2999999999999981015 ) ) ;
#351 = VERTEX_POINT ( 'NONE', #5062 ) ;
#352 = VECTOR ( 'NONE', #1525, 1000.000000000000000 ) ;
#353 = LINE ( 'NONE', #974, #6352 ) ;
#354 = LINE ( 'NONE', #3740, #4059 ) ;
#355 = UNCERTAINTY_MEASURE_WITH_UNIT (LENGTH_MEASURE( 1.000000000000000082E-05 ), #1927, 'distance_accuracy_value', 'NONE');
#356 = APPLICATION_PROTOCOL_DEFINITION ( 'draft international standard', 'automotive_design', 1998, #981 ) ;
#357 = DIRECTION ( 'NONE',  ( 0.0000000000000000000, 0.7071067811865422437, -0.7071067811865529018 ) ) ;
#358 = ORIENTED_EDGE ( 'NONE', *, *, #4243, .T. ) ;
#359 = DIRECTION ( 'NONE',  ( 0.0000000000000000000, 1.065228634467009955E-16, 1.000000000000000000 ) ) ;
#360 =( GEOMETRIC_REPRESENTATION_CONTEXT ( 3 ) GLOBAL_UNCERTAINTY_ASSIGNED_CONTEXT ( ( #3272 ) ) GLOBAL_UNIT_ASSIGNED_CONTEXT ( ( #7462, #7442, #7397 ) ) REPRESENTATION_CONTEXT ( 'NONE', 'WORKASPACE' ) );
#361 = LINE ( 'NONE', #4153, #1834 ) ;
#362 = DIRECTION ( 'NONE',  ( -1.000000000000000000, 5.243344273594249610E-32, 2.289834988289389802E-16 ) ) ;
#363 = VECTOR ( 'NONE', #3259, 1000.000000000000114 ) ;
#364 = EDGE_CURVE ( 'NONE', #1041, #7785, #697, .T. ) ;
#365 = DIRECTION ( 'NONE',  ( 1.000000000000000000, 4.948562843061550213E-17, -2.177367650947074402E-16 ) ) ;
#366 = DIRECTION ( 'NONE',  ( -1.000000000000000000, 5.243344273594249610E-32, 2.289834988289389802E-16 ) ) ;
#367 = ORIENTED_EDGE ( 'NONE', *, *, #2428, .T. ) ;
#368 = VECTOR ( 'NONE', #1893, 1000.000000000000000 ) ;
#369 = VECTOR ( 'NONE', #6282, 1000.000000000000000 ) ;
#371 = CARTESIAN_POINT ( 'NONE',  ( 1.175000000000000044, 0.9199999999999868283, -1.122765075356467901E-15 ) ) ;
#370 = DIRECTION ( 'NONE',  ( 1.000000000000000000, -5.243344273594249610E-32, -2.289834988289389802E-16 ) ) ;
#372 = AXIS2_PLACEMENT_3D ( 'NONE', #3043, #3659, #7945 ) ;
#373 = PRESENTATION_LAYER_ASSIGNMENT (  '', '', ( #7563 ) ) ;
#374 = EDGE_LOOP ( 'NONE', ( #4592, #4293, #7449, #6561 ) ) ;
#375 = FACE_OUTER_BOUND ( 'NONE', #1482, .T. ) ;
#376 = FILL_AREA_STYLE ('',( #2230 ) ) ;
#377 = COLOUR_RGB ( '',0.3176470588235293935, 0.2470588235294117752, 0.2078431372549019440 ) ;
#378 = DIRECTION ( 'NONE',  ( 2.289834988289389802E-16, -0.0000000000000000000, 1.000000000000000000 ) ) ;
#379 = ADVANCED_FACE ( 'NONE', ( #5449 ), #6995, .F. ) ;
#380 = CARTESIAN_POINT ( 'NONE',  ( 2.284999999999999698, -1.800000000000000044, 0.9199999999999981526 ) ) ;
#381 = CIRCLE ( 'NONE', #3261, 0.04999999999999975298 ) ;
#382 = APPLICATION_CONTEXT ( 'automotive_design' ) ;
#383 = DIRECTION ( 'NONE',  ( 2.804146475863970139E-32, 1.000000000000000000, -1.065228634467009955E-16 ) ) ;
#384 = DIRECTION ( 'NONE',  ( -0.7071067811865480168, -7.532303909457070061E-17, -0.7071067811865470176 ) ) ;
#385 = PRESENTATION_STYLE_ASSIGNMENT (( #2521 ) ) ;
#386 =( LENGTH_UNIT ( ) NAMED_UNIT ( * ) SI_UNIT ( .MILLI., .METRE. ) );
#387 = SURFACE_SIDE_STYLE ('',( #1229 ) ) ;
#388 = VERTEX_POINT ( 'NONE', #1997 ) ;
#389 = FILL_AREA_STYLE_COLOUR ( '', #7809 ) ;
#390 = VECTOR ( 'NONE', #2043, 1000.000000000000000 ) ;
#391 = DIRECTION ( 'NONE',  ( -5.243344273594249610E-32, -1.000000000000000000, 1.200639317332292868E-47 ) ) ;
#392 = CARTESIAN_POINT ( 'NONE',  ( 7.084999999999999964, -0.6000000000000009770, 0.3299999999999970179 ) ) ;
#393 = PLANE ( 'NONE',  #7818 ) ;
#394 = EDGE_CURVE ( 'NONE', #4305, #2598, #5625, .T. ) ;
#395 = EDGE_CURVE ( 'NONE', #8006, #2563, #2163, .T. ) ;
#396 = ORIENTED_EDGE ( 'NONE', *, *, #2322, .F. ) ;
#397 = LINE ( 'NONE', #3066, #6990 ) ;
#398 = ORIENTED_EDGE ( 'NONE', *, *, #5585, .T. ) ;
#399 = DIRECTION ( 'NONE',  ( 1.000000000000000000, -5.243344273594249610E-32, -2.289834988289389802E-16 ) ) ;
#400 = ORIENTED_EDGE ( 'NONE', *, *, #3019, .F. ) ;
#402 = AXIS2_PLACEMENT_3D ( 'NONE', #4680, #995, #5326 ) ;
#401 = FILL_AREA_STYLE ('',( #4128 ) ) ;
#403 = DIRECTION ( 'NONE',  ( 0.0000000000000000000, 0.0000000000000000000, -1.000000000000000000 ) ) ;
#404 = EDGE_CURVE ( 'NONE', #1016, #6877, #5252, .T. ) ;
#405 = DIRECTION ( 'NONE',  ( -1.000000000000000000, 5.243344273594249610E-32, 2.289834988289389802E-16 ) ) ;
#406 = EDGE_CURVE ( 'NONE', #5268, #4054, #308, .T. ) ;
#407 = VERTEX_POINT ( 'NONE', #165 ) ;
#408 = ORIENTED_EDGE ( 'NONE', *, *, #5874, .F. ) ;
#409 = DIRECTION ( 'NONE',  ( 2.289834988289389802E-16, -0.0000000000000000000, 1.000000000000000000 ) ) ;
#410 = CARTESIAN_POINT ( 'NONE',  ( -2.452500000000000568, -1.900000000000000133, 0.1300000000000039457 ) ) ;
#411 = CARTESIAN_POINT ( 'NONE',  ( -0.5499999999999971578, 0.9999999999999988898, 0.02999999999999758415 ) ) ;
#412 = DIRECTION ( 'NONE',  ( 0.0000000000000000000, 2.289834988289389802E-16, 1.000000000000000000 ) ) ;
#413 = VECTOR ( 'NONE', #5644, 1000.000000000000000 ) ;
#414 = CARTESIAN_POINT ( 'NONE',  ( 0.6000000000000000888, 0.8499999999999989786, 0.07999999999999866940 ) ) ;
#415 = ADVANCED_FACE ( 'NONE', ( #1790 ), #5119, .T. ) ;
#416 = ORIENTED_EDGE ( 'NONE', *, *, #5489, .F. ) ;
#417 = ORIENTED_EDGE ( 'NONE', *, *, #2575, .T. ) ;
#418 = CARTESIAN_POINT ( 'NONE',  ( 1.175000000000000044, 0.9999999999999988898, 0.07866077735406369620 ) ) ;
#419 =( NAMED_UNIT ( * ) SI_UNIT ( $, .STERADIAN. ) SOLID_ANGLE_UNIT ( ) );
#420 =( GEOMETRIC_REPRESENTATION_CONTEXT ( 3 ) GLOBAL_UNCERTAINTY_ASSIGNED_CONTEXT ( ( #3809 ) ) GLOBAL_UNIT_ASSIGNED_CONTEXT ( ( #386, #4701, #1011 ) ) REPRESENTATION_CONTEXT ( 'NONE', 'WORKASPACE' ) );
#421 = CARTESIAN_POINT ( 'NONE',  ( 1.175000000000000044, 0.9199999999999860512, -1.145680772474119219E-15 ) ) ;
#422 = COLOUR_RGB ( '',0.3176470588235293935, 0.2470588235294117752, 0.2078431372549019440 ) ;
#423 = ORIENTED_EDGE ( 'NONE', *, *, #1967, .T. ) ;
#424 = EDGE_LOOP ( 'NONE', ( #4114, #2538, #1191, #2951, #2208, #1889 ) ) ;
#425 = VERTEX_POINT ( 'NONE', #6389 ) ;
#426 = EDGE_LOOP ( 'NONE', ( #4969, #6819, #766, #2987, #6997, #675, #5083, #4761, #4499, #5638, #4100 ) ) ;
#427 = CARTESIAN_POINT ( 'NONE',  ( 1.324999999999999956, 1.673724317761259961, 0.3099999999999981104 ) ) ;
#428 = CARTESIAN_POINT ( 'NONE',  ( 7.285000000000001030, -1.649999999999999911, 0.7199999999999969758 ) ) ;
#429 = DIRECTION ( 'NONE',  ( 5.243344273594249610E-32, 1.000000000000000000, -1.200639317332292868E-47 ) ) ;
#430 =( GEOMETRIC_REPRESENTATION_CONTEXT ( 3 ) GLOBAL_UNCERTAINTY_ASSIGNED_CONTEXT ( ( #5061 ) ) GLOBAL_UNIT_ASSIGNED_CONTEXT ( ( #673, #4989, #1297 ) ) REPRESENTATION_CONTEXT ( 'NONE', 'WORKASPACE' ) );
#431 = DIRECTION ( 'NONE',  ( 5.326143172335039299E-17, -1.000000000000000000, 5.326143172335107092E-17 ) ) ;
#432 = VECTOR ( 'NONE', #4068, 1000.000000000000000 ) ;
#433 = ORIENTED_EDGE ( 'NONE', *, *, #5269, .T. ) ;
#434 = VERTEX_POINT ( 'NONE', #1251 ) ;
#435 = CARTESIAN_POINT ( 'NONE',  ( 1.324999999999999956, 1.349999999999999867, 0.3099999999999984435 ) ) ;
#436 = ORIENTED_EDGE ( 'NONE', *, *, #7199, .T. ) ;
#437 = LINE ( 'NONE', #2638, #3765 ) ;
#438 = FILL_AREA_STYLE_COLOUR ( '', #4341 ) ;
#439 = CIRCLE ( 'NONE', #6231, 0.02999999999999989828 ) ;
#440 = CARTESIAN_POINT ( 'NONE',  ( 2.770000000000000462, 0.8999999999999980238, 0.8400000000000088507 ) ) ;
#441 = DIRECTION ( 'NONE',  ( 1.000000000000000000, -2.804146475863970139E-32, 2.987057121330055487E-48 ) ) ;
#442 = EDGE_CURVE ( 'NONE', #2746, #1713, #5050, .T. ) ;
#443 = EDGE_CURVE ( 'NONE', #2059, #3591, #1968, .T. ) ;
#444 = ORIENTED_EDGE ( 'NONE', *, *, #2128, .F. ) ;
#445 = VECTOR ( 'NONE', #1045, 1000.000000000000000 ) ;
#446 = CARTESIAN_POINT ( 'NONE',  ( -2.799999999999999822, -1.000000000000000000, 0.5100000000000000089 ) ) ;
#447 = VECTOR ( 'NONE', #5497, 1000.000000000000000 ) ;
#448 = CARTESIAN_POINT ( 'NONE',  ( -1.174999999999999822, 0.9999999999999988898, 0.3099999999999979994 ) ) ;
#449 = VERTEX_POINT ( 'NONE', #3311 ) ;
#450 = DIRECTION ( 'NONE',  ( 1.000000000000000000, 6.753181414994839650E-18, -7.193682217002943262E-34 ) ) ;
#451 = VECTOR ( 'NONE', #7466, 1000.000000000000000 ) ;
#452 = CARTESIAN_POINT ( 'NONE',  ( 2.452500000000000124, -0.8000000000000010436, 0.02999999999999829886 ) ) ;
#453 = STYLED_ITEM ( 'NONE', ( #3774 ), #3013 ) ;
#454 = EDGE_CURVE ( 'NONE', #2476, #7357, #7952, .T. ) ;
#455 =( LENGTH_UNIT ( ) NAMED_UNIT ( * ) SI_UNIT ( .MILLI., .METRE. ) );
#456 = VECTOR ( 'NONE', #1686, 1000.000000000000000 ) ;
#457 = EDGE_CURVE ( 'NONE', #5759, #1511, #1597, .T. ) ;
#458 = DIRECTION ( 'NONE',  ( -5.243344273594249610E-32, -1.000000000000000000, 1.200639317332292868E-47 ) ) ;
#459 = ADVANCED_FACE ( 'NONE', ( #6512 ), #3200, .F. ) ;
#460 = DIRECTION ( 'NONE',  ( 0.0000000000000000000, 0.0000000000000000000, -1.000000000000000000 ) ) ;
#461 = CARTESIAN_POINT ( 'NONE',  ( 1.900000000000001243, 0.8499999999999989786, 0.07999999999999672651 ) ) ;
#462 = ORIENTED_EDGE ( 'NONE', *, *, #7917, .F. ) ;
#463 = ORIENTED_EDGE ( 'NONE', *, *, #1235, .F. ) ;
#464 = LINE ( 'NONE', #1357, #3602 ) ;
#465 = CARTESIAN_POINT ( 'NONE',  ( 0.9500000000000013989, 0.6999999999999984013, 0.02999999999999847580 ) ) ;
#466 = AXIS2_PLACEMENT_3D ( 'NONE', #2751, #2788, #2818 ) ;
#467 = CARTESIAN_POINT ( 'NONE',  ( 1.550000000000000488, 0.6999999999999999556, 0.02999999999999858336 ) ) ;
#468 = ORIENTED_EDGE ( 'NONE', *, *, #2890, .T. ) ;
#469 = ORIENTED_EDGE ( 'NONE', *, *, #6515, .F. ) ;
#470 = LINE ( 'NONE', #7427, #5215 ) ;
#471 = DIRECTION ( 'NONE',  ( -1.000000000000000000, 5.243344273594249610E-32, 2.289834988289389802E-16 ) ) ;
#472 = FACE_OUTER_BOUND ( 'NONE', #7860, .T. ) ;
#473 = DIRECTION ( 'NONE',  ( -2.289834988289389802E-16, 0.0000000000000000000, -1.000000000000000000 ) ) ;
#474 = DIRECTION ( 'NONE',  ( 0.0000000000000000000, -2.289834988289389802E-16, -1.000000000000000000 ) ) ;
#475 =( GEOMETRIC_REPRESENTATION_CONTEXT ( 3 ) GLOBAL_UNCERTAINTY_ASSIGNED_CONTEXT ( ( #4907 ) ) GLOBAL_UNIT_ASSIGNED_CONTEXT ( ( #1767, #6065, #2359 ) ) REPRESENTATION_CONTEXT ( 'NONE', 'WORKASPACE' ) );
#476 = DIRECTION ( 'NONE',  ( 1.000000000000000000, -5.243344273594249610E-32, -2.289834988289389802E-16 ) ) ;
#477 = CARTESIAN_POINT ( 'NONE',  ( -2.765000000000000124, -1.000000000000000000, 0.8199999999999999512 ) ) ;
#478 = VERTEX_POINT ( 'NONE', #6314 ) ;
#479 = LINE ( 'NONE', #4792, #6686 ) ;
#480 = VECTOR ( 'NONE', #4129, 1000.000000000000000 ) ;
#481 = DIRECTION ( 'NONE',  ( 1.028460151068424284E-30, -1.028460151068413950E-30, 1.000000000000000000 ) ) ;
#482 = DIRECTION ( 'NONE',  ( 1.000000000000000000, -0.0000000000000000000, -2.289834988289389802E-16 ) ) ;
#483 = EDGE_LOOP ( 'NONE', ( #3467, #6016, #2841, #2294 ) ) ;
#484 = EDGE_CURVE ( 'NONE', #6371, #6328, #3067, .T. ) ;
#485 = ORIENTED_EDGE ( 'NONE', *, *, #751, .F. ) ;
#486 = EDGE_CURVE ( 'NONE', #883, #2582, #1387, .T. ) ;
#487 = FACE_OUTER_BOUND ( 'NONE', #5282, .T. ) ;
#488 = AXIS2_PLACEMENT_3D ( 'NONE', #634, #7412, #7434 ) ;
#489 = PLANE ( 'NONE',  #7063 ) ;
#490 = VECTOR ( 'NONE', #3345, 1000.000000000000000 ) ;
#491 = CARTESIAN_POINT ( 'NONE',  ( 2.765000000000000124, -1.000000000000000000, 0.3299999999999980727 ) ) ;
#492 = VERTEX_POINT ( 'NONE', #5632 ) ;
#493 = ORIENTED_EDGE ( 'NONE', *, *, #7584, .F. ) ;
#494 = VERTEX_POINT ( 'NONE', #6378 ) ;
#495 = CARTESIAN_POINT ( 'NONE',  ( 1.324999999999999956, 1.249999999999990008, -1.328147661294742932E-15 ) ) ;
#496 = ADVANCED_FACE ( 'NONE', ( #4654 ), #5566, .F. ) ;
#497 = DIRECTION ( 'NONE',  ( 0.0000000000000000000, 0.0000000000000000000, -1.000000000000000000 ) ) ;
#498 = VECTOR ( 'NONE', #2897, 1000.000000000000000 ) ;
#499 = DIRECTION ( 'NONE',  ( 0.7071067811865431318, -7.532303909457139086E-17, -0.7071067811865520136 ) ) ;
#500 = EDGE_CURVE ( 'NONE', #33, #6182, #7555, .T. ) ;
#501 = ORIENTED_EDGE ( 'NONE', *, *, #1526, .T. ) ;
#502 = ORIENTED_EDGE ( 'NONE', *, *, #176, .F. ) ;
#503 = DIRECTION ( 'NONE',  ( 1.000000000000000000, 0.0000000000000000000, -2.289834988289389802E-16 ) ) ;
#504 = CARTESIAN_POINT ( 'NONE',  ( -2.384999999999998010, -1.899999999999999911, 1.050000000000000044 ) ) ;
#505 = VECTOR ( 'NONE', #5734, 1000.000000000000000 ) ;
#506 = DIRECTION ( 'NONE',  ( -1.000000000000000000, 5.243344273594249610E-32, 0.0000000000000000000 ) ) ;
#507 = DIRECTION ( 'NONE',  ( -2.289834988289389802E-16, 0.0000000000000000000, -1.000000000000000000 ) ) ;
#508 = CARTESIAN_POINT ( 'NONE',  ( -2.265000000000000124, -1.780000000000000027, 0.1888888888888859974 ) ) ;
#509 = CARTESIAN_POINT ( 'NONE',  ( -2.602500000000000036, -1.000000000000000222, 0.3299999999999997935 ) ) ;
#510 = ORIENTED_EDGE ( 'NONE', *, *, #5572, .T. ) ;
#511 = VERTEX_POINT ( 'NONE', #3786 ) ;
#513 = PRESENTATION_LAYER_ASSIGNMENT (  '', '', ( #7702 ) ) ;
#512 = DIRECTION ( 'NONE',  ( -2.289834988289389802E-16, 0.0000000000000000000, -1.000000000000000000 ) ) ;
#514 = AXIS2_PLACEMENT_3D ( 'NONE', #6560, #383, #1490 ) ;
#515 = DIRECTION ( 'NONE',  ( 0.0000000000000000000, -2.289834988289389802E-16, -1.000000000000000000 ) ) ;
#516 = EDGE_CURVE ( 'NONE', #572, #3271, #4277, .T. ) ;
#517 = LINE ( 'NONE', #495, #3647 ) ;
#518 = LINE ( 'NONE', #5471, #6125 ) ;
#519 = CARTESIAN_POINT ( 'NONE',  ( -2.265000000000001457, -1.099999999999989653, 0.7199999999999993072 ) ) ;
#520 = DIRECTION ( 'NONE',  ( -0.0000000000000000000, -0.9982048454657787007, -0.05989229072794666903 ) ) ;
#521 = ORIENTED_EDGE ( 'NONE', *, *, #5721, .T. ) ;
#522 = ORIENTED_EDGE ( 'NONE', *, *, #7645, .T. ) ;
#523 = SURFACE_STYLE_USAGE ( .BOTH. , #4236 ) ;
#524 = VERTEX_POINT ( 'NONE', #5153 ) ;
#525 = DIRECTION ( 'NONE',  ( 2.804146475863970139E-32, 1.000000000000000000, -1.065228634467009955E-16 ) ) ;
#526 = PRESENTATION_STYLE_ASSIGNMENT (( #5766 ) ) ;
#527 = ORIENTED_EDGE ( 'NONE', *, *, #7008, .F. ) ;
#528 = AXIS2_PLACEMENT_3D ( 'NONE', #7698, #4026, #290 ) ;
#529 = VERTEX_POINT ( 'NONE', #4418 ) ;
#530 = EDGE_LOOP ( 'NONE', ( #2090, #6308, #6393, #938 ) ) ;
#531 = PRESENTATION_LAYER_ASSIGNMENT (  '', '', ( #947 ) ) ;
#532 = DIRECTION ( 'NONE',  ( 0.0000000000000000000, 0.7071067811865417996, -0.7071067811865532349 ) ) ;
#533 = ORIENTED_EDGE ( 'NONE', *, *, #4084, .F. ) ;
#534 = ORIENTED_EDGE ( 'NONE', *, *, #7866, .T. ) ;
#535 = VECTOR ( 'NONE', #3100, 1000.000000000000000 ) ;
#536 = DIRECTION ( 'NONE',  ( -2.804146475863970139E-32, -1.000000000000000000, 1.065228634467009955E-16 ) ) ;
#537 = FACE_OUTER_BOUND ( 'NONE', #2339, .T. ) ;
#538 = ORIENTED_EDGE ( 'NONE', *, *, #3247, .T. ) ;
#539 = DIRECTION ( 'NONE',  ( -0.5144957554275261247, -0.5144957554275261247, 0.6859943405700358321 ) ) ;
#540 =( NAMED_UNIT ( * ) SI_UNIT ( $, .STERADIAN. ) SOLID_ANGLE_UNIT ( ) );
#541 = ORIENTED_EDGE ( 'NONE', *, *, #4423, .T. ) ;
#542 = VECTOR ( 'NONE', #550, 1000.000000000000000 ) ;
#543 = ADVANCED_FACE ( 'NONE', ( #1184 ), #6346, .T. ) ;
#544 = PRESENTATION_LAYER_ASSIGNMENT (  '', '', ( #96 ) ) ;
#545 = DIRECTION ( 'NONE',  ( -1.000000000000000000, 2.804146475863970139E-32, -2.987057121330055487E-48 ) ) ;
#546 = PRESENTATION_STYLE_ASSIGNMENT (( #4366 ) ) ;
#547 = VECTOR ( 'NONE', #3012, 1000.000000000000000 ) ;
#548 = DIRECTION ( 'NONE',  ( -1.000000000000000000, 2.804146475863970139E-32, -2.987057121330055487E-48 ) ) ;
#549 = ORIENTED_EDGE ( 'NONE', *, *, #4061, .F. ) ;
#550 = DIRECTION ( 'NONE',  ( -6.123031769111880128E-17, 6.123031769111880128E-17, -1.000000000000000000 ) ) ;
#551 = VECTOR ( 'NONE', #4608, 1000.000000000000000 ) ;
#552 = DIRECTION ( 'NONE',  ( 1.000000000000000000, -2.804146475863970139E-32, 2.987057121330055487E-48 ) ) ;
#553 = LINE ( 'NONE', #3112, #6940 ) ;
#554 = EDGE_CURVE ( 'NONE', #3233, #529, #5916, .T. ) ;
#555 = EDGE_CURVE ( 'NONE', #5288, #4374, #2862, .T. ) ;
#556 = CARTESIAN_POINT ( 'NONE',  ( -1.324999999999999956, 0.9431866336109969717, 0.06541154699933876548 ) ) ;
#557 = ORIENTED_EDGE ( 'NONE', *, *, #7693, .F. ) ;
#558 = SURFACE_SIDE_STYLE ('',( #7726 ) ) ;
#559 = SURFACE_STYLE_FILL_AREA ( #964 ) ;
#560 = CARTESIAN_POINT ( 'NONE',  ( -2.770000000000000018, 0.4600000000000005196, 0.8900000000000003464 ) ) ;
#561 = ADVANCED_FACE ( 'NONE', ( #5725 ), #831, .T. ) ;
#562 = SURFACE_SIDE_STYLE ('',( #1564 ) ) ;
#563 = AXIS2_PLACEMENT_3D ( 'NONE', #6913, #3253, #7520 ) ;
#564 = ORIENTED_EDGE ( 'NONE', *, *, #4431, .F. ) ;
#565 = EDGE_CURVE ( 'NONE', #5295, #2117, #1872, .T. ) ;
#566 = CARTESIAN_POINT ( 'NONE',  ( 2.765000000000000124, -1.600000000000000089, 0.1199999999999979972 ) ) ;
#567 = LINE ( 'NONE', #6127, #7335 ) ;
#568 = EDGE_CURVE ( 'NONE', #7604, #6517, #197, .T. ) ;
#569 = CARTESIAN_POINT ( 'NONE',  ( 1.675000000000000044, 0.9431866336109966387, 0.06541154699933766914 ) ) ;
#570 = FACE_OUTER_BOUND ( 'NONE', #6509, .T. ) ;
#571 = CARTESIAN_POINT ( 'NONE',  ( 4.325000000000000178, 0.9999999999999988898, 0.3099999999999979994 ) ) ;
#572 = VERTEX_POINT ( 'NONE', #7578 ) ;
#573 = VECTOR ( 'NONE', #2185, 1000.000000000000000 ) ;
#574 = DIRECTION ( 'NONE',  ( -1.000000000000000000, -0.0000000000000000000, 2.289834988289389802E-16 ) ) ;
#575 = LINE ( 'NONE', #6891, #2040 ) ;
#576 = AXIS2_PLACEMENT_3D ( 'NONE', #5464, #7269, #6740 ) ;
#577 = CARTESIAN_POINT ( 'NONE',  ( -2.765000000000000124, -1.749999999999990008, 0.3752010000000010059 ) ) ;
#578 = AXIS2_PLACEMENT_3D ( 'NONE', #7541, #3886, #124 ) ;
#579 = VECTOR ( 'NONE', #4898, 1000.000000000000000 ) ;
#580 = SURFACE_STYLE_FILL_AREA ( #3657 ) ;
#581 = ADVANCED_FACE ( 'NONE', ( #3542 ), #941, .F. ) ;
#582 = CARTESIAN_POINT ( 'NONE',  ( -3.000000000000000000, 0.9999999999999988898, 0.07999999999999950206 ) ) ;
#583 = ORIENTED_EDGE ( 'NONE', *, *, #5155, .T. ) ;
#584 = LINE ( 'NONE', #6357, #390 ) ;
#585 = CARTESIAN_POINT ( 'NONE',  ( -1.550000000000000488, 0.6999999999999977351, 0.02999999999999902744 ) ) ;
#586 = AXIS2_PLACEMENT_3D ( 'NONE', #1078, #7267, #3608 ) ;
#587 = SURFACE_SIDE_STYLE ('',( #1029 ) ) ;
#588 = CARTESIAN_POINT ( 'NONE',  ( -1.824999999999999956, 0.9999999999999988898, 0.07866077735406448723 ) ) ;
#589 = ORIENTED_EDGE ( 'NONE', *, *, #126, .T. ) ;
#590 = VERTEX_POINT ( 'NONE', #2687 ) ;
#591 = DIRECTION ( 'NONE',  ( -2.232893331421829163E-16, 0.2216211035889688874, -0.9751328557914595851 ) ) ;
#592 = LINE ( 'NONE', #2867, #5345 ) ;
#593 = EDGE_CURVE ( 'NONE', #2353, #5031, #4942, .T. ) ;
#594 = EDGE_CURVE ( 'NONE', #7246, #6553, #1691, .T. ) ;
#595 = PRODUCT_DEFINITION_FORMATION_WITH_SPECIFIED_SOURCE ( 'ANY', '', #1064, .NOT_KNOWN. ) ;
#596 = ADVANCED_FACE ( 'NONE', ( #5145 ), #3984, .T. ) ;
#597 = ORIENTED_EDGE ( 'NONE', *, *, #5077, .T. ) ;
#598 = ORIENTED_EDGE ( 'NONE', *, *, #3341, .F. ) ;
#599 = ADVANCED_FACE ( 'NONE', ( #6402 ), #2057, .T. ) ;
#600 = CARTESIAN_POINT ( 'NONE',  ( 2.765000000000000124, -1.799999999999990274, 0.5199999999999997957 ) ) ;
#601 = PLANE ( 'NONE',  #5581 ) ;
#602 = CARTESIAN_POINT ( 'NONE',  ( 0.8250000000000019540, 1.245779075397750235, -1.002887009549091601E-15 ) ) ;
#603 = EDGE_LOOP ( 'NONE', ( #583, #6443, #4470, #4550 ) ) ;
#604 = ORIENTED_EDGE ( 'NONE', *, *, #6171, .F. ) ;
#605 = AXIS2_PLACEMENT_3D ( 'NONE', #7823, #4140, #412 ) ;
#606 = CARTESIAN_POINT ( 'NONE',  ( 1.425000000000000044, 0.8499999999999999778, 0.05499999999999839739 ) ) ;
#607 = EDGE_CURVE ( 'NONE', #5559, #7085, #2540, .T. ) ;
#608 = CARTESIAN_POINT ( 'NONE',  ( -2.765000000000000124, -1.600000000000000089, 0.05000000000000040523 ) ) ;
#609 = EDGE_CURVE ( 'NONE', #7812, #2779, #4187, .T. ) ;
#610 = VECTOR ( 'NONE', #1836, 1000.000000000000000 ) ;
#611 = ORIENTED_EDGE ( 'NONE', *, *, #6982, .T. ) ;
#612 = ORIENTED_EDGE ( 'NONE', *, *, #6026, .T. ) ;
#613 = PLANE ( 'NONE',  #6909 ) ;
#614 = CARTESIAN_POINT ( 'NONE',  ( 1.324999999999999956, 1.299999999999990274, 0.1705002310154649925 ) ) ;
#615 = DIRECTION ( 'NONE',  ( 1.000000000000000000, -5.243344273594249610E-32, -2.289834988289389802E-16 ) ) ;
#616 = DIRECTION ( 'NONE',  ( -0.6263843656413516925, -0.6263843656413528027, -0.4639884189935793435 ) ) ;
#617 = ADVANCED_FACE ( 'NONE', ( #4002 ), #968, .T. ) ;
#619 = PRESENTATION_LAYER_ASSIGNMENT (  '', '', ( #7816 ) ) ;
#618 = DIRECTION ( 'NONE',  ( 0.0000000000000000000, -2.289834988289389802E-16, -1.000000000000000000 ) ) ;
#620 = FACE_OUTER_BOUND ( 'NONE', #3598, .T. ) ;
#621 = ORIENTED_EDGE ( 'NONE', *, *, #4741, .F. ) ;
#622 = MECHANICAL_DESIGN_GEOMETRIC_PRESENTATION_REPRESENTATION (  '', ( #7403 ), #1043 ) ;
#623 = VERTEX_POINT ( 'NONE', #1350 ) ;
#624 = ORIENTED_EDGE ( 'NONE', *, *, #1816, .T. ) ;
#625 = EDGE_CURVE ( 'NONE', #6508, #4215, #886, .T. ) ;
#626 = ORIENTED_EDGE ( 'NONE', *, *, #6794, .T. ) ;
#627 = VECTOR ( 'NONE', #4985, 1000.000000000000000 ) ;
#628 = LINE ( 'NONE', #2162, #2086 ) ;
#629 = ORIENTED_EDGE ( 'NONE', *, *, #6254, .F. ) ;
#630 = ORIENTED_EDGE ( 'NONE', *, *, #7792, .F. ) ;
#631 = DIRECTION ( 'NONE',  ( -2.749265917143365229E-63, -1.000000000000000000, -1.200639317332289951E-47 ) ) ;
#632 = VERTEX_POINT ( 'NONE', #1975 ) ;
#633 = VECTOR ( 'NONE', #1988, 1000.000000000000000 ) ;
#634 = CARTESIAN_POINT ( 'NONE',  ( -1.324999999999999956, 1.350000000000000089, 0.1099999999999990014 ) ) ;
#635 =( GEOMETRIC_REPRESENTATION_CONTEXT ( 3 ) GLOBAL_UNCERTAINTY_ASSIGNED_CONTEXT ( ( #302 ) ) GLOBAL_UNIT_ASSIGNED_CONTEXT ( ( #2739, #7051, #3380 ) ) REPRESENTATION_CONTEXT ( 'NONE', 'WORKASPACE' ) );
#636 = AXIS2_PLACEMENT_3D ( 'NONE', #1506, #2200, #1386 ) ;
#637 = DIRECTION ( 'NONE',  ( 0.0000000000000000000, 0.0000000000000000000, 1.000000000000000000 ) ) ;
#638 = EDGE_LOOP ( 'NONE', ( #7760, #3789, #433, #2278 ) ) ;
#639 = VECTOR ( 'NONE', #7789, 1000.000000000000227 ) ;
#640 = CARTESIAN_POINT ( 'NONE',  ( 0.07500000000000020539, 0.8499999999999989786, 0.05499999999999909822 ) ) ;
#641 = ADVANCED_FACE ( 'NONE', ( #2343 ), #393, .T. ) ;
#642 = DIRECTION ( 'NONE',  ( 0.0000000000000000000, 0.9990138064662085204, 0.04440061362072340173 ) ) ;
#643 = LINE ( 'NONE', #3630, #3957 ) ;
#644 = DIRECTION ( 'NONE',  ( 0.0000000000000000000, 1.065228634467009955E-16, 1.000000000000000000 ) ) ;
#645 = COLOUR_RGB ( '',0.3176470588235293935, 0.2470588235294117752, 0.2078431372549019440 ) ;
#646 = CARTESIAN_POINT ( 'NONE',  ( -3.000000000000000000, -0.8000000000000021538, 0.8416139999999999732 ) ) ;
#647 = CARTESIAN_POINT ( 'NONE',  ( 2.719999999999999307, 0.5100000000000000089, 0.9399999999999989475 ) ) ;
#648 = DIRECTION ( 'NONE',  ( 0.0000000000000000000, -1.065228634467009955E-16, -1.000000000000000000 ) ) ;
#649 = MECHANICAL_DESIGN_GEOMETRIC_PRESENTATION_REPRESENTATION (  '', ( #7423 ), #1063 ) ;
#650 = CARTESIAN_POINT ( 'NONE',  ( 1.175000000000000044, 1.249999999999990008, -1.219727444046192488E-15 ) ) ;
#651 = ORIENTED_EDGE ( 'NONE', *, *, #7709, .F. ) ;
#652 = ORIENTED_EDGE ( 'NONE', *, *, #2985, .T. ) ;
#653 = VECTOR ( 'NONE', #3129, 1000.000000000000000 ) ;
#654 = LINE ( 'NONE', #2318, #456 ) ;
#655 = CARTESIAN_POINT ( 'NONE',  ( -2.765000000000000124, -1.100000000000000089, 0.5100000000000000089 ) ) ;
#656 = ORIENTED_EDGE ( 'NONE', *, *, #7199, .F. ) ;
#657 = VECTOR ( 'NONE', #262, 999.9999999999998863 ) ;
#658 = CARTESIAN_POINT ( 'NONE',  ( 2.433678328689710124, -0.8000000000000010436, 0.07999999999999810041 ) ) ;
#659 = EDGE_CURVE ( 'NONE', #4303, #6340, #5442, .T. ) ;
#660 = EDGE_CURVE ( 'NONE', #7576, #3435, #3818, .T. ) ;
#661 = CYLINDRICAL_SURFACE ( 'NONE', #1891, 0.02999999999999989828 ) ;
#662 = PRESENTATION_STYLE_ASSIGNMENT (( #7628 ) ) ;
#663 =( BOUNDED_CURVE ( )  B_SPLINE_CURVE ( 3, ( #4715, #1671, #6600, #2929 ),
 .UNSPECIFIED., .F., .F. ) 
 B_SPLINE_CURVE_WITH_KNOTS ( ( 4, 4 ),
 ( 4.712388980384688786, 6.283185307179586232 ),
 .UNSPECIFIED. ) 
 CURVE ( )  GEOMETRIC_REPRESENTATION_ITEM ( )  RATIONAL_B_SPLINE_CURVE ( ( 1.000000000000000000, 0.8047378541243648264, 0.8047378541243648264, 1.000000000000000000 ) ) 
 REPRESENTATION_ITEM ( '' )  );
#664 = ORIENTED_EDGE ( 'NONE', *, *, #6527, .F. ) ;
#665 = ORIENTED_EDGE ( 'NONE', *, *, #6101, .F. ) ;
#666 = LINE ( 'NONE', #1139, #3790 ) ;
#667 = CARTESIAN_POINT ( 'NONE',  ( 2.765000000000000124, 0.7999999999999990452, 0.8199999999999979527 ) ) ;
#668 = AXIS2_PLACEMENT_3D ( 'NONE', #1518, #1550, #5841 ) ;
#669 = EDGE_CURVE ( 'NONE', #5754, #3153, #7272, .T. ) ;
#670 = DIRECTION ( 'NONE',  ( 0.0000000000000000000, 0.0000000000000000000, -1.000000000000000000 ) ) ;
#671 = FILL_AREA_STYLE ('',( #6210 ) ) ;
#672 = EDGE_CURVE ( 'NONE', #3836, #3847, #6881, .T. ) ;
#673 =( LENGTH_UNIT ( ) NAMED_UNIT ( * ) SI_UNIT ( .MILLI., .METRE. ) );
#674 = CARTESIAN_POINT ( 'NONE',  ( 2.265000000000000124, -1.800000000000000266, 1.050000000000000044 ) ) ;
#675 = ORIENTED_EDGE ( 'NONE', *, *, #3342, .T. ) ;
#676 =( LENGTH_UNIT ( ) NAMED_UNIT ( * ) SI_UNIT ( .MILLI., .METRE. ) );
#677 = ADVANCED_FACE ( 'NONE', ( #3635 ), #4168, .T. ) ;
#678 = AXIS2_PLACEMENT_3D ( 'NONE', #4377, #6868, #3214 ) ;
#680 = DIRECTION ( 'NONE',  ( 1.000000000000000000, -0.0000000000000000000, -2.289834988289389802E-16 ) ) ;
#679 = CARTESIAN_POINT ( 'NONE',  ( 4.825000000000000178, 0.9999999999999988898, 0.07999999999999858613 ) ) ;
#681 = ORIENTED_EDGE ( 'NONE', *, *, #2651, .T. ) ;
#682 = DIRECTION ( 'NONE',  ( -1.000000000000000000, -5.064598682745559595E-17, 2.171725397418661469E-16 ) ) ;
#683 = VECTOR ( 'NONE', #4617, 1000.000000000000000 ) ;
#684 = LINE ( 'NONE', #3320, #3995 ) ;
#685 = ORIENTED_EDGE ( 'NONE', *, *, #6514, .F. ) ;
#686 = ORIENTED_EDGE ( 'NONE', *, *, #669, .F. ) ;
#687 = PLANE ( 'NONE',  #5461 ) ;
#688 = STYLED_ITEM ( 'NONE', ( #1999 ), #7166 ) ;
#689 = CARTESIAN_POINT ( 'NONE',  ( 0.1625000000000020040, 0.9199999999999990408, 0.07999999999999909961 ) ) ;
#690 = VECTOR ( 'NONE', #2297, 1000.000000000000000 ) ;
#691 = DIRECTION ( 'NONE',  ( 1.000000000000000000, -5.243344273594249610E-32, -2.289834988289389802E-16 ) ) ;
#692 = CARTESIAN_POINT ( 'NONE',  ( 2.265000000000000124, -1.099999999999994982, 0.7199999999999983080 ) ) ;
#693 = DIRECTION ( 'NONE',  ( 0.0000000000000000000, 0.0000000000000000000, 1.000000000000000000 ) ) ;
#694 = CARTESIAN_POINT ( 'NONE',  ( 2.615000000000000213, -1.464196000000000053, 0.5199999999999990186 ) ) ;
#695 = ORIENTED_EDGE ( 'NONE', *, *, #7598, .F. ) ;
#696 = ORIENTED_EDGE ( 'NONE', *, *, #859, .T. ) ;
#697 = LINE ( 'NONE', #2913, #505 ) ;
#698 = CARTESIAN_POINT ( 'NONE',  ( 2.602499999999999591, -1.749999999999999334, 0.6149999999999979927 ) ) ;
#699 = EDGE_CURVE ( 'NONE', #2459, #6486, #1379, .T. ) ;
#700 = EDGE_CURVE ( 'NONE', #5421, #7012, #7745, .T. ) ;
#701 = ORIENTED_EDGE ( 'NONE', *, *, #5188, .T. ) ;
#702 = CARTESIAN_POINT ( 'NONE',  ( -0.8249999999999979572, 0.9199999999999868283, -5.582571442156824847E-16 ) ) ;
#703 = ORIENTED_EDGE ( 'NONE', *, *, #1715, .F. ) ;
#705 = DIRECTION ( 'NONE',  ( -1.000000000000000000, 5.243344273594249610E-32, 2.289834988289389802E-16 ) ) ;
#704 = DIRECTION ( 'NONE',  ( 0.0000000000000000000, -0.8872168012345952315, -0.4613527366419891140 ) ) ;
#706 = CARTESIAN_POINT ( 'NONE',  ( -2.799999999999999822, -1.000000000000000000, 0.3300000000000000155 ) ) ;
#707 = LINE ( 'NONE', #446, #4019 ) ;
#708 = CIRCLE ( 'NONE', #6879, 0.05000000000000070360 ) ;
#709 = ORIENTED_EDGE ( 'NONE', *, *, #348, .T. ) ;
#710 = ORIENTED_EDGE ( 'NONE', *, *, #2575, .F. ) ;
#711 = MECHANICAL_DESIGN_GEOMETRIC_PRESENTATION_REPRESENTATION (  '', ( #7911 ), #1127 ) ;
#712 = CARTESIAN_POINT ( 'NONE',  ( 2.765000000000000124, -1.228897383693329903, 0.3699999999999989964 ) ) ;
#713 = EDGE_CURVE ( 'NONE', #7704, #3465, #6109, .T. ) ;
#714 = ORIENTED_EDGE ( 'NONE', *, *, #4280, .T. ) ;
#715 = EDGE_CURVE ( 'NONE', #2316, #5714, #1176, .T. ) ;
#716 = SURFACE_STYLE_FILL_AREA ( #6946 ) ;
#717 = ADVANCED_FACE ( 'NONE', ( #988 ), #7739, .F. ) ;
#718 = FACE_OUTER_BOUND ( 'NONE', #5847, .T. ) ;
#719 = ORIENTED_EDGE ( 'NONE', *, *, #5951, .T. ) ;
#720 = CARTESIAN_POINT ( 'NONE',  ( -2.799999999999999822, -1.000000000000000888, 0.3299999999999990163 ) ) ;
#721 = ORIENTED_EDGE ( 'NONE', *, *, #7430, .T. ) ;
#722 = VERTEX_POINT ( 'NONE', #2949 ) ;
#723 = DIRECTION ( 'NONE',  ( -0.0000000000000000000, 1.065228634467009955E-16, 1.000000000000000000 ) ) ;
#724 = ORIENTED_EDGE ( 'NONE', *, *, #2417, .F. ) ;
#725 = CARTESIAN_POINT ( 'NONE',  ( 2.765000000000000124, -1.749999999999990008, 0.4199999999999989853 ) ) ;
#726 = ORIENTED_EDGE ( 'NONE', *, *, #7186, .F. ) ;
#727 = STYLED_ITEM ( 'NONE', ( #4176 ), #1190 ) ;
#728 = LINE ( 'NONE', #3805, #4042 ) ;
#729 = EDGE_LOOP ( 'NONE', ( #5944, #3637, #2047, #3191, #1199, #1279 ) ) ;
#730 = DIRECTION ( 'NONE',  ( 2.804146475863970139E-32, 1.000000000000000000, -1.065228634467009955E-16 ) ) ;
#731 =( NAMED_UNIT ( * ) SI_UNIT ( $, .STERADIAN. ) SOLID_ANGLE_UNIT ( ) );
#732 = ORIENTED_EDGE ( 'NONE', *, *, #660, .F. ) ;
#733 = LINE ( 'NONE', #6718, #542 ) ;
#734 = FACE_OUTER_BOUND ( 'NONE', #4105, .T. ) ;
#735 = CARTESIAN_POINT ( 'NONE',  ( 2.264999999999999680, -0.7000000000000085043, 0.6899999999999988365 ) ) ;
#736 = DIRECTION ( 'NONE',  ( 0.7071067811865336949, -0.7071067811865613395, 0.0000000000000000000 ) ) ;
#737 = CARTESIAN_POINT ( 'NONE',  ( 2.770000000000000018, 1.900000000000000355, 0.5999999999999984235 ) ) ;
#738 = ORIENTED_EDGE ( 'NONE', *, *, #3912, .F. ) ;
#739 = PRESENTATION_LAYER_ASSIGNMENT (  '', '', ( #322 ) ) ;
#740 = VECTOR ( 'NONE', #6467, 1000.000000000000000 ) ;
#741 = LINE ( 'NONE', #4278, #5496 ) ;
#742 = DIRECTION ( 'NONE',  ( 0.0000000000000000000, 0.0000000000000000000, 1.000000000000000000 ) ) ;
#743 = PLANE ( 'NONE',  #5696 ) ;
#744 = DIRECTION ( 'NONE',  ( -1.000000000000000000, -0.0000000000000000000, -0.0000000000000000000 ) ) ;
#745 = PLANE ( 'NONE',  #1054 ) ;
#746 = ORIENTED_EDGE ( 'NONE', *, *, #4573, .F. ) ;
#747 = CARTESIAN_POINT ( 'NONE',  ( 1.450000000000000400, 0.6999999999999985123, 0.02999999999999836478 ) ) ;
#748 = CARTESIAN_POINT ( 'NONE',  ( -1.662500000000000089, 0.9999999999999988898, 0.07999999999999940492 ) ) ;
#749 = LINE ( 'NONE', #4036, #7148 ) ;
#750 = EDGE_CURVE ( 'NONE', #5369, #4215, #5908, .T. ) ;
#751 = EDGE_CURVE ( 'NONE', #425, #1112, #4448, .T. ) ;
#752 = AXIS2_PLACEMENT_3D ( 'NONE', #6441, #7069, #3401 ) ;
#753 = VERTEX_POINT ( 'NONE', #4628 ) ;
#754 = VECTOR ( 'NONE', #6099, 1000.000000000000000 ) ;
#755 = VECTOR ( 'NONE', #3249, 1000.000000000000341 ) ;
#756 = ADVANCED_FACE ( 'NONE', ( #2443 ), #5376, .F. ) ;
#757 = CARTESIAN_POINT ( 'NONE',  ( 0.8250000000000019540, 0.9999999999999988898, 0.07866077735406379334 ) ) ;
#759 = AXIS2_PLACEMENT_3D ( 'NONE', #5209, #2132, #6448 ) ;
#758 = DIRECTION ( 'NONE',  ( 1.000000000000000000, -0.0000000000000000000, -2.289834988289389802E-16 ) ) ;
#760 = ORIENTED_EDGE ( 'NONE', *, *, #1047, .T. ) ;
#761 = EDGE_CURVE ( 'NONE', #4399, #6043, #5716, .T. ) ;
#762 = LINE ( 'NONE', #3450, #573 ) ;
#763 = FACE_OUTER_BOUND ( 'NONE', #4553, .T. ) ;
#764 =( NAMED_UNIT ( * ) PLANE_ANGLE_UNIT ( ) SI_UNIT ( $, .RADIAN. ) );
#765 = DIRECTION ( 'NONE',  ( 0.7071067811865431318, 7.532303909457121830E-17, 0.7071067811865520136 ) ) ;
#766 = ORIENTED_EDGE ( 'NONE', *, *, #5842, .T. ) ;
#767 = CARTESIAN_POINT ( 'NONE',  ( -2.799999999999997158, 0.8999999999999978018, 1.000000000000000222 ) ) ;
#768 = CARTESIAN_POINT ( 'NONE',  ( 1.850000000000000089, 0.9999999999999988898, 0.3099999999999980549 ) ) ;
#769 = AXIS2_PLACEMENT_3D ( 'NONE', #5194, #5808, #2119 ) ;
#770 = SURFACE_STYLE_USAGE ( .BOTH. , #4463 ) ;
#771 = CARTESIAN_POINT ( 'NONE',  ( 1.599999999999999867, 0.9999999999999988898, 0.07999999999999836409 ) ) ;
#772 = DIRECTION ( 'NONE',  ( -5.243344273594270410E-32, 1.000000000000000000, -2.289834988289389802E-16 ) ) ;
#773 = EDGE_CURVE ( 'NONE', #5468, #3007, #7360, .T. ) ;
#774 = ORIENTED_EDGE ( 'NONE', *, *, #1508, .F. ) ;
#775 = ORIENTED_EDGE ( 'NONE', *, *, #6449, .T. ) ;
#776 = LINE ( 'NONE', #2019, #5526 ) ;
#777 = CARTESIAN_POINT ( 'NONE',  ( 2.452500000000000568, -1.900000000000000133, 0.1299999999999998102 ) ) ;
#778 = ORIENTED_EDGE ( 'NONE', *, *, #296, .T. ) ;
#779 = DIRECTION ( 'NONE',  ( -2.289834988289389802E-16, 0.0000000000000000000, -1.000000000000000000 ) ) ;
#780 = VERTEX_POINT ( 'NONE', #6948 ) ;
#781 = FACE_OUTER_BOUND ( 'NONE', #5413, .T. ) ;
#782 = CARTESIAN_POINT ( 'NONE',  ( 2.899999999999999911, 0.9999999999999986677, 0.3099999999999978884 ) ) ;
#783 = FILL_AREA_STYLE ('',( #151 ) ) ;
#784 = MECHANICAL_DESIGN_GEOMETRIC_PRESENTATION_REPRESENTATION (  '', ( #7563 ), #1210 ) ;
#785 = DIRECTION ( 'NONE',  ( 0.0000000000000000000, 0.0000000000000000000, -1.000000000000000000 ) ) ;
#786 = EDGE_LOOP ( 'NONE', ( #4794, #1411, #4755, #3885, #527, #4025, #6583, #5068 ) ) ;
#787 = ORIENTED_EDGE ( 'NONE', *, *, #7685, .T. ) ;
#788 = DIRECTION ( 'NONE',  ( 1.000000000000000000, 0.0000000000000000000, -2.289834988289389802E-16 ) ) ;
#789 = PRESENTATION_STYLE_ASSIGNMENT (( #7498 ) ) ;
#790 = CARTESIAN_POINT ( 'NONE',  ( -2.765000000000000124, -1.649999999999999911, 0.1200000000000000094 ) ) ;
#791 = FILL_AREA_STYLE ('',( #1007 ) ) ;
#792 = AXIS2_PLACEMENT_3D ( 'NONE', #4548, #5184, #1499 ) ;
#793 = ORIENTED_EDGE ( 'NONE', *, *, #5232, .T. ) ;
#794 = ADVANCED_FACE ( 'NONE', ( #781 ), #940, .T. ) ;
#795 = ORIENTED_EDGE ( 'NONE', *, *, #6980, .F. ) ;
#796 = SURFACE_SIDE_STYLE ('',( #716 ) ) ;
#797 = DIRECTION ( 'NONE',  ( 1.000000000000000000, 4.948562843061550213E-17, -2.177367650947074402E-16 ) ) ;
#798 =( LENGTH_UNIT ( ) NAMED_UNIT ( * ) SI_UNIT ( .MILLI., .METRE. ) );
#799 = LINE ( 'NONE', #1195, #610 ) ;
#800 = ORIENTED_EDGE ( 'NONE', *, *, #2525, .T. ) ;
#801 = ORIENTED_EDGE ( 'NONE', *, *, #6199, .F. ) ;
#802 = CARTESIAN_POINT ( 'NONE',  ( 3.325000000000000178, 0.9999999999999988898, 0.3099999999999979994 ) ) ;
#803 = EDGE_CURVE ( 'NONE', #2974, #5178, #7179, .T. ) ;
#804 = EDGE_CURVE ( 'NONE', #6225, #6502, #592, .T. ) ;
#805 = DIRECTION ( 'NONE',  ( 1.000000000000000000, 0.0000000000000000000, 0.0000000000000000000 ) ) ;
#806 = COLOUR_RGB ( '',0.3176470588235293935, 0.2470588235294117752, 0.2078431372549019440 ) ;
#807 = DIRECTION ( 'NONE',  ( 2.289834988289389802E-16, -0.0000000000000000000, 1.000000000000000000 ) ) ;
#808 = VECTOR ( 'NONE', #2736, 1000.000000000000000 ) ;
#809 = EDGE_LOOP ( 'NONE', ( #6138, #1498, #6954, #5272, #7110, #6573, #1804, #4185 ) ) ;
#810 = PLANE ( 'NONE',  #6056 ) ;
#811 = ORIENTED_EDGE ( 'NONE', *, *, #4084, .T. ) ;
#812 = ORIENTED_EDGE ( 'NONE', *, *, #2282, .F. ) ;
#813 = DIRECTION ( 'NONE',  ( -1.000000000000000000, 0.0000000000000000000, 2.289834988289389802E-16 ) ) ;
#814 = ORIENTED_EDGE ( 'NONE', *, *, #3803, .F. ) ;
#815 = CARTESIAN_POINT ( 'NONE',  ( -2.899999999999999911, 0.9999999999999986677, 0.3099999999999998868 ) ) ;
#816 = DIRECTION ( 'NONE',  ( -0.7071067811865490160, 0.7071067811865461294, 7.149051953565420362E-31 ) ) ;
#817 = CARTESIAN_POINT ( 'NONE',  ( 2.265000000000000124, -0.6000000000000009770, 0.6899999999999989475 ) ) ;
#818 = VECTOR ( 'NONE', #4364, 1000.000000000000000 ) ;
#819 = FACE_OUTER_BOUND ( 'NONE', #809, .T. ) ;
#820 = ORIENTED_EDGE ( 'NONE', *, *, #6290, .F. ) ;
#821 = EDGE_CURVE ( 'NONE', #1957, #4275, #2253, .T. ) ;
#822 = DIRECTION ( 'NONE',  ( -2.289834988289389802E-16, 0.0000000000000000000, -1.000000000000000000 ) ) ;
#823 = ORIENTED_EDGE ( 'NONE', *, *, #3390, .T. ) ;
#824 = DIRECTION ( 'NONE',  ( 0.7071067811865436870, -0.7071067811865513475, 0.0000000000000000000 ) ) ;
#825 = EDGE_CURVE ( 'NONE', #4916, #4948, #3720, .T. ) ;
#826 = ORIENTED_EDGE ( 'NONE', *, *, #5428, .T. ) ;
#827 = FACE_OUTER_BOUND ( 'NONE', #3087, .T. ) ;
#828 = CARTESIAN_POINT ( 'NONE',  ( 1.324999999999999956, 1.299999999999994715, 0.1099999999999979605 ) ) ;
#829 = CARTESIAN_POINT ( 'NONE',  ( -2.615000000000000213, -1.050000000000000044, 0.4599999999999999645 ) ) ;
#830 = PRESENTATION_STYLE_ASSIGNMENT (( #4905 ) ) ;
#831 = PLANE ( 'NONE',  #1636 ) ;
#832 = DIRECTION ( 'NONE',  ( 1.000000000000000000, -5.243344273594249610E-32, -2.289834988289389802E-16 ) ) ;
#833 = ORIENTED_EDGE ( 'NONE', *, *, #109, .T. ) ;
#834 = LINE ( 'NONE', #1731, #5575 ) ;
#835 = FACE_OUTER_BOUND ( 'NONE', #4471, .T. ) ;
#836 = CARTESIAN_POINT ( 'NONE',  ( -2.265000000000000568, -1.630000000000001004, 0.2999999999999983791 ) ) ;
#837 = ORIENTED_EDGE ( 'NONE', *, *, #3566, .T. ) ;
#838 = VECTOR ( 'NONE', #3106, 1000.000000000000000 ) ;
#839 = CARTESIAN_POINT ( 'NONE',  ( 1.675000000000000044, 1.299999999999990274, 0.1705002310154639933 ) ) ;
#840 = LINE ( 'NONE', #4705, #2500 ) ;
#841 = CARTESIAN_POINT ( 'NONE',  ( -0.6749999999999980460, 1.249999999999990008, -6.776263578034402713E-16 ) ) ;
#842 = PLANE ( 'NONE',  #7138 ) ;
#843 = PLANE ( 'NONE',  #7705 ) ;
#844 = ORIENTED_EDGE ( 'NONE', *, *, #5077, .F. ) ;
#845 = CARTESIAN_POINT ( 'NONE',  ( 1.162500000000000089, 0.9999999999999988898, 0.07999999999999860001 ) ) ;
#846 = PLANE ( 'NONE',  #1888 ) ;
#847 = FACE_OUTER_BOUND ( 'NONE', #4199, .T. ) ;
#848 = UNCERTAINTY_MEASURE_WITH_UNIT (LENGTH_MEASURE( 1.000000000000000082E-05 ), #7504, 'distance_accuracy_value', 'NONE');
#849 = VECTOR ( 'NONE', #5742, 1000.000000000000000 ) ;
#850 = PLANE ( 'NONE',  #1660 ) ;
#851 = CARTESIAN_POINT ( 'NONE',  ( 1.324999999999999956, 0.9999999999999988898, 0.07999999999999843348 ) ) ;
#852 = DIRECTION ( 'NONE',  ( -1.000000000000000000, 0.0000000000000000000, -0.0000000000000000000 ) ) ;
#853 = VERTEX_POINT ( 'NONE', #371 ) ;
#854 = VERTEX_POINT ( 'NONE', #160 ) ;
#855 = LINE ( 'NONE', #7277, #3975 ) ;
#856 = CARTESIAN_POINT ( 'NONE',  ( 0.6750000000000010436, 1.350000000000000089, 0.1705002310154649925 ) ) ;
#857 = CARTESIAN_POINT ( 'NONE',  ( -0.6749999999999980460, 1.350000000000000089, 0.1099999999999989597 ) ) ;
#858 = EDGE_CURVE ( 'NONE', #4, #4811, #1864, .T. ) ;
#859 = EDGE_CURVE ( 'NONE', #6224, #33, #397, .T. ) ;
#860 = PRESENTATION_STYLE_ASSIGNMENT (( #2004 ) ) ;
#861 = DIRECTION ( 'NONE',  ( 0.0000000000000000000, -0.9738685962292471521, -0.2271122129663564748 ) ) ;
#862 = PRESENTATION_STYLE_ASSIGNMENT (( #6724 ) ) ;
#863 = CARTESIAN_POINT ( 'NONE',  ( -2.265000000000000568, -0.7000000000000207168, 0.3299999999999984612 ) ) ;
#865 = AXIS2_PLACEMENT_3D ( 'NONE', #5676, #7509, #7746 ) ;
#864 = DIRECTION ( 'NONE',  ( 1.000000000000000000, -0.0000000000000000000, -2.289834988289389802E-16 ) ) ;
#866 = EDGE_CURVE ( 'NONE', #4131, #7774, #6602, .T. ) ;
#867 = ORIENTED_EDGE ( 'NONE', *, *, #7236, .T. ) ;
#868 = PLANE ( 'NONE',  #7949 ) ;
#869 = CARTESIAN_POINT ( 'NONE',  ( -0.3249999999999980127, 0.9999999999999988898, 0.07866077735406418192 ) ) ;
#870 =( NAMED_UNIT ( * ) SI_UNIT ( $, .STERADIAN. ) SOLID_ANGLE_UNIT ( ) );
#871 = EDGE_CURVE ( 'NONE', #6553, #891, #3531, .T. ) ;
#872 = CARTESIAN_POINT ( 'NONE',  ( 1.600000000000000311, 0.9199999999999995959, 0.07999999999999846123 ) ) ;
#873 = DIRECTION ( 'NONE',  ( -2.289834988289389802E-16, 0.0000000000000000000, -1.000000000000000000 ) ) ;
#874 = ORIENTED_EDGE ( 'NONE', *, *, #3152, .F. ) ;
#875 = CARTESIAN_POINT ( 'NONE',  ( -2.265000000000000124, -0.6000000000000009770, 0.6899999999999996136 ) ) ;
#876 = DIRECTION ( 'NONE',  ( 2.289834988289389802E-16, -0.0000000000000000000, 1.000000000000000000 ) ) ;
#877 = FACE_OUTER_BOUND ( 'NONE', #3357, .T. ) ;
#878 = LINE ( 'NONE', #2170, #490 ) ;
#879 = DIRECTION ( 'NONE',  ( -2.289834988289389802E-16, 0.0000000000000000000, -1.000000000000000000 ) ) ;
#880 = CARTESIAN_POINT ( 'NONE',  ( 2.899999999999999911, 0.9999999999999986677, 0.9999999999999986677 ) ) ;
#881 = CARTESIAN_POINT ( 'NONE',  ( 21.78500000000000369, -1.800000000000000266, 0.9199999999999940448 ) ) ;
#882 = CARTESIAN_POINT ( 'NONE',  ( 0.04999999999999799050, 0.6999999999999990674, 0.02999999999999893030 ) ) ;
#883 = VERTEX_POINT ( 'NONE', #1724 ) ;
#884 = EDGE_LOOP ( 'NONE', ( #5893, #3177, #7180, #2523 ) ) ;
#885 = DIRECTION ( 'NONE',  ( -2.289834988289389802E-16, 0.0000000000000000000, -1.000000000000000000 ) ) ;
#886 = LINE ( 'NONE', #1667, #7087 ) ;
#887 = DIRECTION ( 'NONE',  ( 1.000000000000000000, -0.0000000000000000000, -2.289834988289389802E-16 ) ) ;
#888 = DIRECTION ( 'NONE',  ( 2.289834988289389802E-16, -0.0000000000000000000, 1.000000000000000000 ) ) ;
#889 = VERTEX_POINT ( 'NONE', #4981 ) ;
#890 = DIRECTION ( 'NONE',  ( 1.000000000000000000, 0.0000000000000000000, -2.289834988289389802E-16 ) ) ;
#891 = VERTEX_POINT ( 'NONE', #4291 ) ;
#892 = CARTESIAN_POINT ( 'NONE',  ( 0.8250000000000019540, 1.349999999999999867, 0.3099999999999984990 ) ) ;
#893 = AXIS2_PLACEMENT_3D ( 'NONE', #640, #2664, #198 ) ;
#894 = LINE ( 'NONE', #2098, #7280 ) ;
#895 = DIRECTION ( 'NONE',  ( 2.289834988289389802E-16, -0.0000000000000000000, 1.000000000000000000 ) ) ;
#896 = CARTESIAN_POINT ( 'NONE',  ( 1.675000000000000044, 1.299999999999990274, 0.04999999999999907296 ) ) ;
#897 = PLANE ( 'NONE',  #668 ) ;
#898 = ORIENTED_EDGE ( 'NONE', *, *, #5528, .F. ) ;
#899 = ORIENTED_EDGE ( 'NONE', *, *, #108, .F. ) ;
#900 = DIRECTION ( 'NONE',  ( 1.000000000000000000, -5.243344273594249610E-32, -2.289834988289389802E-16 ) ) ;
#901 = CARTESIAN_POINT ( 'NONE',  ( 1.175000000000000044, 0.9999999999999988898, 0.07866077735406369620 ) ) ;
#902 =( NAMED_UNIT ( * ) PLANE_ANGLE_UNIT ( ) SI_UNIT ( $, .RADIAN. ) );
#903 = EDGE_CURVE ( 'NONE', #6631, #97, #8032, .T. ) ;
#904 = EDGE_CURVE ( 'NONE', #4054, #2485, #6396, .T. ) ;
#905 = UNCERTAINTY_MEASURE_WITH_UNIT (LENGTH_MEASURE( 1.000000000000000082E-05 ), #4837, 'distance_accuracy_value', 'NONE');
#906 = AXIS2_PLACEMENT_3D ( 'NONE', #3797, #1315, #5621 ) ;
#907 = VECTOR ( 'NONE', #1008, 1000.000000000000000 ) ;
#908 = VERTEX_POINT ( 'NONE', #3522 ) ;
#909 = DIRECTION ( 'NONE',  ( -0.7071067811865441310, 0.7071067811865510144, 0.0000000000000000000 ) ) ;
#910 = ADVANCED_FACE ( 'NONE', ( #3346 ), #2902, .F. ) ;
#911 = VERTEX_POINT ( 'NONE', #585 ) ;
#912 = VERTEX_POINT ( 'NONE', #261 ) ;
#913 = VERTEX_POINT ( 'NONE', #863 ) ;
#914 = LINE ( 'NONE', #5710, #5646 ) ;
#915 = ORIENTED_EDGE ( 'NONE', *, *, #7585, .T. ) ;
#916 = CARTESIAN_POINT ( 'NONE',  ( 2.745000000000000107, 1.899999999999999911, 0.9149999999999980371 ) ) ;
#917 = ORIENTED_EDGE ( 'NONE', *, *, #2381, .F. ) ;
#918 = ORIENTED_EDGE ( 'NONE', *, *, #4329, .F. ) ;
#919 = EDGE_CURVE ( 'NONE', #912, #6963, #2533, .T. ) ;
#920 = ORIENTED_EDGE ( 'NONE', *, *, #4699, .F. ) ;
#921 = CARTESIAN_POINT ( 'NONE',  ( -1.675000000000000044, 0.9999999999999988898, 0.07866077735406448723 ) ) ;
#922 = EDGE_LOOP ( 'NONE', ( #3167, #7159, #3857, #4035 ) ) ;
#923 = CARTESIAN_POINT ( 'NONE',  ( 3.000000000000000000, 0.9999999999999988898, 0.8416139999999979748 ) ) ;
#924 = CYLINDRICAL_SURFACE ( 'NONE', #2795, 0.05000000000000002359 ) ;
#925 = PLANE ( 'NONE',  #5230 ) ;
#926 = FILL_AREA_STYLE ('',( #954 ) ) ;
#927 = CARTESIAN_POINT ( 'NONE',  ( -2.765000000000000124, -1.899999999999999911, 0.8199999999999999512 ) ) ;
#928 = CARTESIAN_POINT ( 'NONE',  ( 0.4500000000000028977, 0.9999999999999988898, 0.02999999999999742109 ) ) ;
#929 = DIRECTION ( 'NONE',  ( 0.0000000000000000000, 0.9751328557914595851, 0.2216211035889688874 ) ) ;
#930 = ORIENTED_EDGE ( 'NONE', *, *, #6682, .F. ) ;
#931 = MECHANICAL_DESIGN_GEOMETRIC_PRESENTATION_REPRESENTATION (  '', ( #7702 ), #1348 ) ;
#932 = CARTESIAN_POINT ( 'NONE',  ( 2.615000000000000213, -1.050000000000000044, 0.4599999999999980771 ) ) ;
#933 = AXIS2_PLACEMENT_3D ( 'NONE', #4641, #5396, #6932 ) ;
#934 = FACE_OUTER_BOUND ( 'NONE', #7795, .T. ) ;
#935 = CARTESIAN_POINT ( 'NONE',  ( 2.615000000000000213, -1.749999999999990008, 0.3752009999999990075 ) ) ;
#936 = EDGE_CURVE ( 'NONE', #7804, #5197, #5611, .T. ) ;
#937 = DIRECTION ( 'NONE',  ( 0.0000000000000000000, 0.0000000000000000000, -1.000000000000000000 ) ) ;
#938 = ORIENTED_EDGE ( 'NONE', *, *, #6924, .F. ) ;
#939 = PRESENTATION_STYLE_ASSIGNMENT (( #6419 ) ) ;
#940 = PLANE ( 'NONE',  #5183 ) ;
#941 = PLANE ( 'NONE',  #2886 ) ;
#942 = VECTOR ( 'NONE', #552, 1000.000000000000000 ) ;
#943 = ORIENTED_EDGE ( 'NONE', *, *, #7490, .F. ) ;
#944 = DIRECTION ( 'NONE',  ( -2.289834988289389802E-16, 0.0000000000000000000, -1.000000000000000000 ) ) ;
#945 = PRESENTATION_STYLE_ASSIGNMENT (( #1036 ) ) ;
#946 = AXIS2_PLACEMENT_3D ( 'NONE', #2877, #7173, #3502 ) ;
#947 = STYLED_ITEM ( 'NONE', ( #6775 ), #1585 ) ;
#948 = LINE ( 'NONE', #7710, #7327 ) ;
#949 =( NAMED_UNIT ( * ) SI_UNIT ( $, .STERADIAN. ) SOLID_ANGLE_UNIT ( ) );
#950 = CARTESIAN_POINT ( 'NONE',  ( -1.324999999999999956, 0.9199999999999860512, -4.440892098500630106E-16 ) ) ;
#951 = ORIENTED_EDGE ( 'NONE', *, *, #4465, .F. ) ;
#952 = ADVANCED_FACE ( 'NONE', ( #2337 ), #1569, .T. ) ;
#953 = DIRECTION ( 'NONE',  ( 0.0000000000000000000, -0.9738685962292472631, -0.2271122129663562805 ) ) ;
#954 = FILL_AREA_STYLE_COLOUR ( '', #7438 ) ;
#955 = ORIENTED_EDGE ( 'NONE', *, *, #5109, .F. ) ;
#956 = VECTOR ( 'NONE', #2024, 1000.000000000000000 ) ;
#957 = CARTESIAN_POINT ( 'NONE',  ( -1.675000000000000044, 0.9199999999999860512, 0.03619548911246139866 ) ) ;
#958 = SURFACE_SIDE_STYLE ('',( #4671 ) ) ;
#959 = LINE ( 'NONE', #43, #4072 ) ;
#960 = MECHANICAL_DESIGN_GEOMETRIC_PRESENTATION_REPRESENTATION (  '', ( #96 ), #1376 ) ;
#961 = DIRECTION ( 'NONE',  ( -0.0000000000000000000, -0.8000000000000000444, 0.5999999999999999778 ) ) ;
#962 = EDGE_LOOP ( 'NONE', ( #778, #5525, #2373, #1693, #6491, #4317, #4024, #787, #4801, #7869, #6418, #2413, #7128, #2572, #2621, #331, #2963, #1367 ) ) ;
#963 = VECTOR ( 'NONE', #2129, 1000.000000000000000 ) ;
#964 = FILL_AREA_STYLE ('',( #4064 ) ) ;
#965 = LINE ( 'NONE', #5929, #5695 ) ;
#966 =( LENGTH_UNIT ( ) NAMED_UNIT ( * ) SI_UNIT ( .MILLI., .METRE. ) );
#967 = CARTESIAN_POINT ( 'NONE',  ( -1.675000000000000044, 0.9999999999999988898, 0.3099999999999989431 ) ) ;
#968 = PLANE ( 'NONE',  #7004 ) ;
#969 = EDGE_CURVE ( 'NONE', #6328, #2324, #684, .T. ) ;
#970 = EDGE_CURVE ( 'NONE', #1337, #2706, #7075, .T. ) ;
#971 = DIRECTION ( 'NONE',  ( 1.485862475258599639E-32, -1.000000000000000000, 6.488950002325740340E-17 ) ) ;
#972 = ORIENTED_EDGE ( 'NONE', *, *, #5219, .T. ) ;
#973 = LINE ( 'NONE', #4447, #7352 ) ;
#974 = CARTESIAN_POINT ( 'NONE',  ( -1.399999999999999689, 0.8499999999999999778, 0.07999999999999932165 ) ) ;
#975 = VECTOR ( 'NONE', #2756, 1000.000000000000114 ) ;
#976 = DIRECTION ( 'NONE',  ( 5.243344273594249610E-32, 1.000000000000000000, -1.200639317332289951E-47 ) ) ;
#978 = AXIS2_PLACEMENT_3D ( 'NONE', #24, #7497, #3829 ) ;
#977 = DIRECTION ( 'NONE',  ( 2.289834988289389802E-16, -0.0000000000000000000, 1.000000000000000000 ) ) ;
#979 = EDGE_CURVE ( 'NONE', #5816, #1492, #878, .T. ) ;
#980 = PLANE ( 'NONE',  #4204 ) ;
#981 = APPLICATION_CONTEXT ( 'automotive_design' ) ;
#982 = CARTESIAN_POINT ( 'NONE',  ( -1.550000000000002709, 0.9999999999999988898, 0.02999999999999925643 ) ) ;
#983 = VERTEX_POINT ( 'NONE', #5114 ) ;
#984 = EDGE_CURVE ( 'NONE', #5149, #853, #5433, .T. ) ;
#985 = EDGE_LOOP ( 'NONE', ( #4711, #1408, #4863, #6380 ) ) ;
#986 = CARTESIAN_POINT ( 'NONE',  ( 2.452500000000000124, 0.9999999999999988898, 0.02999999999999829886 ) ) ;
#987 = FILL_AREA_STYLE ('',( #438 ) ) ;
#988 = FACE_OUTER_BOUND ( 'NONE', #2160, .T. ) ;
#989 = CARTESIAN_POINT ( 'NONE',  ( 2.765000000000000124, -1.100000000000000089, 0.4599999999999979661 ) ) ;
#990 = DIRECTION ( 'NONE',  ( -1.000000000000000000, 0.0000000000000000000, -0.0000000000000000000 ) ) ;
#991 = ORIENTED_EDGE ( 'NONE', *, *, #332, .F. ) ;
#992 = ORIENTED_EDGE ( 'NONE', *, *, #7287, .T. ) ;
#993 = PRESENTATION_LAYER_ASSIGNMENT (  '', '', ( #140 ) ) ;
#994 = DIRECTION ( 'NONE',  ( 1.000000000000000000, 0.0000000000000000000, -2.289834988289389802E-16 ) ) ;
#995 = DIRECTION ( 'NONE',  ( -2.289834988289389802E-16, -2.289834988289389802E-16, -1.000000000000000000 ) ) ;
#996 = ADVANCED_FACE ( 'NONE', ( #1952 ), #6466, .T. ) ;
#997 = VECTOR ( 'NONE', #4439, 1000.000000000000114 ) ;
#998 = VERTEX_POINT ( 'NONE', #6988 ) ;
#999 = ORIENTED_EDGE ( 'NONE', *, *, #7917, .T. ) ;
#1000 = SURFACE_STYLE_USAGE ( .BOTH. , #4689 ) ;
#1001 = CARTESIAN_POINT ( 'NONE',  ( -0.3249999999999980127, 1.249999999999990008, -7.771561172376099727E-16 ) ) ;
#1002 = SURFACE_STYLE_FILL_AREA ( #1264 ) ;
#1003 = VECTOR ( 'NONE', #548, 1000.000000000000000 ) ;
#1004 = ORIENTED_EDGE ( 'NONE', *, *, #4791, .T. ) ;
#1005 = ORIENTED_EDGE ( 'NONE', *, *, #3614, .F. ) ;
#1006 = DIRECTION ( 'NONE',  ( -1.619157848017590039E-16, -0.7071067811865729968, -0.7071067811865220376 ) ) ;
#1007 = FILL_AREA_STYLE_COLOUR ( '', #6866 ) ;
#1008 = DIRECTION ( 'NONE',  ( 1.000000000000000000, -0.0000000000000000000, -2.289834988289389802E-16 ) ) ;
#1009 = VECTOR ( 'NONE', #1557, 1000.000000000000000 ) ;
#1010 = VERTEX_POINT ( 'NONE', #315 ) ;
#1011 =( NAMED_UNIT ( * ) SI_UNIT ( $, .STERADIAN. ) SOLID_ANGLE_UNIT ( ) );
#1012 = ORIENTED_EDGE ( 'NONE', *, *, #7534, .F. ) ;
#1013 =( LENGTH_UNIT ( ) NAMED_UNIT ( * ) SI_UNIT ( .MILLI., .METRE. ) );
#1014 = ORIENTED_EDGE ( 'NONE', *, *, #3940, .T. ) ;
#1015 = PLANE ( 'NONE',  #605 ) ;
#1016 = VERTEX_POINT ( 'NONE', #2093 ) ;
#1017 = EDGE_CURVE ( 'NONE', #6922, #22, #2144, .T. ) ;
#1018 = EDGE_CURVE ( 'NONE', #492, #3080, #5237, .T. ) ;
#1019 = PRODUCT_RELATED_PRODUCT_CATEGORY ( 'part', '', ( #1064 ) ) ;
#1020 = DIRECTION ( 'NONE',  ( -2.289834988289389802E-16, -1.065228634467009955E-16, -1.000000000000000000 ) ) ;
#1021 = LINE ( 'NONE', #3783, #818 ) ;
#1022 = LINE ( 'NONE', #7631, #7393 ) ;
#1023 = SURFACE_STYLE_USAGE ( .BOTH. , #1645 ) ;
#1024 = ORIENTED_EDGE ( 'NONE', *, *, #5538, .T. ) ;
#1025 = VERTEX_POINT ( 'NONE', #560 ) ;
#1026 = VECTOR ( 'NONE', #6867, 1000.000000000000000 ) ;
#1027 = DIRECTION ( 'NONE',  ( 1.000000000000000000, -5.243344273594249610E-32, -2.289834988289389802E-16 ) ) ;
#1028 = VECTOR ( 'NONE', #1382, 1000.000000000000000 ) ;
#1029 = SURFACE_STYLE_FILL_AREA ( #4299 ) ;
#1030 = EDGE_CURVE ( 'NONE', #209, #6157, #1776, .T. ) ;
#1031 = DIRECTION ( 'NONE',  ( -1.677531811378194763E-16, -1.677531811378194763E-16, -1.000000000000000000 ) ) ;
#1032 = EDGE_CURVE ( 'NONE', #2915, #7662, #3431, .T. ) ;
#1033 = ORIENTED_EDGE ( 'NONE', *, *, #5287, .F. ) ;
#1034 = DIRECTION ( 'NONE',  ( -1.000000000000000000, 5.243344273594249610E-32, 0.0000000000000000000 ) ) ;
#1035 = ADVANCED_FACE ( 'NONE', ( #288 ), #2455, .T. ) ;
#1036 = SURFACE_STYLE_USAGE ( .BOTH. , #4722 ) ;
#1037 = VECTOR ( 'NONE', #7890, 1000.000000000000000 ) ;
#1038 = LINE ( 'NONE', #7147, #5770 ) ;
#1039 = CARTESIAN_POINT ( 'NONE',  ( -1.824999999999999734, 0.9999999999999988898, 0.07866077735406447335 ) ) ;
#1040 = MECHANICAL_DESIGN_GEOMETRIC_PRESENTATION_REPRESENTATION (  '', ( #7816 ), #1472 ) ;
#1041 = VERTEX_POINT ( 'NONE', #7962 ) ;
#1042 = CARTESIAN_POINT ( 'NONE',  ( -1.837499999999999911, 0.9199999999999990408, 0.07999999999999950206 ) ) ;
#1043 =( GEOMETRIC_REPRESENTATION_CONTEXT ( 3 ) GLOBAL_UNCERTAINTY_ASSIGNED_CONTEXT ( ( #1202 ) ) GLOBAL_UNIT_ASSIGNED_CONTEXT ( ( #5187, #5212, #5267 ) ) REPRESENTATION_CONTEXT ( 'NONE', 'WORKASPACE' ) );
#1044 = LINE ( 'NONE', #5546, #7232 ) ;
#1045 = DIRECTION ( 'NONE',  ( -0.7071067811865531239, 0.0000000000000000000, 0.7071067811865420216 ) ) ;
#1046 = LINE ( 'NONE', #6928, #5548 ) ;
#1047 = EDGE_CURVE ( 'NONE', #4935, #6039, #3243, .T. ) ;
#1048 = CARTESIAN_POINT ( 'NONE',  ( -2.615000000000000213, -1.050000000000000044, 0.5100000000000000089 ) ) ;
#1049 = PLANE ( 'NONE',  #2314 ) ;
#1050 = ORIENTED_EDGE ( 'NONE', *, *, #936, .T. ) ;
#1051 = LINE ( 'NONE', #6601, #4334 ) ;
#1052 = LINE ( 'NONE', #2680, #849 ) ;
#1053 = DIRECTION ( 'NONE',  ( 1.000000000000000000, -2.804146475863970139E-32, 2.987057121330055487E-48 ) ) ;
#1054 = AXIS2_PLACEMENT_3D ( 'NONE', #6186, #3781, #2007 ) ;
#1055 = EDGE_LOOP ( 'NONE', ( #1304, #1359, #7111, #8034 ) ) ;
#1056 = VECTOR ( 'NONE', #7842, 1000.000000000000000 ) ;
#1057 = DIRECTION ( 'NONE',  ( -1.000000000000000000, 0.0000000000000000000, -0.0000000000000000000 ) ) ;
#1058 = PRESENTATION_STYLE_ASSIGNMENT (( #1553 ) ) ;
#1059 = CARTESIAN_POINT ( 'NONE',  ( 1.675000000000000044, 0.9431866336109969717, 0.06541154699933769689 ) ) ;
#1060 = ORIENTED_EDGE ( 'NONE', *, *, #2123, .T. ) ;
#1061 = SURFACE_STYLE_FILL_AREA ( #1371 ) ;
#1062 = SURFACE_STYLE_FILL_AREA ( #6123 ) ;
#1063 =( GEOMETRIC_REPRESENTATION_CONTEXT ( 3 ) GLOBAL_UNCERTAINTY_ASSIGNED_CONTEXT ( ( #4551 ) ) GLOBAL_UNIT_ASSIGNED_CONTEXT ( ( #5988, #2295, #6619 ) ) REPRESENTATION_CONTEXT ( 'NONE', 'WORKASPACE' ) );
#1064 = PRODUCT ( 'FH34SRJ-8S-0.5SH', 'FH34SRJ-8S-0.5SH', '', ( #4103 ) ) ;
#1065 = CARTESIAN_POINT ( 'NONE',  ( -1.574999999999999956, 0.8499999999999999778, 0.05499999999999939659 ) ) ;
#1066 = CARTESIAN_POINT ( 'NONE',  ( 1.050000000000000044, 0.6999999999999992895, 0.02999999999999862152 ) ) ;
#1067 = ORIENTED_EDGE ( 'NONE', *, *, #3940, .F. ) ;
#1068 = COLOUR_RGB ( '',0.3176470588235293935, 0.2470588235294117752, 0.2078431372549019440 ) ;
#1069 = CYLINDRICAL_SURFACE ( 'NONE', #1140, 0.05000000000000070360 ) ;
#1070 = ADVANCED_FACE ( 'NONE', ( #6293 ), #5560, .F. ) ;
#1071 = EDGE_CURVE ( 'NONE', #1753, #5681, #4835, .T. ) ;
#1072 = DIRECTION ( 'NONE',  ( 0.0000000000000000000, 1.065228634467009955E-16, 1.000000000000000000 ) ) ;
#1073 = EDGE_CURVE ( 'NONE', #3670, #6370, #4639, .T. ) ;
#1074 = ORIENTED_EDGE ( 'NONE', *, *, #5752, .F. ) ;
#1075 = VECTOR ( 'NONE', #2409, 999.9999999999998863 ) ;
#1076 =( NAMED_UNIT ( * ) SI_UNIT ( $, .STERADIAN. ) SOLID_ANGLE_UNIT ( ) );
#1077 = ORIENTED_EDGE ( 'NONE', *, *, #1858, .F. ) ;
#1078 = CARTESIAN_POINT ( 'NONE',  ( -2.433678328689710124, -0.8000000000000010436, 0.5563695153646179836 ) ) ;
#1079 = VERTEX_POINT ( 'NONE', #2164 ) ;
#1080 = VERTEX_POINT ( 'NONE', #6155 ) ;
#1081 = DIRECTION ( 'NONE',  ( 2.229998385641999896E-16, -0.2271122129663560585, 0.9738685962292472631 ) ) ;
#1082 =( NAMED_UNIT ( * ) PLANE_ANGLE_UNIT ( ) SI_UNIT ( $, .RADIAN. ) );
#1083 = EDGE_CURVE ( 'NONE', #4215, #2397, #6098, .T. ) ;
#1084 = CARTESIAN_POINT ( 'NONE',  ( -0.8374999999999980238, 0.9999999999999988898, 0.07999999999999919675 ) ) ;
#1085 = EDGE_CURVE ( 'NONE', #3650, #5425, #7736, .T. ) ;
#1086 = EDGE_LOOP ( 'NONE', ( #6895, #4523, #2898, #6329, #5336, #814, #4847, #6590 ) ) ;
#1087 = ORIENTED_EDGE ( 'NONE', *, *, #5994, .F. ) ;
#1088 = CARTESIAN_POINT ( 'NONE',  ( 3.000000000000000000, -0.8000000000000010436, 0.07999999999999812816 ) ) ;
#1089 = DIRECTION ( 'NONE',  ( 0.0000000000000000000, 1.065228634467009955E-16, 1.000000000000000000 ) ) ;
#1090 = VECTOR ( 'NONE', #6901, 1000.000000000000000 ) ;
#1091 = CARTESIAN_POINT ( 'NONE',  ( 2.765000000000000124, -1.050000000000000044, 0.4599999999999980216 ) ) ;
#1092 = ORIENTED_EDGE ( 'NONE', *, *, #1477, .F. ) ;
#1093 = VERTEX_POINT ( 'NONE', #927 ) ;
#1094 = PRESENTATION_LAYER_ASSIGNMENT (  '', '', ( #1934 ) ) ;
#1095 = UNCERTAINTY_MEASURE_WITH_UNIT (LENGTH_MEASURE( 1.000000000000000082E-05 ), #2239, 'distance_accuracy_value', 'NONE');
#1096 = VECTOR ( 'NONE', #3509, 1000.000000000000114 ) ;
#1097 = ORIENTED_EDGE ( 'NONE', *, *, #1017, .T. ) ;
#1098 = CARTESIAN_POINT ( 'NONE',  ( -0.1749999999999980183, 1.249999999999990008, -7.860465750519907147E-16 ) ) ;
#1099 = DIRECTION ( 'NONE',  ( -0.7071067811865474617, 0.7071067811865474617, 0.0000000000000000000 ) ) ;
#1100 = ORIENTED_EDGE ( 'NONE', *, *, #1771, .F. ) ;
#1101 = ORIENTED_EDGE ( 'NONE', *, *, #6531, .F. ) ;
#1102 = ORIENTED_EDGE ( 'NONE', *, *, #7752, .F. ) ;
#1103 = DIRECTION ( 'NONE',  ( 5.243344273594249610E-32, 1.000000000000000000, -1.200639317332292868E-47 ) ) ;
#1104 = ADVANCED_FACE ( 'NONE', ( #2844 ), #980, .T. ) ;
#1105 = AXIS2_PLACEMENT_3D ( 'NONE', #5803, #6427, #2745 ) ;
#1106 = LINE ( 'NONE', #7183, #2567 ) ;
#1107 = ORIENTED_EDGE ( 'NONE', *, *, #1327, .F. ) ;
#1108 = ORIENTED_EDGE ( 'NONE', *, *, #1869, .T. ) ;
#1109 = EDGE_LOOP ( 'NONE', ( #1613, #6201, #4218, #1956 ) ) ;
#1110 = VERTEX_POINT ( 'NONE', #2237 ) ;
#1111 = FACE_OUTER_BOUND ( 'NONE', #5905, .T. ) ;
#1112 = VERTEX_POINT ( 'NONE', #2733 ) ;
#1113 = LINE ( 'NONE', #7244, #5656 ) ;
#1114 = SURFACE_SIDE_STYLE ('',( #4593 ) ) ;
#1115 = FILL_AREA_STYLE_COLOUR ( '', #1743 ) ;
#1116 = EDGE_CURVE ( 'NONE', #3264, #7846, #5904, .T. ) ;
#1117 = EDGE_CURVE ( 'NONE', #4142, #335, #1370, .T. ) ;
#1118 = ORIENTED_EDGE ( 'NONE', *, *, #3611, .F. ) ;
#1119 = DIRECTION ( 'NONE',  ( 0.0000000000000000000, 0.7071067811865433539, 0.7071067811865517916 ) ) ;
#1120 = DIRECTION ( 'NONE',  ( 2.289834988289389802E-16, -0.0000000000000000000, 1.000000000000000000 ) ) ;
#1121 = VECTOR ( 'NONE', #6839, 1000.000000000000000 ) ;
#1122 = FACE_OUTER_BOUND ( 'NONE', #1205, .T. ) ;
#1123 = DIRECTION ( 'NONE',  ( 2.439197797730288502E-32, -1.000000000000000000, 1.065228634467009955E-16 ) ) ;
#1124 = ORIENTED_EDGE ( 'NONE', *, *, #1403, .T. ) ;
#1125 = FACE_OUTER_BOUND ( 'NONE', #3945, .T. ) ;
#1126 =( NAMED_UNIT ( * ) PLANE_ANGLE_UNIT ( ) SI_UNIT ( $, .RADIAN. ) );
#1127 =( GEOMETRIC_REPRESENTATION_CONTEXT ( 3 ) GLOBAL_UNCERTAINTY_ASSIGNED_CONTEXT ( ( #5708 ) ) GLOBAL_UNIT_ASSIGNED_CONTEXT ( ( #7939, #4248, #540 ) ) REPRESENTATION_CONTEXT ( 'NONE', 'WORKASPACE' ) );
#1128 = EDGE_CURVE ( 'NONE', #6535, #8013, #7540, .T. ) ;
#1129 = DIRECTION ( 'NONE',  ( 0.0000000000000000000, 0.0000000000000000000, 1.000000000000000000 ) ) ;
#1130 = LINE ( 'NONE', #4813, #4237 ) ;
#1131 = EDGE_CURVE ( 'NONE', #4054, #4620, #1583, .T. ) ;
#1132 = DIRECTION ( 'NONE',  ( 1.000000000000000000, -2.804146475863970139E-32, 2.987057121330055487E-48 ) ) ;
#1133 = ORIENTED_EDGE ( 'NONE', *, *, #6884, .F. ) ;
#1134 = VERTEX_POINT ( 'NONE', #5812 ) ;
#1135 =( LENGTH_UNIT ( ) NAMED_UNIT ( * ) SI_UNIT ( .MILLI., .METRE. ) );
#1136 = LINE ( 'NONE', #6556, #7507 ) ;
#1137 = LINE ( 'NONE', #5758, #7510 ) ;
#1138 = CARTESIAN_POINT ( 'NONE',  ( 1.675000000000000044, 0.9199999999999868283, -1.450627812316085231E-15 ) ) ;
#1139 = CARTESIAN_POINT ( 'NONE',  ( 0.8250000000000019540, 1.350000000000000089, 0.1705002310154649925 ) ) ;
#1140 = AXIS2_PLACEMENT_3D ( 'NONE', #3372, #5284, #403 ) ;
#1141 = DIRECTION ( 'NONE',  ( 2.289834988289389802E-16, -0.0000000000000000000, 1.000000000000000000 ) ) ;
#1142 = VERTEX_POINT ( 'NONE', #5202 ) ;
#1143 = ORIENTED_EDGE ( 'NONE', *, *, #5188, .F. ) ;
#1144 = LINE ( 'NONE', #5087, #6268 ) ;
#1145 =( NAMED_UNIT ( * ) PLANE_ANGLE_UNIT ( ) SI_UNIT ( $, .RADIAN. ) );
#1146 = LINE ( 'NONE', #3902, #7516 ) ;
#1147 = CARTESIAN_POINT ( 'NONE',  ( 0.9500000000000006217, 0.9999999999999988898, 0.02999999999999851397 ) ) ;
#1148 = ADVANCED_FACE ( 'NONE', ( #2630 ), #4537, .F. ) ;
#1149 = ORIENTED_EDGE ( 'NONE', *, *, #6480, .F. ) ;
#1150 = FILL_AREA_STYLE ('',( #6094 ) ) ;
#1151 = VECTOR ( 'NONE', #2738, 1000.000000000000000 ) ;
#1152 = VECTOR ( 'NONE', #5602, 1000.000000000000000 ) ;
#1153 = UNCERTAINTY_MEASURE_WITH_UNIT (LENGTH_MEASURE( 1.000000000000000082E-05 ), #240, 'distance_accuracy_value', 'NONE');
#1154 = AXIS2_PLACEMENT_3D ( 'NONE', #757, #1393, #5703 ) ;
#1155 = AXIS2_PLACEMENT_3D ( 'NONE', #7544, #2032, #4490 ) ;
#1156 = CARTESIAN_POINT ( 'NONE',  ( -2.740710678118654986, 0.4600000000000000755, 0.9192893218813457112 ) ) ;
#1157 = CARTESIAN_POINT ( 'NONE',  ( 1.824999999999999956, 1.245779075397750235, 0.1705002310154639933 ) ) ;
#1158 = ORIENTED_EDGE ( 'NONE', *, *, #1925, .T. ) ;
#1159 = PRESENTATION_STYLE_ASSIGNMENT (( #4873 ) ) ;
#1160 = DIRECTION ( 'NONE',  ( 0.0000000000000000000, 1.065228634467009955E-16, 1.000000000000000000 ) ) ;
#1161 = SURFACE_STYLE_FILL_AREA ( #3203 ) ;
#1162 = CARTESIAN_POINT ( 'NONE',  ( -1.337499999999999911, 0.9199999999999990408, 0.07999999999999940492 ) ) ;
#1163 = CARTESIAN_POINT ( 'NONE',  ( 1.824999999999999956, 0.9999999999999988898, 0.07999999999999682365 ) ) ;
#1164 = CARTESIAN_POINT ( 'NONE',  ( -2.602499999999999591, -1.749999999999999778, 0.1799999999999997435 ) ) ;
#1165 = VERTEX_POINT ( 'NONE', #2096 ) ;
#1166 = EDGE_CURVE ( 'NONE', #54, #2787, #6789, .T. ) ;
#1167 = ORIENTED_EDGE ( 'NONE', *, *, #699, .F. ) ;
#1168 = EDGE_CURVE ( 'NONE', #6225, #3231, #1860, .T. ) ;
#1169 = LINE ( 'NONE', #5678, #1369 ) ;
#1170 = ADVANCED_FACE ( 'NONE', ( #6594 ), #1069, .F. ) ;
#1171 = VECTOR ( 'NONE', #3976, 1000.000000000000000 ) ;
#1172 = ORIENTED_EDGE ( 'NONE', *, *, #4465, .T. ) ;
#1173 = ORIENTED_EDGE ( 'NONE', *, *, #6254, .T. ) ;
#1174 = CARTESIAN_POINT ( 'NONE',  ( -0.9499999999999995115, 0.9999999999999988898, 0.02999999999999911765 ) ) ;
#1175 = CARTESIAN_POINT ( 'NONE',  ( 1.824999999999999956, 1.299999999999990274, 0.1705002310154639933 ) ) ;
#1176 = LINE ( 'NONE', #6485, #4272 ) ;
#1177 = PRESENTATION_LAYER_ASSIGNMENT (  '', '', ( #346 ) ) ;
#1178 =( LENGTH_UNIT ( ) NAMED_UNIT ( * ) SI_UNIT ( .MILLI., .METRE. ) );
#1179 = EDGE_CURVE ( 'NONE', #4446, #511, #4354, .T. ) ;
#1180 = DIRECTION ( 'NONE',  ( 1.000000000000000000, 0.0000000000000000000, -2.289834988289389802E-16 ) ) ;
#1181 = EDGE_LOOP ( 'NONE', ( #156, #7586, #701, #7177 ) ) ;
#1182 = VERTEX_POINT ( 'NONE', #1163 ) ;
#1183 = CARTESIAN_POINT ( 'NONE',  ( -0.3249999999999980127, 0.9499999999999869660, 0.03619548911246110029 ) ) ;
#1184 = FACE_OUTER_BOUND ( 'NONE', #3661, .T. ) ;
#1185 = CARTESIAN_POINT ( 'NONE',  ( -2.719999999999999751, 0.5100000000000000089, 0.9400000000000002798 ) ) ;
#1186 = DIRECTION ( 'NONE',  ( 0.5773502691896345018, 0.5773502691896394978, 0.5773502691896031935 ) ) ;
#1187 = LINE ( 'NONE', #266, #7556 ) ;
#1188 = FILL_AREA_STYLE ('',( #3040 ) ) ;
#1189 = CARTESIAN_POINT ( 'NONE',  ( 2.265000000000000568, -1.630000000000000560, 0.2999999999999977685 ) ) ;
#1190 = ADVANCED_FACE ( 'NONE', ( #5805 ), #2177, .T. ) ;
#1191 = ORIENTED_EDGE ( 'NONE', *, *, #3196, .F. ) ;
#1192 = ORIENTED_EDGE ( 'NONE', *, *, #3510, .F. ) ;
#1193 = DIRECTION ( 'NONE',  ( 2.804146475863970139E-32, 1.000000000000000000, -1.065228634467009955E-16 ) ) ;
#1194 = AXIS2_PLACEMENT_3D ( 'NONE', #102, #277, #693 ) ;
#1195 = CARTESIAN_POINT ( 'NONE',  ( 0.6750000000000010436, 1.299999999999999378, 0.1099999999999980160 ) ) ;
#1196 = EDGE_CURVE ( 'NONE', #7483, #5834, #7637, .T. ) ;
#1197 = FACE_OUTER_BOUND ( 'NONE', #2469, .T. ) ;
#1198 = LINE ( 'NONE', #4254, #5737 ) ;
#1199 = ORIENTED_EDGE ( 'NONE', *, *, #4497, .T. ) ;
#1200 = DIRECTION ( 'NONE',  ( 1.000000000000000000, -2.804146475863970139E-32, 2.987057121330055487E-48 ) ) ;
#1201 = ORIENTED_EDGE ( 'NONE', *, *, #4730, .T. ) ;
#1202 = UNCERTAINTY_MEASURE_WITH_UNIT (LENGTH_MEASURE( 1.000000000000000082E-05 ), #5187, 'distance_accuracy_value', 'NONE');
#1203 = CARTESIAN_POINT ( 'NONE',  ( -0.3374999999999980238, 0.9199999999999990408, 0.07999999999999919675 ) ) ;
#1204 = VECTOR ( 'NONE', #7076, 1000.000000000000000 ) ;
#1205 = EDGE_LOOP ( 'NONE', ( #3488, #6035, #3724, #3801, #128, #1504, #6296, #651, #6914, #7003, #1343 ) ) ;
#1206 = CARTESIAN_POINT ( 'NONE',  ( 0.3250000000000023981, 0.9999999999999988898, 0.3099999999999979994 ) ) ;
#1207 = AXIS2_PLACEMENT_3D ( 'NONE', #4858, #2411, #6743 ) ;
#1208 = ORIENTED_EDGE ( 'NONE', *, *, #3939, .T. ) ;
#1209 = ORIENTED_EDGE ( 'NONE', *, *, #2241, .T. ) ;
#1210 =( GEOMETRIC_REPRESENTATION_CONTEXT ( 3 ) GLOBAL_UNCERTAINTY_ASSIGNED_CONTEXT ( ( #2976 ) ) GLOBAL_UNIT_ASSIGNED_CONTEXT ( ( #2566, #3628, #4930 ) ) REPRESENTATION_CONTEXT ( 'NONE', 'WORKASPACE' ) );
#1211 = DIRECTION ( 'NONE',  ( -2.439197797730288502E-32, 1.000000000000000000, -1.065228634467009955E-16 ) ) ;
#1212 = ORIENTED_EDGE ( 'NONE', *, *, #457, .F. ) ;
#1213 = ADVANCED_FACE ( 'NONE', ( #3620 ), #743, .T. ) ;
#1214 = VECTOR ( 'NONE', #3145, 1000.000000000000000 ) ;
#1215 = ADVANCED_FACE ( 'NONE', ( #6283 ), #6091, .T. ) ;
#1216 = LINE ( 'NONE', #3335, #5949 ) ;
#1217 = ORIENTED_EDGE ( 'NONE', *, *, #4572, .F. ) ;
#1218 = DIRECTION ( 'NONE',  ( 1.000000000000000000, -5.243344273594249610E-32, -2.289834988289389802E-16 ) ) ;
#1219 =( LENGTH_UNIT ( ) NAMED_UNIT ( * ) SI_UNIT ( .MILLI., .METRE. ) );
#1220 = CARTESIAN_POINT ( 'NONE',  ( -1.324999999999999956, 0.9431866336109969717, 0.06541154699933869610 ) ) ;
#1221 = ORIENTED_EDGE ( 'NONE', *, *, #5529, .F. ) ;
#1222 = LINE ( 'NONE', #6845, #2682 ) ;
#1223 = DIRECTION ( 'NONE',  ( 2.289834988289389802E-16, -0.0000000000000000000, 1.000000000000000000 ) ) ;
#1224 = DIRECTION ( 'NONE',  ( -2.289834988289389802E-16, 0.0000000000000000000, -1.000000000000000000 ) ) ;
#1225 = FACE_OUTER_BOUND ( 'NONE', #4667, .T. ) ;
#1226 = LINE ( 'NONE', #2405, #2905 ) ;
#1227 = VERTEX_POINT ( 'NONE', #2235 ) ;
#1228 = VERTEX_POINT ( 'NONE', #4750 ) ;
#1229 = SURFACE_STYLE_FILL_AREA ( #4108 ) ;
#1230 = DIRECTION ( 'NONE',  ( -1.000000000000000000, -0.0000000000000000000, 2.289834988289389802E-16 ) ) ;
#1231 = VECTOR ( 'NONE', #378, 1000.000000000000000 ) ;
#1232 = CARTESIAN_POINT ( 'NONE',  ( -2.765000000000000124, -1.899999999999999911, 0.8199999999999999512 ) ) ;
#1233 = LINE ( 'NONE', #64, #7600 ) ;
#1234 = EDGE_CURVE ( 'NONE', #5015, #3687, #4435, .T. ) ;
#1235 = EDGE_CURVE ( 'NONE', #4771, #4252, #3041, .T. ) ;
#1236 = DIRECTION ( 'NONE',  ( 1.000000000000000000, -5.243344273594249610E-32, -2.289834988289389802E-16 ) ) ;
#1237 = ADVANCED_FACE ( 'NONE', ( #7531 ), #2326, .T. ) ;
#1238 = ORIENTED_EDGE ( 'NONE', *, *, #2988, .T. ) ;
#1239 = VERTEX_POINT ( 'NONE', #1832 ) ;
#1240 = VECTOR ( 'NONE', #545, 1000.000000000000000 ) ;
#1241 = DIRECTION ( 'NONE',  ( -0.7071067811865520136, 0.0000000000000000000, 0.7071067811865431318 ) ) ;
#1242 = LINE ( 'NONE', #6959, #5972 ) ;
#1243 = CARTESIAN_POINT ( 'NONE',  ( 1.850000000000000089, 1.350000000000000089, 0.3099999999999980549 ) ) ;
#1244 = DIRECTION ( 'NONE',  ( -0.0000000000000000000, 2.289834988289389802E-16, 1.000000000000000000 ) ) ;
#1245 = AXIS2_PLACEMENT_3D ( 'NONE', #5736, #2049, #6368 ) ;
#1246 = VERTEX_POINT ( 'NONE', #7834 ) ;
#1247 = EDGE_LOOP ( 'NONE', ( #3377, #3008, #7500, #3530, #6218, #4387, #5690, #5235, #6592 ) ) ;
#1248 = EDGE_CURVE ( 'NONE', #2471, #7663, #5330, .T. ) ;
#1249 = SURFACE_STYLE_FILL_AREA ( #1547 ) ;
#1250 = CARTESIAN_POINT ( 'NONE',  ( -0.1749999999999980738, 0.9999999999999988898, 0.3099999999999979994 ) ) ;
#1251 = CARTESIAN_POINT ( 'NONE',  ( 1.175000000000000044, 1.299999999999990274, 0.04999999999999939215 ) ) ;
#1252 = EDGE_CURVE ( 'NONE', #5699, #2761, #6974, .T. ) ;
#1253 = CARTESIAN_POINT ( 'NONE',  ( -47.60249999999999915, 0.9999999999999988898, 0.03000000000000980008 ) ) ;
#1254 = CARTESIAN_POINT ( 'NONE',  ( 2.384999999999996234, -1.899999999999999023, 0.9999999999999993339 ) ) ;
#1255 = ORIENTED_EDGE ( 'NONE', *, *, #5170, .T. ) ;
#1256 = LINE ( 'NONE', #7231, #2931 ) ;
#1257 = LINE ( 'NONE', #270, #5987 ) ;
#1258 = ADVANCED_FACE ( 'NONE', ( #2044 ), #6191, .F. ) ;
#1259 = DIRECTION ( 'NONE',  ( 5.243344273594270410E-32, -1.000000000000000000, 2.289834988289389802E-16 ) ) ;
#1260 = DIRECTION ( 'NONE',  ( 1.000000000000000000, -5.243344273594249610E-32, -2.289834988289389802E-16 ) ) ;
#1261 = ORIENTED_EDGE ( 'NONE', *, *, #1571, .T. ) ;
#1262 = VECTOR ( 'NONE', #2562, 1000.000000000000114 ) ;
#1263 = LINE ( 'NONE', #4789, #2729 ) ;
#1264 = FILL_AREA_STYLE ('',( #4947 ) ) ;
#1265 = DIRECTION ( 'NONE',  ( 1.000000000000000000, 0.0000000000000000000, -2.289834988289389802E-16 ) ) ;
#1266 = ORIENTED_EDGE ( 'NONE', *, *, #5938, .T. ) ;
#1267 = PRESENTATION_STYLE_ASSIGNMENT (( #4051 ) ) ;
#1268 = FILL_AREA_STYLE_COLOUR ( '', #1485 ) ;
#1269 = CARTESIAN_POINT ( 'NONE',  ( 3.000000000000000000, -1.000000000000000000, 0.8416139999999979748 ) ) ;
#1270 = CARTESIAN_POINT ( 'NONE',  ( 1.675000000000000044, 0.9499999999999869660, 0.03619548911246030926 ) ) ;
#1271 = ORIENTED_EDGE ( 'NONE', *, *, #5175, .F. ) ;
#1272 = ORIENTED_EDGE ( 'NONE', *, *, #5045, .T. ) ;
#1273 = DIRECTION ( 'NONE',  ( 2.289834988289389802E-16, -0.0000000000000000000, 1.000000000000000000 ) ) ;
#1274 = VECTOR ( 'NONE', #1395, 1000.000000000000000 ) ;
#1275 = DIRECTION ( 'NONE',  ( 0.0000000000000000000, 0.7071067811865441310, 0.7071067811865510144 ) ) ;
#1276 = EDGE_CURVE ( 'NONE', #7656, #4657, #1471, .T. ) ;
#1277 = EDGE_CURVE ( 'NONE', #1182, #4396, #7828, .T. ) ;
#1278 = ORIENTED_EDGE ( 'NONE', *, *, #2157, .T. ) ;
#1279 = ORIENTED_EDGE ( 'NONE', *, *, #7430, .F. ) ;
#1280 = DIRECTION ( 'NONE',  ( -0.0000000000000000000, 0.8000000000000000444, -0.5999999999999999778 ) ) ;
#1282 = CARTESIAN_POINT ( 'NONE',  ( -1.837499999999999911, 0.9199999999999990408, 0.07999999999999950206 ) ) ;
#1281 = DIRECTION ( 'NONE',  ( 0.0000000000000000000, 0.9751328557914595851, 0.2216211035889688874 ) ) ;
#1283 = DIRECTION ( 'NONE',  ( -1.000000000000000000, 0.0000000000000000000, 2.289834988289389802E-16 ) ) ;
#1284 = ORIENTED_EDGE ( 'NONE', *, *, #5427, .T. ) ;
#1285 = ORIENTED_EDGE ( 'NONE', *, *, #1562, .T. ) ;
#1286 = MECHANICAL_DESIGN_GEOMETRIC_PRESENTATION_REPRESENTATION (  '', ( #453 ), #1726 ) ;
#1287 = DIRECTION ( 'NONE',  ( -5.326143172335038067E-17, 1.000000000000000000, -5.326143172335105860E-17 ) ) ;
#1288 = EDGE_CURVE ( 'NONE', #2563, #5623, #4726, .T. ) ;
#1289 = FACE_BOUND ( 'NONE', #7861, .T. ) ;
#1290 = EDGE_CURVE ( 'NONE', #5399, #2598, #4533, .T. ) ;
#1291 = DIRECTION ( 'NONE',  ( 2.439197797730288502E-32, -1.000000000000000000, 1.065228634467009955E-16 ) ) ;
#1292 = ORIENTED_EDGE ( 'NONE', *, *, #3399, .F. ) ;
#1293 = ADVANCED_FACE ( 'NONE', ( #5992 ), #3571, .F. ) ;
#1294 = ORIENTED_EDGE ( 'NONE', *, *, #7200, .T. ) ;
#1295 = CARTESIAN_POINT ( 'NONE',  ( 1.662500000000000089, 0.9199999999999990408, 0.07999999999999840572 ) ) ;
#1296 = SURFACE_STYLE_USAGE ( .BOTH. , #4987 ) ;
#1297 =( NAMED_UNIT ( * ) SI_UNIT ( $, .STERADIAN. ) SOLID_ANGLE_UNIT ( ) );
#1298 = COLOUR_RGB ( '',0.3176470588235293935, 0.2470588235294117752, 0.2078431372549019440 ) ;
#1299 = DIRECTION ( 'NONE',  ( -1.000000000000000000, 5.243344273594249610E-32, 2.289834988289389802E-16 ) ) ;
#1300 = LINE ( 'NONE', #2881, #1096 ) ;
#1301 = ORIENTED_EDGE ( 'NONE', *, *, #1815, .F. ) ;
#1302 = AXIS2_PLACEMENT_3D ( 'NONE', #6383, #7065, #286 ) ;
#1303 = ORIENTED_EDGE ( 'NONE', *, *, #7137, .F. ) ;
#1304 = ORIENTED_EDGE ( 'NONE', *, *, #2938, .T. ) ;
#1305 = SURFACE_STYLE_USAGE ( .BOTH. , #1930 ) ;
#1306 = ORIENTED_EDGE ( 'NONE', *, *, #903, .T. ) ;
#1307 = LINE ( 'NONE', #2008, #7676 ) ;
#1308 = DIRECTION ( 'NONE',  ( 0.0000000000000000000, 1.065228634467009955E-16, 1.000000000000000000 ) ) ;
#1309 = ORIENTED_EDGE ( 'NONE', *, *, #2749, .F. ) ;
#1310 = ORIENTED_EDGE ( 'NONE', *, *, #6580, .F. ) ;
#1312 = CARTESIAN_POINT ( 'NONE',  ( -7.285000000000001030, -0.6000000000000009770, 0.6900000000000009459 ) ) ;
#1311 = CARTESIAN_POINT ( 'NONE',  ( 2.765000000000000124, -1.100000000000000089, 0.4599999999999979661 ) ) ;
#1313 = ORIENTED_EDGE ( 'NONE', *, *, #4623, .T. ) ;
#1314 = CYLINDRICAL_SURFACE ( 'NONE', #2847, 0.04999999999999975298 ) ;
#1315 = DIRECTION ( 'NONE',  ( 2.031580073665170638E-16, -0.4613527366419891695, 0.8872168012345953425 ) ) ;
#1316 = EDGE_LOOP ( 'NONE', ( #3368, #3555, #2830, #7981 ) ) ;
#1317 = VECTOR ( 'NONE', #1053, 1000.000000000000000 ) ;
#1318 = AXIS2_PLACEMENT_3D ( 'NONE', #5613, #5161, #5053 ) ;
#1319 = VECTOR ( 'NONE', #3784, 1000.000000000000000 ) ;
#1320 = CARTESIAN_POINT ( 'NONE',  ( 2.615000000000000213, -1.550000000000000266, -1.680513367352531873E-15 ) ) ;
#1321 = DIRECTION ( 'NONE',  ( -2.232893331421829163E-16, 0.2216211035889688874, -0.9751328557914595851 ) ) ;
#1322 = ORIENTED_EDGE ( 'NONE', *, *, #607, .T. ) ;
#1323 = DIRECTION ( 'NONE',  ( -0.7071067811865520136, 0.0000000000000000000, 0.7071067811865431318 ) ) ;
#1324 = CARTESIAN_POINT ( 'NONE',  ( -1.675000000000000044, 0.9431866336109966387, 0.06541154699933875161 ) ) ;
#1325 = FACE_OUTER_BOUND ( 'NONE', #2740, .T. ) ;
#1326 = EDGE_CURVE ( 'NONE', #28, #1878, #1263, .T. ) ;
#1327 = EDGE_CURVE ( 'NONE', #2964, #4916, #7433, .T. ) ;
#1328 = STYLED_ITEM ( 'NONE', ( #2548 ), #7878 ) ;
#1329 = DIRECTION ( 'NONE',  ( 1.000000000000000000, 0.0000000000000000000, -2.289834988289389802E-16 ) ) ;
#1330 = ORIENTED_EDGE ( 'NONE', *, *, #1858, .T. ) ;
#1331 = LINE ( 'NONE', #5741, #4409 ) ;
#1332 = CARTESIAN_POINT ( 'NONE',  ( 0.1750000000000020151, 0.9431866336109969717, 0.06541154699933840466 ) ) ;
#1333 = CARTESIAN_POINT ( 'NONE',  ( -0.1749999999999979905, 1.249999999999988676, 5.702578166622002544E-16 ) ) ;
#1334 = ADVANCED_FACE ( 'NONE', ( #5800 ), #6038, .T. ) ;
#1335 = DIRECTION ( 'NONE',  ( -1.000000000000000000, 0.0000000000000000000, 2.289834988289389802E-16 ) ) ;
#1336 = ORIENTED_EDGE ( 'NONE', *, *, #7692, .F. ) ;
#1337 = VERTEX_POINT ( 'NONE', #5989 ) ;
#1338 = FACE_OUTER_BOUND ( 'NONE', #7261, .T. ) ;
#1339 = DIRECTION ( 'NONE',  ( 1.000000000000000000, -5.243344273594249610E-32, -2.289834988289389802E-16 ) ) ;
#1340 = EDGE_CURVE ( 'NONE', #4546, #478, #3615, .T. ) ;
#1341 = VECTOR ( 'NONE', #3497, 1000.000000000000000 ) ;
#1342 = PLANE ( 'NONE',  #1764 ) ;
#1343 = ORIENTED_EDGE ( 'NONE', *, *, #6780, .F. ) ;
#1344 = ORIENTED_EDGE ( 'NONE', *, *, #6355, .T. ) ;
#1345 = DIRECTION ( 'NONE',  ( -1.000000000000000000, 5.243344273594249610E-32, 2.289834988289389802E-16 ) ) ;
#1346 = LINE ( 'NONE', #1365, #6076 ) ;
#1347 = DIRECTION ( 'NONE',  ( 0.0000000000000000000, -1.000000000000000000, 2.289834988289389802E-16 ) ) ;
#1348 =( GEOMETRIC_REPRESENTATION_CONTEXT ( 3 ) GLOBAL_UNCERTAINTY_ASSIGNED_CONTEXT ( ( #2300 ) ) GLOBAL_UNIT_ASSIGNED_CONTEXT ( ( #2355, #6690, #3018 ) ) REPRESENTATION_CONTEXT ( 'NONE', 'WORKASPACE' ) );
#1349 = DIRECTION ( 'NONE',  ( 0.0000000000000000000, 1.000000000000000000, -2.289834988289389802E-16 ) ) ;
#1350 = CARTESIAN_POINT ( 'NONE',  ( 0.3250000000000019540, 0.9999999999999988898, 0.07866077735406402927 ) ) ;
#1351 = ORIENTED_EDGE ( 'NONE', *, *, #6833, .F. ) ;
#1352 = ORIENTED_EDGE ( 'NONE', *, *, #1714, .F. ) ;
#1353 = CIRCLE ( 'NONE', #1842, 0.05000000000000070360 ) ;
#1354 = EDGE_CURVE ( 'NONE', #5066, #4665, #1938, .T. ) ;
#1355 = CARTESIAN_POINT ( 'NONE',  ( 1.824999999999999956, 0.9199999999999866063, 0.03619548911246029538 ) ) ;
#1356 = CIRCLE ( 'NONE', #7314, 0.04999999999999979461 ) ;
#1357 = CARTESIAN_POINT ( 'NONE',  ( 3.325000000000000178, 0.9999999999999988898, 0.07999999999999939104 ) ) ;
#1358 = LINE ( 'NONE', #694, #7724 ) ;
#1359 = ORIENTED_EDGE ( 'NONE', *, *, #1761, .F. ) ;
#1360 = VECTOR ( 'NONE', #2398, 1000.000000000000000 ) ;
#1361 = DIRECTION ( 'NONE',  ( -2.289834988289389802E-16, -2.289834988289389802E-16, -1.000000000000000000 ) ) ;
#1362 = PRESENTATION_STYLE_ASSIGNMENT (( #4347 ) ) ;
#1363 = DIRECTION ( 'NONE',  ( 0.7071067811865480168, -0.0000000000000000000, 0.7071067811865470176 ) ) ;
#1364 = AXIS2_PLACEMENT_3D ( 'NONE', #7150, #3472, #7751 ) ;
#1365 = CARTESIAN_POINT ( 'NONE',  ( -1.675000000000000266, 1.673724317761259961, 0.3099999999999988320 ) ) ;
#1366 = AXIS2_PLACEMENT_3D ( 'NONE', #5641, #1758, #4271 ) ;
#1367 = ORIENTED_EDGE ( 'NONE', *, *, #108, .T. ) ;
#1368 = PLANE ( 'NONE',  #4232 ) ;
#1369 = VECTOR ( 'NONE', #6968, 1000.000000000000000 ) ;
#1370 = LINE ( 'NONE', #2791, #1171 ) ;
#1371 = FILL_AREA_STYLE ('',( #5067 ) ) ;
#1372 = ORIENTED_EDGE ( 'NONE', *, *, #1954, .T. ) ;
#1373 = VERTEX_POINT ( 'NONE', #5509 ) ;
#1374 = CARTESIAN_POINT ( 'NONE',  ( -2.765000000000000124, -1.799999999999990274, 0.4200000000000000400 ) ) ;
#1375 = ORIENTED_EDGE ( 'NONE', *, *, #4899, .F. ) ;
#1376 =( GEOMETRIC_REPRESENTATION_CONTEXT ( 3 ) GLOBAL_UNCERTAINTY_ASSIGNED_CONTEXT ( ( #4607 ) ) GLOBAL_UNIT_ASSIGNED_CONTEXT ( ( #3828, #76, #4415 ) ) REPRESENTATION_CONTEXT ( 'NONE', 'WORKASPACE' ) );
#1377 = PLANE ( 'NONE',  #7991 ) ;
#1378 = ADVANCED_FACE ( 'NONE', ( #274 ), #5486, .F. ) ;
#1379 = LINE ( 'NONE', #6571, #3060 ) ;
#1380 = PLANE ( 'NONE',  #5097 ) ;
#1381 = DIRECTION ( 'NONE',  ( -0.0000000000000000000, -1.065228634467009955E-16, -1.000000000000000000 ) ) ;
#1382 = DIRECTION ( 'NONE',  ( 5.243344273594249610E-32, 1.000000000000000000, -1.200639317332292868E-47 ) ) ;
#1383 = CARTESIAN_POINT ( 'NONE',  ( -0.6749999999999980460, 1.299999999999990274, 0.1705002310154649925 ) ) ;
#1384 = ORIENTED_EDGE ( 'NONE', *, *, #3965, .F. ) ;
#1385 = EDGE_LOOP ( 'NONE', ( #6061, #2669, #2754, #3503 ) ) ;
#1386 = DIRECTION ( 'NONE',  ( 0.0000000000000000000, 0.0000000000000000000, 1.000000000000000000 ) ) ;
#1387 = LINE ( 'NONE', #3146, #7753 ) ;
#1388 = EDGE_CURVE ( 'NONE', #3854, #1612, #1763, .T. ) ;
#1389 = EDGE_CURVE ( 'NONE', #3734, #6872, #68, .T. ) ;
#1390 = FACE_OUTER_BOUND ( 'NONE', #3464, .T. ) ;
#1391 = DIRECTION ( 'NONE',  ( 1.000000000000000000, -5.243344273594249610E-32, -2.289834988289389802E-16 ) ) ;
#1392 = EDGE_LOOP ( 'NONE', ( #3469, #1172, #5006, #5849 ) ) ;
#1393 = DIRECTION ( 'NONE',  ( 2.804146475863970139E-32, 1.000000000000000000, -1.065228634467009955E-16 ) ) ;
#1394 = ORIENTED_EDGE ( 'NONE', *, *, #5007, .F. ) ;
#1395 = DIRECTION ( 'NONE',  ( -0.0000000000000000000, -0.8035571933447460680, -0.5952275506257370674 ) ) ;
#1396 = CARTESIAN_POINT ( 'NONE',  ( -2.765000000000000124, -1.824999999999989964, 0.1700000000000000122 ) ) ;
#1397 = CARTESIAN_POINT ( 'NONE',  ( 0.8250000000000019540, 0.9999999999999988898, 0.3099999999999981659 ) ) ;
#1398 = VECTOR ( 'NONE', #4895, 1000.000000000000000 ) ;
#1399 = VERTEX_POINT ( 'NONE', #5416 ) ;
#1400 = ORIENTED_EDGE ( 'NONE', *, *, #3641, .F. ) ;
#1401 = CARTESIAN_POINT ( 'NONE',  ( 2.770000000000000018, 1.673724317761259961, 0.3099999999999977773 ) ) ;
#1402 = EDGE_CURVE ( 'NONE', #3264, #1399, #1568, .T. ) ;
#1403 = EDGE_CURVE ( 'NONE', #1134, #3663, #3228, .T. ) ;
#1404 = DIRECTION ( 'NONE',  ( -0.7071067811865536790, 0.7071067811865414665, 1.533293416683343471E-15 ) ) ;
#1405 =( LENGTH_UNIT ( ) NAMED_UNIT ( * ) SI_UNIT ( .MILLI., .METRE. ) );
#1406 = FACE_OUTER_BOUND ( 'NONE', #8043, .T. ) ;
#1407 = SURFACE_STYLE_FILL_AREA ( #4539 ) ;
#1408 = ORIENTED_EDGE ( 'NONE', *, *, #6623, .F. ) ;
#1409 =( NAMED_UNIT ( * ) PLANE_ANGLE_UNIT ( ) SI_UNIT ( $, .RADIAN. ) );
#1410 = DIRECTION ( 'NONE',  ( 5.243344273594249610E-32, 1.000000000000000000, -1.200639317332292868E-47 ) ) ;
#1411 = ORIENTED_EDGE ( 'NONE', *, *, #7443, .T. ) ;
#1412 = ORIENTED_EDGE ( 'NONE', *, *, #4004, .T. ) ;
#1413 = CARTESIAN_POINT ( 'NONE',  ( 1.175000000000000044, 0.9199999999999860512, -1.110223024625160090E-15 ) ) ;
#1414 = SURFACE_SIDE_STYLE ('',( #7404 ) ) ;
#1415 = ORIENTED_EDGE ( 'NONE', *, *, #4884, .F. ) ;
#1416 = ORIENTED_EDGE ( 'NONE', *, *, #4483, .F. ) ;
#1417 = MECHANICAL_DESIGN_GEOMETRIC_PRESENTATION_REPRESENTATION (  '', ( #140 ), #1838 ) ;
#1418 = VECTOR ( 'NONE', #642, 1000.000000000000114 ) ;
#1419 = FACE_OUTER_BOUND ( 'NONE', #4962, .T. ) ;
#1420 = VERTEX_POINT ( 'NONE', #6131 ) ;
#1421 = AXIS2_PLACEMENT_3D ( 'NONE', #3911, #1435, #5740 ) ;
#1422 = DIRECTION ( 'NONE',  ( 2.289834988289389802E-16, -0.0000000000000000000, 1.000000000000000000 ) ) ;
#1423 = ORIENTED_EDGE ( 'NONE', *, *, #292, .F. ) ;
#1424 = VECTOR ( 'NONE', #1259, 1000.000000000000000 ) ;
#1425 = DIRECTION ( 'NONE',  ( -1.000000000000000000, 5.243344273594249610E-32, 2.289834988289389802E-16 ) ) ;
#1426 = ADVANCED_FACE ( 'NONE', ( #6274 ), #5127, .T. ) ;
#1427 = CARTESIAN_POINT ( 'NONE',  ( -0.3249999999999980127, 0.9199999999999860512, -6.661338147750940229E-16 ) ) ;
#1428 = LINE ( 'NONE', #6885, #7788 ) ;
#1429 = SURFACE_STYLE_USAGE ( .BOTH. , #5116 ) ;
#1430 = CARTESIAN_POINT ( 'NONE',  ( -2.615000000000000213, -1.799999999999990274, 0.5200000000000003508 ) ) ;
#1431 = ORIENTED_EDGE ( 'NONE', *, *, #2927, .T. ) ;
#1432 = ORIENTED_EDGE ( 'NONE', *, *, #1577, .T. ) ;
#1433 = VECTOR ( 'NONE', #961, 1000.000000000000000 ) ;
#1434 = AXIS2_PLACEMENT_3D ( 'NONE', #4828, #5463, #1780 ) ;
#1435 = DIRECTION ( 'NONE',  ( 1.000000000000000000, -5.243344273594249610E-32, -2.289834988289389802E-16 ) ) ;
#1436 = VECTOR ( 'NONE', #5945, 1000.000000000000114 ) ;
#1437 = CARTESIAN_POINT ( 'NONE',  ( -0.3249999999999980682, 1.249999999999990008, -7.860465750519907147E-16 ) ) ;
#1438 = VECTOR ( 'NONE', #3183, 999.9999999999998863 ) ;
#1439 = DIRECTION ( 'NONE',  ( -1.000000000000000000, 5.243344273594249610E-32, 2.289834988289389802E-16 ) ) ;
#1440 = ORIENTED_EDGE ( 'NONE', *, *, #3196, .T. ) ;
#1441 = VECTOR ( 'NONE', #5441, 1000.000000000000000 ) ;
#1442 =( LENGTH_UNIT ( ) NAMED_UNIT ( * ) SI_UNIT ( .MILLI., .METRE. ) );
#1443 = DIRECTION ( 'NONE',  ( -1.000000000000000000, 2.804146475863970139E-32, -2.987057121330055487E-48 ) ) ;
#1444 = LINE ( 'NONE', #5192, #7807 ) ;
#1445 = DIRECTION ( 'NONE',  ( 1.000000000000000000, -1.144917494144696380E-16, -1.144917494144614043E-16 ) ) ;
#1446 = CARTESIAN_POINT ( 'NONE',  ( -23.38500000000000156, -1.900000000000000133, 0.09999999999999885369 ) ) ;
#1447 = VECTOR ( 'NONE', #2891, 1000.000000000000000 ) ;
#1448 = EDGE_CURVE ( 'NONE', #2333, #3543, #4625, .T. ) ;
#1449 = EDGE_CURVE ( 'NONE', #7804, #722, #1356, .T. ) ;
#1450 = ORIENTED_EDGE ( 'NONE', *, *, #500, .T. ) ;
#1451 = ORIENTED_EDGE ( 'NONE', *, *, #7473, .T. ) ;
#1452 = CARTESIAN_POINT ( 'NONE',  ( -0.8249999999999979572, 1.299999999999999378, 0.1099999999999990152 ) ) ;
#1453 = LINE ( 'NONE', #2095, #4516 ) ;
#1454 = DIRECTION ( 'NONE',  ( -1.000000000000000000, 2.804146475863970139E-32, -2.987057121330055487E-48 ) ) ;
#1455 = CARTESIAN_POINT ( 'NONE',  ( 0.07500000000000021927, 0.9999999999999988898, 0.05499999999999909128 ) ) ;
#1457 = AXIS2_PLACEMENT_3D ( 'NONE', #4759, #1712, #6010 ) ;
#1456 = CARTESIAN_POINT ( 'NONE',  ( -2.765000000000000124, -1.464196000000000053, 0.5100000000000000089 ) ) ;
#1458 = ORIENTED_EDGE ( 'NONE', *, *, #6288, .T. ) ;
#1459 = ORIENTED_EDGE ( 'NONE', *, *, #7389, .T. ) ;
#1460 = EDGE_CURVE ( 'NONE', #5205, #1787, #3034, .T. ) ;
#1461 = LINE ( 'NONE', #2130, #6185 ) ;
#1462 = DIRECTION ( 'NONE',  ( -1.000000000000000000, 2.804146475863970139E-32, -2.987057121330055487E-48 ) ) ;
#1463 = CARTESIAN_POINT ( 'NONE',  ( 2.615000000000000213, 0.7999999999999990452, 0.8199999999999979527 ) ) ;
#1464 = SURFACE_SIDE_STYLE ('',( #6910 ) ) ;
#1465 = EDGE_CURVE ( 'NONE', #5304, #2151, #6083, .T. ) ;
#1466 = DIRECTION ( 'NONE',  ( 1.000000000000000000, 0.0000000000000000000, -2.289834988289389802E-16 ) ) ;
#1467 = SURFACE_SIDE_STYLE ('',( #7824 ) ) ;
#1468 = DIRECTION ( 'NONE',  ( 0.0000000000000000000, -0.9738685962292471521, -0.2271122129663563083 ) ) ;
#1469 = LINE ( 'NONE', #4950, #6189 ) ;
#1470 = DIRECTION ( 'NONE',  ( 1.000000000000000000, -5.243344273594249610E-32, -2.289834988289389802E-16 ) ) ;
#1471 = LINE ( 'NONE', #1175, #3137 ) ;
#1472 =( GEOMETRIC_REPRESENTATION_CONTEXT ( 3 ) GLOBAL_UNCERTAINTY_ASSIGNED_CONTEXT ( ( #6002 ) ) GLOBAL_UNIT_ASSIGNED_CONTEXT ( ( #1178, #5512, #1822 ) ) REPRESENTATION_CONTEXT ( 'NONE', 'WORKASPACE' ) );
#1473 = CARTESIAN_POINT ( 'NONE',  ( -2.765000000000000124, -1.149999999999999911, 0.06782713613135760156 ) ) ;
#1474 = DIRECTION ( 'NONE',  ( 0.0000000000000000000, 0.0000000000000000000, -1.000000000000000000 ) ) ;
#1475 = DIRECTION ( 'NONE',  ( 2.289834988289389802E-16, 0.0000000000000000000, 1.000000000000000000 ) ) ;
#1476 = CARTESIAN_POINT ( 'NONE',  ( -1.674999999999999822, 0.9999999999999988898, 0.3099999999999979994 ) ) ;
#1477 = EDGE_CURVE ( 'NONE', #3440, #1612, #7721, .T. ) ;
#1478 = EDGE_LOOP ( 'NONE', ( #3848, #5400, #7979, #4006 ) ) ;
#1479 = FACE_OUTER_BOUND ( 'NONE', #7686, .T. ) ;
#1480 = DIRECTION ( 'NONE',  ( 0.0000000000000000000, 1.065228634467009955E-16, 1.000000000000000000 ) ) ;
#1481 = DIRECTION ( 'NONE',  ( -0.7071067811865536790, -0.7071067811865414665, 1.533293416683343471E-15 ) ) ;
#1482 = EDGE_LOOP ( 'NONE', ( #1681, #4233, #811, #4007 ) ) ;
#1483 = CARTESIAN_POINT ( 'NONE',  ( -2.765000000000000124, -1.649999999999999911, 0.1699999999999997902 ) ) ;
#1484 = DIRECTION ( 'NONE',  ( 1.000000000000000000, -5.243344273594249610E-32, -2.289834988289389802E-16 ) ) ;
#1485 = COLOUR_RGB ( '',0.3176470588235293935, 0.2470588235294117752, 0.2078431372549019440 ) ;
#1486 = CARTESIAN_POINT ( 'NONE',  ( -1.824999999999999956, 1.299999999999994715, 0.1099999999999990152 ) ) ;
#1487 = DIRECTION ( 'NONE',  ( 1.000000000000000000, 0.0000000000000000000, -2.289834988289389802E-16 ) ) ;
#1488 = CARTESIAN_POINT ( 'NONE',  ( -2.799999999999999822, -0.8000000000000020428, 0.1799999999999999933 ) ) ;
#1489 = DIRECTION ( 'NONE',  ( 0.0000000000000000000, 1.065228634467009955E-16, 1.000000000000000000 ) ) ;
#1490 = DIRECTION ( 'NONE',  ( 0.0000000000000000000, 1.065228634467009955E-16, 1.000000000000000000 ) ) ;
#1491 = DIRECTION ( 'NONE',  ( 1.000000000000000000, -5.243344273594249610E-32, -2.289834988289389802E-16 ) ) ;
#1492 = VERTEX_POINT ( 'NONE', #7282 ) ;
#1493 = EDGE_LOOP ( 'NONE', ( #3462, #1982, #6471, #3082 ) ) ;
#1494 = COLOUR_RGB ( '',0.3176470588235293935, 0.2470588235294117752, 0.2078431372549019440 ) ;
#1495 = PRESENTATION_STYLE_ASSIGNMENT (( #5918 ) ) ;
#1496 = CARTESIAN_POINT ( 'NONE',  ( 2.615000000000000213, -1.899999999999999911, 0.3752009999999990075 ) ) ;
#1497 = ORIENTED_EDGE ( 'NONE', *, *, #5671, .T. ) ;
#1498 = ORIENTED_EDGE ( 'NONE', *, *, #77, .T. ) ;
#1499 = DIRECTION ( 'NONE',  ( 0.0000000000000000000, -0.9738685962292471521, -0.2271122129663560307 ) ) ;
#1500 = DIRECTION ( 'NONE',  ( -0.7071067811865471286, 0.0000000000000000000, 0.7071067811865479058 ) ) ;
#1501 = DIRECTION ( 'NONE',  ( 2.804146475863970139E-32, 1.000000000000000000, -1.065228634467009955E-16 ) ) ;
#1502 = DIRECTION ( 'NONE',  ( 0.0000000000000000000, 0.0000000000000000000, -1.000000000000000000 ) ) ;
#1503 = LINE ( 'NONE', #90, #6020 ) ;
#1504 = ORIENTED_EDGE ( 'NONE', *, *, #229, .F. ) ;
#1505 = ORIENTED_EDGE ( 'NONE', *, *, #4996, .F. ) ;
#1506 = CARTESIAN_POINT ( 'NONE',  ( 2.615000000000000213, -1.649999999999999911, 0.1199999999999980388 ) ) ;
#1507 = EDGE_CURVE ( 'NONE', #2459, #4134, #7528, .T. ) ;
#1508 = EDGE_CURVE ( 'NONE', #3148, #7472, #4256, .T. ) ;
#1509 = FACE_OUTER_BOUND ( 'NONE', #2662, .T. ) ;
#1510 = DIRECTION ( 'NONE',  ( -0.7071067811865520136, 0.0000000000000000000, 0.7071067811865431318 ) ) ;
#1511 = VERTEX_POINT ( 'NONE', #1164 ) ;
#1512 = CARTESIAN_POINT ( 'NONE',  ( 2.384999999999999343, -1.899999999999999911, 0.09999999999999865941 ) ) ;
#1513 = ORIENTED_EDGE ( 'NONE', *, *, #804, .F. ) ;
#1514 = VERTEX_POINT ( 'NONE', #7687 ) ;
#1515 = FILL_AREA_STYLE ('',( #7643 ) ) ;
#1516 = ORIENTED_EDGE ( 'NONE', *, *, #7490, .T. ) ;
#1517 = DIRECTION ( 'NONE',  ( -0.7071067811865520136, 0.0000000000000000000, -0.7071067811865431318 ) ) ;
#1518 = CARTESIAN_POINT ( 'NONE',  ( -2.765000000000000124, -1.649999999999999911, 0.1700000000000000122 ) ) ;
#1519 = SURFACE_STYLE_FILL_AREA ( #132 ) ;
#1520 = AXIS2_PLACEMENT_3D ( 'NONE', #7071, #7098, #3425 ) ;
#1521 = ORIENTED_EDGE ( 'NONE', *, *, #7752, .T. ) ;
#1522 = CARTESIAN_POINT ( 'NONE',  ( 4.325000000000000178, 0.9999999999999988898, 0.07999999999999890532 ) ) ;
#1523 = EDGE_CURVE ( 'NONE', #2787, #351, #965, .T. ) ;
#1524 = EDGE_LOOP ( 'NONE', ( #714, #1687, #1768, #6149, #898, #4268, #251, #4871 ) ) ;
#1525 = DIRECTION ( 'NONE',  ( 0.0000000000000000000, 0.7071067811865422437, -0.7071067811865529018 ) ) ;
#1526 = EDGE_CURVE ( 'NONE', #7114, #1239, #7341, .T. ) ;
#1527 = DIRECTION ( 'NONE',  ( -1.000000000000000000, 5.243344273594249610E-32, 2.289834988289389802E-16 ) ) ;
#1528 = ORIENTED_EDGE ( 'NONE', *, *, #486, .F. ) ;
#1529 = LINE ( 'NONE', #836, #6044 ) ;
#1530 = UNCERTAINTY_MEASURE_WITH_UNIT (LENGTH_MEASURE( 1.000000000000000082E-05 ), #1603, 'distance_accuracy_value', 'NONE');
#1531 = ORIENTED_EDGE ( 'NONE', *, *, #1248, .F. ) ;
#1532 = CARTESIAN_POINT ( 'NONE',  ( -0.8249999999999979572, 0.9199999999999860512, -5.551115123125779744E-16 ) ) ;
#1533 = LINE ( 'NONE', #4143, #4219 ) ;
#1534 = CARTESIAN_POINT ( 'NONE',  ( 3.325000000000000178, 0.9999999999999988898, 0.3099999999999979994 ) ) ;
#1535 = FACE_OUTER_BOUND ( 'NONE', #4644, .T. ) ;
#1536 = DIRECTION ( 'NONE',  ( 0.0000000000000000000, -1.000000000000000000, 2.289834988289389802E-16 ) ) ;
#1537 = DIRECTION ( 'NONE',  ( 1.000000000000000000, -2.804146475863970139E-32, 2.987057121330055487E-48 ) ) ;
#1538 = EDGE_LOOP ( 'NONE', ( #7803, #2782, #6122, #2122 ) ) ;
#1539 = VECTOR ( 'NONE', #3617, 1000.000000000000000 ) ;
#1540 = DIRECTION ( 'NONE',  ( 0.7071067811865470176, -0.0000000000000000000, -0.7071067811865480168 ) ) ;
#1541 = AXIS2_PLACEMENT_3D ( 'NONE', #6897, #7508, #3849 ) ;
#1542 = VECTOR ( 'NONE', #4718, 1000.000000000000000 ) ;
#1543 = PLANE ( 'NONE',  #1634 ) ;
#1544 = ORIENTED_EDGE ( 'NONE', *, *, #5875, .F. ) ;
#1545 = VECTOR ( 'NONE', #2842, 1000.000000000000000 ) ;
#1546 = ADVANCED_FACE ( 'NONE', ( #763 ), #3897, .F. ) ;
#1547 = FILL_AREA_STYLE ('',( #5223 ) ) ;
#1548 = DIRECTION ( 'NONE',  ( -1.831867990631509672E-16, -0.5999999999999999778, -0.8000000000000000444 ) ) ;
#1549 = CARTESIAN_POINT ( 'NONE',  ( -2.765000000000000124, -1.050000000000000044, 0.4600000000000000200 ) ) ;
#1550 = DIRECTION ( 'NONE',  ( -2.289834988289389802E-16, 1.200639317332289951E-47, -1.000000000000000000 ) ) ;
#1551 = VERTEX_POINT ( 'NONE', #6108 ) ;
#1552 = VECTOR ( 'NONE', #864, 1000.000000000000000 ) ;
#1553 = SURFACE_STYLE_USAGE ( .BOTH. , #1467 ) ;
#1554 = PLANE ( 'NONE',  #2730 ) ;
#1555 = LINE ( 'NONE', #1649, #4605 ) ;
#1556 = PRESENTATION_STYLE_ASSIGNMENT (( #273 ) ) ;
#1557 = DIRECTION ( 'NONE',  ( -2.289834988289389802E-16, 0.0000000000000000000, -1.000000000000000000 ) ) ;
#1558 = DIRECTION ( 'NONE',  ( -5.326143172335044846E-17, -1.000000000000000000, 5.326143172335112639E-17 ) ) ;
#1559 = ORIENTED_EDGE ( 'NONE', *, *, #1762, .T. ) ;
#1560 = VECTOR ( 'NONE', #704, 1000.000000000000114 ) ;
#1561 = DIRECTION ( 'NONE',  ( 0.0000000000000000000, 1.065228634467009955E-16, 1.000000000000000000 ) ) ;
#1562 = EDGE_CURVE ( 'NONE', #7696, #5835, #7162, .T. ) ;
#1563 = EDGE_CURVE ( 'NONE', #7448, #3465, #5514, .T. ) ;
#1564 = SURFACE_STYLE_FILL_AREA ( #4739 ) ;
#1565 = DIRECTION ( 'NONE',  ( -1.677531811378194763E-16, -1.677531811378194763E-16, -1.000000000000000000 ) ) ;
#1566 = FACE_OUTER_BOUND ( 'NONE', #4672, .T. ) ;
#1567 = DIRECTION ( 'NONE',  ( -2.289834988289389802E-16, -1.065228634467009955E-16, -1.000000000000000000 ) ) ;
#1568 = LINE ( 'NONE', #7259, #7922 ) ;
#1569 = PLANE ( 'NONE',  #466 ) ;
#1570 = CARTESIAN_POINT ( 'NONE',  ( 0.6750000000000010436, 1.350000000000000089, 0.1599999999999988376 ) ) ;
#1571 = EDGE_CURVE ( 'NONE', #5367, #1514, #4077, .T. ) ;
#1572 = EDGE_LOOP ( 'NONE', ( #6708, #5982, #2678, #6139, #6964, #626, #4650, #8025, #2794, #7195, #5614 ) ) ;
#1573 = VECTOR ( 'NONE', #3031, 999.9999999999998863 ) ;
#1574 = SURFACE_SIDE_STYLE ('',( #7756 ) ) ;
#1575 = DIRECTION ( 'NONE',  ( 0.0000000000000000000, 0.0000000000000000000, 1.000000000000000000 ) ) ;
#1576 = DIRECTION ( 'NONE',  ( -1.000000000000000000, 5.243344273594249610E-32, 0.0000000000000000000 ) ) ;
#1577 = EDGE_CURVE ( 'NONE', #4916, #2460, #575, .T. ) ;
#1578 = DIRECTION ( 'NONE',  ( 0.0000000000000000000, 0.0000000000000000000, 1.000000000000000000 ) ) ;
#1579 = CARTESIAN_POINT ( 'NONE',  ( -2.799999999999999822, -0.06999999999979379661, 0.8400000000000105160 ) ) ;
#1580 = ORIENTED_EDGE ( 'NONE', *, *, #3099, .F. ) ;
#1581 = VECTOR ( 'NONE', #5227, 1000.000000000000227 ) ;
#1582 = MECHANICAL_DESIGN_GEOMETRIC_PRESENTATION_REPRESENTATION (  '', ( #727 ), #1980 ) ;
#1583 = LINE ( 'NONE', #4028, #5711 ) ;
#1584 = DIRECTION ( 'NONE',  ( -1.000000000000000000, 0.0000000000000000000, 2.289834988289389802E-16 ) ) ;
#1585 = ADVANCED_FACE ( 'NONE', ( #6966 ), #2412, .T. ) ;
#1586 = DIRECTION ( 'NONE',  ( 0.0000000000000000000, -2.289834988289389802E-16, -1.000000000000000000 ) ) ;
#1587 = ORIENTED_EDGE ( 'NONE', *, *, #6673, .F. ) ;
#1588 = EDGE_LOOP ( 'NONE', ( #1694, #2402, #719, #2560, #6656, #6721 ) ) ;
#1589 = EDGE_LOOP ( 'NONE', ( #3719, #1330, #4304, #4370, #5107, #7386, #5312, #3567, #2858, #1266, #5659, #5359, #3815, #6166, #1108, #4462, #468, #6824, #624, #178, #1516, #5534, #867, #541, #4952, #83, #837, #2370, #5730, #3220, #1521, #4964, #1451, #2777, #398, #6862 ) ) ;
#1590 = SURFACE_STYLE_USAGE ( .BOTH. , #5830 ) ;
#1591 = CARTESIAN_POINT ( 'NONE',  ( 0.1750000000000020151, 1.249999999999990008, -8.881784197001250351E-16 ) ) ;
#1592 = ORIENTED_EDGE ( 'NONE', *, *, #7683, .T. ) ;
#1593 = DIRECTION ( 'NONE',  ( 0.0000000000000000000, -1.000000000000000000, 2.289834988289389802E-16 ) ) ;
#1594 = ORIENTED_EDGE ( 'NONE', *, *, #3792, .F. ) ;
#1595 = CARTESIAN_POINT ( 'NONE',  ( 2.452500000000000124, 0.9999999999999988898, 0.07999999999999796163 ) ) ;
#1596 = AXIS2_PLACEMENT_3D ( 'NONE', #790, #1439, #6375 ) ;
#1597 = LINE ( 'NONE', #2719, #3260 ) ;
#1598 = DIRECTION ( 'NONE',  ( 2.289834988289389802E-16, -0.0000000000000000000, 1.000000000000000000 ) ) ;
#1599 = VECTOR ( 'NONE', #1462, 1000.000000000000000 ) ;
#1600 =( LENGTH_UNIT ( ) NAMED_UNIT ( * ) SI_UNIT ( .MILLI., .METRE. ) );
#1601 = ORIENTED_EDGE ( 'NONE', *, *, #6870, .T. ) ;
#1602 = VERTEX_POINT ( 'NONE', #6710 ) ;
#1603 =( LENGTH_UNIT ( ) NAMED_UNIT ( * ) SI_UNIT ( .MILLI., .METRE. ) );
#1604 = CARTESIAN_POINT ( 'NONE',  ( -1.449999999999999956, 0.6999999999999994005, 0.02999999999999935010 ) ) ;
#1605 = SURFACE_STYLE_USAGE ( .BOTH. , #5293 ) ;
#1606 = EDGE_CURVE ( 'NONE', #7294, #5399, #3133, .T. ) ;
#1607 = EDGE_CURVE ( 'NONE', #4771, #4446, #1461, .T. ) ;
#1608 = CIRCLE ( 'NONE', #4368, 0.02999999999999989828 ) ;
#1609 = STYLED_ITEM ( 'NONE', ( #4281 ), #8016 ) ;
#1610 =( NAMED_UNIT ( * ) SI_UNIT ( $, .STERADIAN. ) SOLID_ANGLE_UNIT ( ) );
#1611 = DIRECTION ( 'NONE',  ( 1.000000000000000000, -0.0000000000000000000, -2.289834988289389802E-16 ) ) ;
#1612 = VERTEX_POINT ( 'NONE', #2581 ) ;
#1613 = ORIENTED_EDGE ( 'NONE', *, *, #5733, .T. ) ;
#1614 = ORIENTED_EDGE ( 'NONE', *, *, #1, .F. ) ;
#1615 = LINE ( 'NONE', #7630, #4669 ) ;
#1616 = VECTOR ( 'NONE', #208, 1000.000000000000000 ) ;
#1617 = VERTEX_POINT ( 'NONE', #327 ) ;
#1618 = VERTEX_POINT ( 'NONE', #410 ) ;
#1619 = ORIENTED_EDGE ( 'NONE', *, *, #1116, .F. ) ;
#1620 = MECHANICAL_DESIGN_GEOMETRIC_PRESENTATION_REPRESENTATION (  '', ( #346 ), #2025 ) ;
#1621 = EDGE_CURVE ( 'NONE', #2627, #6487, #1257, .T. ) ;
#1622 = DIRECTION ( 'NONE',  ( 1.000000000000000000, -5.243344273594249610E-32, -0.0000000000000000000 ) ) ;
#1623 = VERTEX_POINT ( 'NONE', #2965 ) ;
#1624 = VERTEX_POINT ( 'NONE', #467 ) ;
#1625 = ADVANCED_FACE ( 'NONE', ( #2722 ), #5926, .T. ) ;
#1626 = VECTOR ( 'NONE', #1410, 1000.000000000000000 ) ;
#1627 = ORIENTED_EDGE ( 'NONE', *, *, #5799, .T. ) ;
#1628 = DIRECTION ( 'NONE',  ( 0.0000000000000000000, 0.8000000000000000444, -0.5999999999999999778 ) ) ;
#1629 = SURFACE_SIDE_STYLE ('',( #3159 ) ) ;
#1630 = DIRECTION ( 'NONE',  ( 1.000000000000000000, 0.0000000000000000000, -2.289834988289389802E-16 ) ) ;
#1631 = DIRECTION ( 'NONE',  ( -2.439197797730288502E-32, 1.000000000000000000, -1.065228634467009955E-16 ) ) ;
#1632 = VERTEX_POINT ( 'NONE', #1766 ) ;
#1633 = VECTOR ( 'NONE', #6173, 1000.000000000000000 ) ;
#1634 = AXIS2_PLACEMENT_3D ( 'NONE', #6434, #5831, #2140 ) ;
#1635 = FILL_AREA_STYLE_COLOUR ( '', #5118 ) ;
#1636 = AXIS2_PLACEMENT_3D ( 'NONE', #7079, #7060, #7007 ) ;
#1637 =( NAMED_UNIT ( * ) PLANE_ANGLE_UNIT ( ) SI_UNIT ( $, .RADIAN. ) );
#1638 = VECTOR ( 'NONE', #1947, 1000.000000000000000 ) ;
#1639 = DIRECTION ( 'NONE',  ( 5.326143172335032520E-17, -1.000000000000000000, 5.326143172335032520E-17 ) ) ;
#1640 = EDGE_CURVE ( 'NONE', #1093, #388, #7619, .T. ) ;
#1641 = DIRECTION ( 'NONE',  ( -1.000000000000000000, 0.0000000000000000000, -0.0000000000000000000 ) ) ;
#1642 = VERTEX_POINT ( 'NONE', #3353 ) ;
#1643 = VECTOR ( 'NONE', #7103, 1000.000000000000000 ) ;
#1644 = CARTESIAN_POINT ( 'NONE',  ( -47.60249999999999915, 0.9999999999999988898, 0.03000000000000980008 ) ) ;
#1645 = SURFACE_SIDE_STYLE ('',( #3157 ) ) ;
#1646 = LINE ( 'NONE', #7777, #6557 ) ;
#1647 = LINE ( 'NONE', #1282, #3493 ) ;
#1648 = ORIENTED_EDGE ( 'NONE', *, *, #4431, .T. ) ;
#1649 = CARTESIAN_POINT ( 'NONE',  ( 0.1750000000000020151, 0.9199999999999870504, 0.1705002310154649925 ) ) ;
#1650 = VECTOR ( 'NONE', #4200, 1000.000000000000000 ) ;
#1651 = CIRCLE ( 'NONE', #1318, 0.02999999999999989828 ) ;
#1652 =( NAMED_UNIT ( * ) PLANE_ANGLE_UNIT ( ) SI_UNIT ( $, .RADIAN. ) );
#1653 = LINE ( 'NONE', #5873, #4706 ) ;
#1654 = CARTESIAN_POINT ( 'NONE',  ( 1.824999999999999956, 0.9999999999999988898, 0.3099999999999979994 ) ) ;
#1655 = DIRECTION ( 'NONE',  ( -1.000000000000000000, -0.0000000000000000000, -0.0000000000000000000 ) ) ;
#1656 = EDGE_LOOP ( 'NONE', ( #2390, #2288, #1793, #1862 ) ) ;
#1657 = SURFACE_STYLE_FILL_AREA ( #1515 ) ;
#1658 = PLANE ( 'NONE',  #6476 ) ;
#1659 = COLOUR_RGB ( '',0.3176470588235293935, 0.2470588235294117752, 0.2078431372549019440 ) ;
#1660 = AXIS2_PLACEMENT_3D ( 'NONE', #2109, #7055, #3384 ) ;
#1661 = CARTESIAN_POINT ( 'NONE',  ( 1.675000000000000044, 1.350000000000000089, 0.3100000000000010525 ) ) ;
#1662 =( NAMED_UNIT ( * ) SI_UNIT ( $, .STERADIAN. ) SOLID_ANGLE_UNIT ( ) );
#1663 = ORIENTED_EDGE ( 'NONE', *, *, #3140, .F. ) ;
#1664 = FILL_AREA_STYLE ('',( #389 ) ) ;
#1665 = CARTESIAN_POINT ( 'NONE',  ( -2.765000000000000124, -1.899999999999999911, 0.8199999999999999512 ) ) ;
#1666 = ADVANCED_FACE ( 'NONE', ( #472 ), #3406, .T. ) ;
#1667 = CARTESIAN_POINT ( 'NONE',  ( -0.8249999999999979572, 1.350000000000000089, 0.1705002310154649925 ) ) ;
#1668 = EDGE_CURVE ( 'NONE', #7304, #7941, #6857, .T. ) ;
#1669 = EDGE_CURVE ( 'NONE', #45, #6741, #5415, .T. ) ;
#1670 = LINE ( 'NONE', #1915, #4724 ) ;
#1671 = CARTESIAN_POINT ( 'NONE',  ( 2.740710678118653654, 0.4599999999999999645, 0.9192893218813442680 ) ) ;
#1672 = DIRECTION ( 'NONE',  ( 1.000000000000000000, 0.0000000000000000000, -2.289834988289389802E-16 ) ) ;
#1673 = ORIENTED_EDGE ( 'NONE', *, *, #5322, .T. ) ;
#1674 = LINE ( 'NONE', #260, #4538 ) ;
#1675 = CARTESIAN_POINT ( 'NONE',  ( -0.3249999999999980127, 1.299999999999990274, 0.1705002310154649925 ) ) ;
#1677 = AXIS2_PLACEMENT_3D ( 'NONE', #2894, #7212, #3538 ) ;
#1676 =( NAMED_UNIT ( * ) PLANE_ANGLE_UNIT ( ) SI_UNIT ( $, .RADIAN. ) );
#1678 = EDGE_CURVE ( 'NONE', #3914, #6328, #2933, .T. ) ;
#1679 = DIRECTION ( 'NONE',  ( -2.439197797730288502E-32, 1.000000000000000000, -1.065228634467009955E-16 ) ) ;
#1680 = EDGE_CURVE ( 'NONE', #7304, #4717, #1931, .T. ) ;
#1681 = ORIENTED_EDGE ( 'NONE', *, *, #6514, .T. ) ;
#1682 = DIRECTION ( 'NONE',  ( 0.0000000000000000000, 0.9751328557914595851, 0.2216211035889688874 ) ) ;
#1683 =( NAMED_UNIT ( * ) SI_UNIT ( $, .STERADIAN. ) SOLID_ANGLE_UNIT ( ) );
#1684 = VECTOR ( 'NONE', #503, 1000.000000000000000 ) ;
#1685 = CARTESIAN_POINT ( 'NONE',  ( -2.615000000000000213, -1.600000000000000089, 0.05000000000000040523 ) ) ;
#1686 = DIRECTION ( 'NONE',  ( 1.000000000000000000, -0.0000000000000000000, -2.289834988289389802E-16 ) ) ;
#1687 = ORIENTED_EDGE ( 'NONE', *, *, #6397, .T. ) ;
#1688 = ORIENTED_EDGE ( 'NONE', *, *, #516, .F. ) ;
#1689 = SURFACE_STYLE_USAGE ( .BOTH. , #5372 ) ;
#1690 = DIRECTION ( 'NONE',  ( -2.439197797730288502E-32, 1.000000000000000000, -1.065228634467009955E-16 ) ) ;
#1691 = LINE ( 'NONE', #4044, #3354 ) ;
#1692 = AXIS2_PLACEMENT_3D ( 'NONE', #1661, #5957, #2263 ) ;
#1693 = ORIENTED_EDGE ( 'NONE', *, *, #7551, .T. ) ;
#1694 = ORIENTED_EDGE ( 'NONE', *, *, #3742, .T. ) ;
#1695 = DIRECTION ( 'NONE',  ( 0.0000000000000000000, -1.065228634467009955E-16, -1.000000000000000000 ) ) ;
#1696 = PLANE ( 'NONE',  #4191 ) ;
#1697 = LINE ( 'NONE', #6851, #3 ) ;
#1698 = PLANE ( 'NONE',  #7366 ) ;
#1699 = CARTESIAN_POINT ( 'NONE',  ( -0.8249999999999979572, 0.9199999999999866063, 0.03619548911246119743 ) ) ;
#1700 = ADVANCED_FACE ( 'NONE', ( #5009 ), #1377, .T. ) ;
#1701 = AXIS2_PLACEMENT_3D ( 'NONE', #1926, #6238, #2542 ) ;
#1702 = ORIENTED_EDGE ( 'NONE', *, *, #903, .F. ) ;
#1703 = VERTEX_POINT ( 'NONE', #73 ) ;
#1704 = CARTESIAN_POINT ( 'NONE',  ( -2.799999999999999822, 0.8999999999999986899, 0.3099999999999999423 ) ) ;
#1705 = CARTESIAN_POINT ( 'NONE',  ( -0.3249999999999980127, 1.350000000000000089, 0.1099999999999990014 ) ) ;
#1706 = VECTOR ( 'NONE', #4112, 1000.000000000000000 ) ;
#1707 = ORIENTED_EDGE ( 'NONE', *, *, #2821, .F. ) ;
#1708 = DIRECTION ( 'NONE',  ( -0.7071067811865431318, -7.532303909457119365E-17, -0.7071067811865520136 ) ) ;
#1709 = ORIENTED_EDGE ( 'NONE', *, *, #7082, .T. ) ;
#1710 = PLANE ( 'NONE',  #7264 ) ;
#1711 = ORIENTED_EDGE ( 'NONE', *, *, #7041, .F. ) ;
#1712 = DIRECTION ( 'NONE',  ( 1.000000000000000000, -5.243344273594249610E-32, -2.289834988289389802E-16 ) ) ;
#1713 = VERTEX_POINT ( 'NONE', #3862 ) ;
#1714 = EDGE_CURVE ( 'NONE', #983, #1025, #5216, .T. ) ;
#1715 = EDGE_CURVE ( 'NONE', #529, #5844, #3414, .T. ) ;
#1716 = DIRECTION ( 'NONE',  ( -5.326143172335051625E-17, -1.000000000000000000, 5.326143172335119418E-17 ) ) ;
#1717 = VECTOR ( 'NONE', #1611, 1000.000000000000000 ) ;
#1718 = ORIENTED_EDGE ( 'NONE', *, *, #5670, .T. ) ;
#1719 = CARTESIAN_POINT ( 'NONE',  ( 2.765000000000000124, -1.600000000000000089, 0.04999999999999889949 ) ) ;
#1720 = ORIENTED_EDGE ( 'NONE', *, *, #2266, .T. ) ;
#1721 = UNCERTAINTY_MEASURE_WITH_UNIT (LENGTH_MEASURE( 1.000000000000000082E-05 ), #4450, 'distance_accuracy_value', 'NONE');
#1722 = EDGE_LOOP ( 'NONE', ( #5499, #7028, #703, #6376, #7782, #4872 ) ) ;
#1723 = FACE_OUTER_BOUND ( 'NONE', #7577, .T. ) ;
#1724 = CARTESIAN_POINT ( 'NONE',  ( 0.5500000000000005995, 0.9999999999999988898, 0.03000000000000005440 ) ) ;
#1725 = CYLINDRICAL_SURFACE ( 'NONE', #7894, 0.02999999999999989828 ) ;
#1726 =( GEOMETRIC_REPRESENTATION_CONTEXT ( 3 ) GLOBAL_UNCERTAINTY_ASSIGNED_CONTEXT ( ( #3575 ) ) GLOBAL_UNIT_ASSIGNED_CONTEXT ( ( #5333, #1652, #5943 ) ) REPRESENTATION_CONTEXT ( 'NONE', 'WORKASPACE' ) );
#1727 = LINE ( 'NONE', #1250, #7888 ) ;
#1728 = EDGE_CURVE ( 'NONE', #4306, #2333, #265, .T. ) ;
#1729 = CARTESIAN_POINT ( 'NONE',  ( 1.675000000000000044, 1.245779075397750235, 0.1705002310154639933 ) ) ;
#1730 = EDGE_CURVE ( 'NONE', #3186, #54, #6473, .T. ) ;
#1731 = CARTESIAN_POINT ( 'NONE',  ( -0.6749999999999980460, 1.245779075397750235, -5.421010862427522170E-16 ) ) ;
#1732 = ORIENTED_EDGE ( 'NONE', *, *, #1465, .T. ) ;
#1733 = LINE ( 'NONE', #2338, #4786 ) ;
#1734 = CARTESIAN_POINT ( 'NONE',  ( 2.602500000000000036, -1.000000000000000000, 0.4028473352920780015 ) ) ;
#1735 = DIRECTION ( 'NONE',  ( 1.000000000000000000, 1.095226655160557364E-16, -1.478555984466754179E-16 ) ) ;
#1736 = VECTOR ( 'NONE', #7969, 1000.000000000000000 ) ;
#1737 = CARTESIAN_POINT ( 'NONE',  ( 1.824999999999999956, 1.245779075397750235, -1.544988095791843818E-15 ) ) ;
#1738 = VERTEX_POINT ( 'NONE', #3891 ) ;
#1739 = CARTESIAN_POINT ( 'NONE',  ( 2.615000000000000213, -1.799999999999990274, 0.4700000000000000289 ) ) ;
#1740 = VECTOR ( 'NONE', #6888, 1000.000000000000000 ) ;
#1741 = PLANE ( 'NONE',  #1750 ) ;
#1742 = DIRECTION ( 'NONE',  ( 1.000000000000000000, 0.0000000000000000000, -2.289834988289389802E-16 ) ) ;
#1743 = COLOUR_RGB ( '',0.3176470588235293935, 0.2470588235294117752, 0.2078431372549019440 ) ;
#1744 = DIRECTION ( 'NONE',  ( 0.0000000000000000000, 0.0000000000000000000, 1.000000000000000000 ) ) ;
#1745 = ADVANCED_FACE ( 'NONE', ( #4616 ), #6944, .F. ) ;
#1746 = VERTEX_POINT ( 'NONE', #7342 ) ;
#1747 = LINE ( 'NONE', #2176, #6460 ) ;
#1748 = LINE ( 'NONE', #7189, #48 ) ;
#1749 = FACE_OUTER_BOUND ( 'NONE', #1478, .T. ) ;
#1750 = AXIS2_PLACEMENT_3D ( 'NONE', #7307, #3639, #7925 ) ;
#1751 = CARTESIAN_POINT ( 'NONE',  ( -2.765000000000000124, -1.799999999999990274, 0.3700000000000010503 ) ) ;
#1752 = AXIS2_PLACEMENT_3D ( 'NONE', #6864, #6985, #7013 ) ;
#1753 = VERTEX_POINT ( 'NONE', #2514 ) ;
#1754 = VECTOR ( 'NONE', #37, 1000.000000000000000 ) ;
#1755 = CARTESIAN_POINT ( 'NONE',  ( -1.900000000000000355, 0.9199999999999990408, 0.07999999999999890532 ) ) ;
#1756 = VECTOR ( 'NONE', #4766, 1000.000000000000000 ) ;
#1757 = CARTESIAN_POINT ( 'NONE',  ( 0.3250000000000019540, 1.249999999999988676, 3.443823640610534809E-16 ) ) ;
#1758 = DIRECTION ( 'NONE',  ( -1.000000000000000000, 5.243344273594249610E-32, 2.289834988289389802E-16 ) ) ;
#1759 = LINE ( 'NONE', #6971, #67 ) ;
#1760 = SURFACE_SIDE_STYLE ('',( #6715 ) ) ;
#1761 = EDGE_CURVE ( 'NONE', #5885, #4397, #5685, .T. ) ;
#1762 = EDGE_CURVE ( 'NONE', #2761, #4023, #4071, .T. ) ;
#1763 = LINE ( 'NONE', #427, #5020 ) ;
#1764 = AXIS2_PLACEMENT_3D ( 'NONE', #706, #5654, #1962 ) ;
#1765 = DIRECTION ( 'NONE',  ( 1.000000000000000000, -5.243344273594249610E-32, 0.0000000000000000000 ) ) ;
#1766 = CARTESIAN_POINT ( 'NONE',  ( -2.615000000000000213, -1.600000000000000089, 0.1199999999999999956 ) ) ;
#1767 =( LENGTH_UNIT ( ) NAMED_UNIT ( * ) SI_UNIT ( .MILLI., .METRE. ) );
#1768 = ORIENTED_EDGE ( 'NONE', *, *, #6246, .T. ) ;
#1769 = VECTOR ( 'NONE', #6678, 1000.000000000000000 ) ;
#1770 = CARTESIAN_POINT ( 'NONE',  ( -0.6749999999999980460, 0.9999999999999988898, 0.07866077735406430682 ) ) ;
#1771 = EDGE_CURVE ( 'NONE', #2510, #3257, #4814, .T. ) ;
#1772 = VERTEX_POINT ( 'NONE', #4292 ) ;
#1773 = UNCERTAINTY_MEASURE_WITH_UNIT (LENGTH_MEASURE( 1.000000000000000082E-05 ), #1600, 'distance_accuracy_value', 'NONE');
#1774 = LINE ( 'NONE', #6612, #3626 ) ;
#1775 = CARTESIAN_POINT ( 'NONE',  ( -2.265000000000004121, -0.7000000000000007327, 0.6899999999999990585 ) ) ;
#1776 = LINE ( 'NONE', #3904, #81 ) ;
#1777 = DIRECTION ( 'NONE',  ( 2.289834988289389802E-16, 2.289834988289389802E-16, 1.000000000000000000 ) ) ;
#1778 = DIRECTION ( 'NONE',  ( -1.000000000000000000, 5.243344273594249610E-32, 2.289834988289389802E-16 ) ) ;
#1779 = EDGE_LOOP ( 'NONE', ( #5462, #4743, #4825, #2899 ) ) ;
#1780 = DIRECTION ( 'NONE',  ( 0.0000000000000000000, 1.065228634467009955E-16, 1.000000000000000000 ) ) ;
#1781 = ORIENTED_EDGE ( 'NONE', *, *, #4758, .T. ) ;
#1782 = ADVANCED_FACE ( 'NONE', ( #3887 ), #6073, .T. ) ;
#1783 = CARTESIAN_POINT ( 'NONE',  ( -1.675000000000000044, 0.9499999999999869660, 0.03619548911246139866 ) ) ;
#1784 = CARTESIAN_POINT ( 'NONE',  ( -0.5999999999999986455, 0.8499999999999989786, 0.07999999999999959921 ) ) ;
#1785 = EDGE_CURVE ( 'NONE', #4527, #4666, #567, .T. ) ;
#1786 = ORIENTED_EDGE ( 'NONE', *, *, #7913, .T. ) ;
#1787 = VERTEX_POINT ( 'NONE', #7292 ) ;
#1788 = DIRECTION ( 'NONE',  ( 2.289834988289389802E-16, -0.0000000000000000000, 1.000000000000000000 ) ) ;
#1789 = CARTESIAN_POINT ( 'NONE',  ( 1.450000000000000178, 0.6999999999999999556, 0.02999999999999865274 ) ) ;
#1790 = FACE_OUTER_BOUND ( 'NONE', #6606, .T. ) ;
#1791 = VECTOR ( 'NONE', #6994, 1000.000000000000000 ) ;
#1792 = CARTESIAN_POINT ( 'NONE',  ( 0.3250000000000020095, 0.9999999999999988898, 0.1705002310154649925 ) ) ;
#1793 = ORIENTED_EDGE ( 'NONE', *, *, #5780, .T. ) ;
#1794 = ORIENTED_EDGE ( 'NONE', *, *, #7903, .T. ) ;
#1795 = MECHANICAL_DESIGN_GEOMETRIC_PRESENTATION_REPRESENTATION (  '', ( #947 ), #2203 ) ;
#1796 = CARTESIAN_POINT ( 'NONE',  ( 1.175000000000000044, 1.673724317761259961, 0.3099999999999981659 ) ) ;
#1797 = LINE ( 'NONE', #1174, #7963 ) ;
#1798 = ADVANCED_FACE ( 'NONE', ( #6958 ), #3579, .T. ) ;
#1799 = PRESENTATION_STYLE_ASSIGNMENT (( #6058 ) ) ;
#1800 = ORIENTED_EDGE ( 'NONE', *, *, #3869, .T. ) ;
#1801 = ORIENTED_EDGE ( 'NONE', *, *, #2631, .T. ) ;
#1802 = PLANE ( 'NONE',  #3224 ) ;
#1803 = DIRECTION ( 'NONE',  ( -2.289834988289389802E-16, 0.0000000000000000000, -1.000000000000000000 ) ) ;
#1804 = ORIENTED_EDGE ( 'NONE', *, *, #5875, .T. ) ;
#1805 = CARTESIAN_POINT ( 'NONE',  ( 2.265000000000000124, -1.800000000000000266, 0.2999999999999979905 ) ) ;
#1806 = ORIENTED_EDGE ( 'NONE', *, *, #3652, .F. ) ;
#1807 = ORIENTED_EDGE ( 'NONE', *, *, #6104, .T. ) ;
#1808 = ORIENTED_EDGE ( 'NONE', *, *, #5838, .T. ) ;
#1809 = DIRECTION ( 'NONE',  ( 1.000000000000000000, 0.0000000000000000000, -2.289834988289389802E-16 ) ) ;
#1810 = ORIENTED_EDGE ( 'NONE', *, *, #4058, .T. ) ;
#1811 = ORIENTED_EDGE ( 'NONE', *, *, #279, .F. ) ;
#1812 = PLANE ( 'NONE',  #2558 ) ;
#1813 = LINE ( 'NONE', #4438, #6544 ) ;
#1814 = EDGE_LOOP ( 'NONE', ( #305, #4332, #2468, #5935 ) ) ;
#1815 = EDGE_CURVE ( 'NONE', #1878, #494, #7153, .T. ) ;
#1816 = EDGE_CURVE ( 'NONE', #2582, #216, #5313, .T. ) ;
#1817 = ORIENTED_EDGE ( 'NONE', *, *, #7474, .F. ) ;
#1818 = LINE ( 'NONE', #4308, #4882 ) ;
#1819 = CARTESIAN_POINT ( 'NONE',  ( -0.6749999999999980460, 0.9999999999999988898, 0.3099999999999988320 ) ) ;
#1820 = ADVANCED_FACE ( 'NONE', ( #3693 ), #3603, .F. ) ;
#1821 = COLOUR_RGB ( '',0.3176470588235293935, 0.2470588235294117752, 0.2078431372549019440 ) ;
#1822 =( NAMED_UNIT ( * ) SI_UNIT ( $, .STERADIAN. ) SOLID_ANGLE_UNIT ( ) );
#1823 = ORIENTED_EDGE ( 'NONE', *, *, #1073, .T. ) ;
#1824 = LINE ( 'NONE', #5231, #3489 ) ;
#1825 = CARTESIAN_POINT ( 'NONE',  ( -1.074999999999999956, 0.8499999999999989786, 0.05499999999999929945 ) ) ;
#1826 = AXIS2_PLACEMENT_3D ( 'NONE', #2656, #6977, #3309 ) ;
#1827 = EDGE_CURVE ( 'NONE', #6039, #5691, #5111, .T. ) ;
#1828 = LINE ( 'NONE', #2207, #4892 ) ;
#1829 = VECTOR ( 'NONE', #3135, 1000.000000000000000 ) ;
#1830 = EDGE_CURVE ( 'NONE', #2184, #1624, #3507, .T. ) ;
#1831 = SURFACE_STYLE_USAGE ( .BOTH. , #5520 ) ;
#1832 = CARTESIAN_POINT ( 'NONE',  ( 2.765000000000000124, -1.099999999999997868, 0.06782713613135628317 ) ) ;
#1833 = VERTEX_POINT ( 'NONE', #7994 ) ;
#1834 = VECTOR ( 'NONE', #7810, 1000.000000000000000 ) ;
#1835 = VECTOR ( 'NONE', #4120, 1000.000000000000000 ) ;
#1836 = DIRECTION ( 'NONE',  ( 1.000000000000000000, -5.243344273594249610E-32, -2.289834988289389802E-16 ) ) ;
#1837 = ADVANCED_FACE ( 'NONE', ( #2031 ), #3165, .T. ) ;
#1838 =( GEOMETRIC_REPRESENTATION_CONTEXT ( 3 ) GLOBAL_UNCERTAINTY_ASSIGNED_CONTEXT ( ( #355 ) ) GLOBAL_UNIT_ASSIGNED_CONTEXT ( ( #1927, #3171, #419 ) ) REPRESENTATION_CONTEXT ( 'NONE', 'WORKASPACE' ) );
#1839 = ADVANCED_FACE ( 'NONE', ( #6575 ), #6307, .T. ) ;
#1840 = ORIENTED_EDGE ( 'NONE', *, *, #2322, .T. ) ;
#1841 = LINE ( 'NONE', #1456, #5108 ) ;
#1842 = AXIS2_PLACEMENT_3D ( 'NONE', #3956, #211, #4540 ) ;
#1843 = CARTESIAN_POINT ( 'NONE',  ( 0.6750000000000010436, 1.299999999999990274, 0.04999999999999959338 ) ) ;
#1844 = SURFACE_STYLE_FILL_AREA ( #5536 ) ;
#1845 = LINE ( 'NONE', #4458, #6771 ) ;
#1846 = DIRECTION ( 'NONE',  ( 1.000000000000000000, 4.948562843061550213E-17, -2.177367650947074402E-16 ) ) ;
#1847 = ORIENTED_EDGE ( 'NONE', *, *, #404, .F. ) ;
#1848 = DIRECTION ( 'NONE',  ( -1.000000000000000000, 5.243344273594249610E-32, 2.289834988289389802E-16 ) ) ;
#1849 = DIRECTION ( 'NONE',  ( 1.000000000000000000, 0.0000000000000000000, -2.289834988289389802E-16 ) ) ;
#1850 = STYLED_ITEM ( 'NONE', ( #6445 ), #6731 ) ;
#1851 = CARTESIAN_POINT ( 'NONE',  ( 2.800000000000000266, -0.02000000000000089900, 1.050000000000000044 ) ) ;
#1852 =( NAMED_UNIT ( * ) SI_UNIT ( $, .STERADIAN. ) SOLID_ANGLE_UNIT ( ) );
#1853 = LINE ( 'NONE', #3748, #172 ) ;
#1854 = CARTESIAN_POINT ( 'NONE',  ( 2.527499999999999858, -1.824999999999999956, 0.6149999999999979927 ) ) ;
#1855 = ADVANCED_FACE ( 'NONE', ( #5979 ), #745, .F. ) ;
#1856 = EDGE_LOOP ( 'NONE', ( #3130, #6148, #3281, #5511 ) ) ;
#1857 = EDGE_CURVE ( 'NONE', #5564, #780, #1051, .T. ) ;
#1858 = EDGE_CURVE ( 'NONE', #6017, #5816, #2710, .T. ) ;
#1859 = LINE ( 'NONE', #6403, #3338 ) ;
#1860 = LINE ( 'NONE', #2147, #5133 ) ;
#1861 = CARTESIAN_POINT ( 'NONE',  ( 1.824999999999999956, 0.9999999999999988898, 0.3099999999999979994 ) ) ;
#1862 = ORIENTED_EDGE ( 'NONE', *, *, #5825, .F. ) ;
#1863 = DIRECTION ( 'NONE',  ( -2.289834988289389802E-16, -2.289834988289389802E-16, -1.000000000000000000 ) ) ;
#1864 = LINE ( 'NONE', #3144, #189 ) ;
#1865 = STYLED_ITEM ( 'NONE', ( #42 ), #2683 ) ;
#1866 = DIRECTION ( 'NONE',  ( -2.439197797730288502E-32, 1.000000000000000000, -1.065228634467009955E-16 ) ) ;
#1867 = EDGE_CURVE ( 'NONE', #4896, #7043, #7612, .T. ) ;
#1868 = ORIENTED_EDGE ( 'NONE', *, *, #1018, .T. ) ;
#1869 = EDGE_CURVE ( 'NONE', #3233, #2316, #7419, .T. ) ;
#1870 = ORIENTED_EDGE ( 'NONE', *, *, #1460, .F. ) ;
#1871 = ADVANCED_FACE ( 'NONE', ( #847 ), #661, .T. ) ;
#1872 = CIRCLE ( 'NONE', #1194, 0.04999999999999985706 ) ;
#1873 = DIRECTION ( 'NONE',  ( -0.0000000000000000000, 1.065228634467009955E-16, 1.000000000000000000 ) ) ;
#1874 = PLANE ( 'NONE',  #5280 ) ;
#1875 = DIRECTION ( 'NONE',  ( -0.7071067811865520136, 0.0000000000000000000, -0.7071067811865431318 ) ) ;
#1876 = DIRECTION ( 'NONE',  ( 0.0000000000000000000, 1.065228634467009955E-16, 1.000000000000000000 ) ) ;
#1877 = ORIENTED_EDGE ( 'NONE', *, *, #2444, .F. ) ;
#1878 = VERTEX_POINT ( 'NONE', #3872 ) ;
#1879 = CARTESIAN_POINT ( 'NONE',  ( -1.950000000000000622, 0.9999999999999988898, 0.02999999999999927378 ) ) ;
#1880 = EDGE_CURVE ( 'NONE', #2568, #7035, #3969, .T. ) ;
#1881 = LINE ( 'NONE', #8031, #4951 ) ;
#1882 = VERTEX_POINT ( 'NONE', #170 ) ;
#1883 = ORIENTED_EDGE ( 'NONE', *, *, #5170, .F. ) ;
#1884 = CARTESIAN_POINT ( 'NONE',  ( 1.675000000000000044, 0.9999999999999988898, 0.07866077735406341864 ) ) ;
#1885 = SURFACE_STYLE_USAGE ( .BOTH. , #5577 ) ;
#1886 = VECTOR ( 'NONE', #365, 1000.000000000000000 ) ;
#1887 = ORIENTED_EDGE ( 'NONE', *, *, #7474, .T. ) ;
#1888 = AXIS2_PLACEMENT_3D ( 'NONE', #246, #4562, #873 ) ;
#1889 = ORIENTED_EDGE ( 'NONE', *, *, #6821, .T. ) ;
#1890 = ORIENTED_EDGE ( 'NONE', *, *, #1030, .T. ) ;
#1891 = AXIS2_PLACEMENT_3D ( 'NONE', #7716, #370, #7664 ) ;
#1892 = ORIENTED_EDGE ( 'NONE', *, *, #1607, .F. ) ;
#1893 = DIRECTION ( 'NONE',  ( 1.000000000000000000, -0.0000000000000000000, -2.289834988289389802E-16 ) ) ;
#1894 = LINE ( 'NONE', #3457, #432 ) ;
#1895 = EDGE_LOOP ( 'NONE', ( #5190, #3269, #8035, #746, #630 ) ) ;
#1896 = CARTESIAN_POINT ( 'NONE',  ( 2.264999999999998792, -0.7000000000000008438, 0.6899999999999981704 ) ) ;
#1897 = VERTEX_POINT ( 'NONE', #777 ) ;
#1898 = DIRECTION ( 'NONE',  ( -5.326143172335051625E-17, -1.000000000000000000, 5.326143172335119418E-17 ) ) ;
#1899 = ORIENTED_EDGE ( 'NONE', *, *, #554, .T. ) ;
#1900 = VECTOR ( 'NONE', #3905, 1000.000000000000000 ) ;
#1901 = AXIS2_PLACEMENT_3D ( 'NONE', #1091, #5429, #1744 ) ;
#1902 = DIRECTION ( 'NONE',  ( 1.000000000000000000, -0.0000000000000000000, -2.289834988289389802E-16 ) ) ;
#1903 = LINE ( 'NONE', #2058, #235 ) ;
#1904 = LINE ( 'NONE', #8019, #32 ) ;
#1905 = ORIENTED_EDGE ( 'NONE', *, *, #3312, .F. ) ;
#1906 = VECTOR ( 'NONE', #7233, 1000.000000000000227 ) ;
#1907 = ADVANCED_FACE ( 'NONE', ( #5411 ), #345, .T. ) ;
#1908 = CARTESIAN_POINT ( 'NONE',  ( -47.60249999999999915, 0.9999999999999988898, 0.03000000000000980008 ) ) ;
#1909 = LINE ( 'NONE', #6739, #4986 ) ;
#1910 = EDGE_CURVE ( 'NONE', #1973, #2876, #3785, .T. ) ;
#1911 = EDGE_CURVE ( 'NONE', #5715, #6817, #4157, .T. ) ;
#1912 = DIRECTION ( 'NONE',  ( 1.000000000000000000, 4.948562843061550213E-17, -2.177367650947074402E-16 ) ) ;
#1913 = ORIENTED_EDGE ( 'NONE', *, *, #1668, .T. ) ;
#1914 = VECTOR ( 'NONE', #1902, 1000.000000000000000 ) ;
#1915 = CARTESIAN_POINT ( 'NONE',  ( 0.1750000000000019873, 1.249999999999990008, -8.944667923005411581E-16 ) ) ;
#1916 = LINE ( 'NONE', #491, #4995 ) ;
#1917 = DIRECTION ( 'NONE',  ( 5.243344273594249610E-32, 1.000000000000000000, -1.200639317332292868E-47 ) ) ;
#1918 = DIRECTION ( 'NONE',  ( -0.7071067811865431318, -7.532303909457119365E-17, -0.7071067811865520136 ) ) ;
#1919 = STYLED_ITEM ( 'NONE', ( #3560 ), #3752 ) ;
#1920 = ORIENTED_EDGE ( 'NONE', *, *, #5619, .F. ) ;
#1921 = EDGE_CURVE ( 'NONE', #2635, #6872, #2311, .T. ) ;
#1922 = CARTESIAN_POINT ( 'NONE',  ( 1.824999999999999956, 1.349999999999999867, 0.3099999999999979994 ) ) ;
#1923 =( NAMED_UNIT ( * ) PLANE_ANGLE_UNIT ( ) SI_UNIT ( $, .RADIAN. ) );
#1924 = LINE ( 'NONE', #2252, #3408 ) ;
#1925 = EDGE_CURVE ( 'NONE', #1713, #780, #464, .T. ) ;
#1926 = CARTESIAN_POINT ( 'NONE',  ( -1.675000000000000044, 1.299999999999990274, 0.05000000000000030115 ) ) ;
#1927 =( LENGTH_UNIT ( ) NAMED_UNIT ( * ) SI_UNIT ( .MILLI., .METRE. ) );
#1928 = ORIENTED_EDGE ( 'NONE', *, *, #3913, .T. ) ;
#1929 = VECTOR ( 'NONE', #7450, 1000.000000000000000 ) ;
#1930 = SURFACE_SIDE_STYLE ('',( #3703 ) ) ;
#1931 = LINE ( 'NONE', #130, #6674 ) ;
#1932 = CARTESIAN_POINT ( 'NONE',  ( 0.1750000000000020151, 1.245779075397750235, 0.1705002310154649925 ) ) ;
#1933 = CARTESIAN_POINT ( 'NONE',  ( -0.8249999999999979572, 0.9499999999999869660, 0.03619548911246119743 ) ) ;
#1934 = STYLED_ITEM ( 'NONE', ( #2404 ), #5137 ) ;
#1936 = DIRECTION ( 'NONE',  ( 0.0000000000000000000, 0.8035571933447460680, 0.5952275506257370674 ) ) ;
#1935 = DIRECTION ( 'NONE',  ( 1.000000000000000000, -5.243344273594249610E-32, -2.289834988289389802E-16 ) ) ;
#1937 = LINE ( 'NONE', #93, #5016 ) ;
#1938 = LINE ( 'NONE', #5378, #5221 ) ;
#1939 = CARTESIAN_POINT ( 'NONE',  ( 1.175000000000000044, 0.9999999999999988898, 0.07866077735406368232 ) ) ;
#1940 = DIRECTION ( 'NONE',  ( -0.0000000000000000000, -1.065228634467009955E-16, -1.000000000000000000 ) ) ;
#1941 = ORIENTED_EDGE ( 'NONE', *, *, #66, .F. ) ;
#1942 = FACE_OUTER_BOUND ( 'NONE', #149, .T. ) ;
#1943 = PRESENTATION_STYLE_ASSIGNMENT (( #6943 ) ) ;
#1944 = ADVANCED_FACE ( 'NONE', ( #5208 ), #2088, .T. ) ;
#1945 = CARTESIAN_POINT ( 'NONE',  ( 0.8250000000000019540, 1.350000000000000089, 0.1099999999999979605 ) ) ;
#1946 = CARTESIAN_POINT ( 'NONE',  ( -0.6749999999999980460, 1.249999999999988676, 6.933599383298252699E-16 ) ) ;
#1947 = DIRECTION ( 'NONE',  ( -1.000000000000000000, 2.804146475863970139E-32, -2.987057121330055487E-48 ) ) ;
#1948 = EDGE_LOOP ( 'NONE', ( #4015, #1663, #4683, #6537, #7331 ) ) ;
#1949 = CARTESIAN_POINT ( 'NONE',  ( 2.452500000000000124, -1.899999999999999911, 0.1799999999999979949 ) ) ;
#1950 = VECTOR ( 'NONE', #7070, 1000.000000000000000 ) ;
#1951 = CARTESIAN_POINT ( 'NONE',  ( -1.675000000000000044, 1.249999999999988898, 1.011922027653137735E-15 ) ) ;
#1952 = FACE_OUTER_BOUND ( 'NONE', #6649, .T. ) ;
#1953 = DIRECTION ( 'NONE',  ( 1.000000000000000000, -0.0000000000000000000, -2.289834988289389802E-16 ) ) ;
#1954 = EDGE_CURVE ( 'NONE', #5779, #185, #6664, .T. ) ;
#1955 = EDGE_CURVE ( 'NONE', #3687, #2964, #1924, .T. ) ;
#1956 = ORIENTED_EDGE ( 'NONE', *, *, #6637, .F. ) ;
#1957 = VERTEX_POINT ( 'NONE', #3364 ) ;
#1958 = CARTESIAN_POINT ( 'NONE',  ( -2.615000000000000213, -1.464196000000000053, 0.1699999999999990130 ) ) ;
#1959 = CARTESIAN_POINT ( 'NONE',  ( -1.324999999999999956, 0.9199999999999866063, 0.03619548911246130152 ) ) ;
#1960 = VECTOR ( 'NONE', #4043, 1000.000000000000000 ) ;
#1961 = PLANE ( 'NONE',  #14 ) ;
#1962 = DIRECTION ( 'NONE',  ( 0.0000000000000000000, -1.065228634467009955E-16, -1.000000000000000000 ) ) ;
#1963 = VERTEX_POINT ( 'NONE', #5305 ) ;
#1964 = ORIENTED_EDGE ( 'NONE', *, *, #6042, .F. ) ;
#1965 = STYLED_ITEM ( 'NONE', ( #830 ), #3155 ) ;
#1966 = CARTESIAN_POINT ( 'NONE',  ( 0.3250000000000021760, 0.9999999999999988898, 0.07999999999999893308 ) ) ;
#1967 = EDGE_CURVE ( 'NONE', #6266, #2262, #259, .T. ) ;
#1968 = LINE ( 'NONE', #1476, #94 ) ;
#1969 = LINE ( 'NONE', #6301, #5052 ) ;
#1970 = EDGE_CURVE ( 'NONE', #494, #1897, #1748, .T. ) ;
#1971 = CARTESIAN_POINT ( 'NONE',  ( -0.8249999999999979572, 0.9999999999999988898, 0.07866077735406430682 ) ) ;
#1972 = ORIENTED_EDGE ( 'NONE', *, *, #6209, .T. ) ;
#1973 = VERTEX_POINT ( 'NONE', #3838 ) ;
#1974 = CARTESIAN_POINT ( 'NONE',  ( -1.675000000000000044, 1.249999999999986455, 3.618524750670371048E-15 ) ) ;
#1975 = CARTESIAN_POINT ( 'NONE',  ( -1.324999999999999734, 0.9999999999999988898, 0.3099999999999988320 ) ) ;
#1976 = CARTESIAN_POINT ( 'NONE',  ( -1.824999999999999734, 0.9999999999999988898, 0.3099999999999979994 ) ) ;
#1977 = VECTOR ( 'NONE', #4210, 1000.000000000000000 ) ;
#1978 = DIRECTION ( 'NONE',  ( -2.289834988289389802E-16, -1.065228634467009955E-16, -1.000000000000000000 ) ) ;
#1979 = VECTOR ( 'NONE', #482, 1000.000000000000000 ) ;
#1980 =( GEOMETRIC_REPRESENTATION_CONTEXT ( 3 ) GLOBAL_UNCERTAINTY_ASSIGNED_CONTEXT ( ( #6666 ) ) GLOBAL_UNIT_ASSIGNED_CONTEXT ( ( #3634, #4302, #5392 ) ) REPRESENTATION_CONTEXT ( 'NONE', 'WORKASPACE' ) );
#1981 = ORIENTED_EDGE ( 'NONE', *, *, #4156, .T. ) ;
#1982 = ORIENTED_EDGE ( 'NONE', *, *, #5210, .T. ) ;
#1983 = DIRECTION ( 'NONE',  ( 2.804146475863970139E-32, 1.000000000000000000, -1.065228634467009955E-16 ) ) ;
#1984 = FILL_AREA_STYLE ('',( #4422 ) ) ;
#1985 = ORIENTED_EDGE ( 'NONE', *, *, #4917, .F. ) ;
#1986 = CARTESIAN_POINT ( 'NONE',  ( 1.324999999999999956, 1.249999999999988676, 6.429680283563157194E-17 ) ) ;
#1987 = ADVANCED_FACE ( 'NONE', ( #3217 ), #7115, .F. ) ;
#1988 = DIRECTION ( 'NONE',  ( -2.439197797730288502E-32, 1.000000000000000000, -1.065228634467009955E-16 ) ) ;
#1989 = ORIENTED_EDGE ( 'NONE', *, *, #7185, .F. ) ;
#1990 = DIRECTION ( 'NONE',  ( -1.000000000000000000, 0.0000000000000000000, 2.289834988289389802E-16 ) ) ;
#1991 = ORIENTED_EDGE ( 'NONE', *, *, #2123, .F. ) ;
#1992 = ORIENTED_EDGE ( 'NONE', *, *, #2282, .T. ) ;
#1994 = DIRECTION ( 'NONE',  ( -1.000000000000000000, -1.144917494144693668E-16, 1.144917494144857357E-16 ) ) ;
#1993 = DIRECTION ( 'NONE',  ( 2.439197797730288502E-32, -1.000000000000000000, 1.065228634467009955E-16 ) ) ;
#1995 = EDGE_LOOP ( 'NONE', ( #17, #4098, #5804, #5484 ) ) ;
#1996 = CARTESIAN_POINT ( 'NONE',  ( -2.765000000000000124, -1.899999999999999911, 0.5200000000000000178 ) ) ;
#1997 = CARTESIAN_POINT ( 'NONE',  ( -2.765000000000000124, -1.899999999999999911, 0.5200000000000000178 ) ) ;
#1998 = ORIENTED_EDGE ( 'NONE', *, *, #7598, .T. ) ;
#1999 = PRESENTATION_STYLE_ASSIGNMENT (( #6792 ) ) ;
#2000 = AXIS2_PLACEMENT_3D ( 'NONE', #1427, #6989, #3322 ) ;
#2001 = MECHANICAL_DESIGN_GEOMETRIC_PRESENTATION_REPRESENTATION (  '', ( #322 ), #2401 ) ;
#2002 = VECTOR ( 'NONE', #100, 1000.000000000000000 ) ;
#2003 = ORIENTED_EDGE ( 'NONE', *, *, #1234, .F. ) ;
#2004 = SURFACE_STYLE_USAGE ( .BOTH. , #5682 ) ;
#2005 = ORIENTED_EDGE ( 'NONE', *, *, #2062, .T. ) ;
#2006 = VECTOR ( 'NONE', #5504, 1000.000000000000114 ) ;
#2007 = DIRECTION ( 'NONE',  ( 0.7071067811865474617, 0.7071067811865474617, 0.0000000000000000000 ) ) ;
#2008 = CARTESIAN_POINT ( 'NONE',  ( -3.000000000000000000, 0.6948629999999990092, 1.000000000000000000 ) ) ;
#2009 = PLANE ( 'NONE',  #2234 ) ;
#2010 = LINE ( 'NONE', #3606, #347 ) ;
#2011 = EDGE_CURVE ( 'NONE', #623, #2974, #4804, .T. ) ;
#2012 = EDGE_CURVE ( 'NONE', #3847, #2256, #1555, .T. ) ;
#2013 = UNCERTAINTY_MEASURE_WITH_UNIT (LENGTH_MEASURE( 1.000000000000000082E-05 ), #2039, 'distance_accuracy_value', 'NONE');
#2014 = AXIS2_PLACEMENT_3D ( 'NONE', #2792, #7700, #4029 ) ;
#2015 = ORIENTED_EDGE ( 'NONE', *, *, #5110, .F. ) ;
#2016 = LINE ( 'NONE', #3979, #352 ) ;
#2017 = VECTOR ( 'NONE', #2171, 1000.000000000000000 ) ;
#2018 = LINE ( 'NONE', #1232, #5095 ) ;
#2019 = CARTESIAN_POINT ( 'NONE',  ( 2.452500000000003233, 0.9999999999999988898, 0.02999999999999833702 ) ) ;
#2020 = DIRECTION ( 'NONE',  ( -2.289834988289389802E-16, 0.0000000000000000000, -1.000000000000000000 ) ) ;
#2021 = ORIENTED_EDGE ( 'NONE', *, *, #2061, .F. ) ;
#2022 = LINE ( 'NONE', #4749, #5101 ) ;
#2023 = DIRECTION ( 'NONE',  ( 0.0000000000000000000, -0.9738685962292472631, -0.2271122129663562805 ) ) ;
#2025 =( GEOMETRIC_REPRESENTATION_CONTEXT ( 3 ) GLOBAL_UNCERTAINTY_ASSIGNED_CONTEXT ( ( #5519 ) ) GLOBAL_UNIT_ASSIGNED_CONTEXT ( ( #4596, #902, #5234 ) ) REPRESENTATION_CONTEXT ( 'NONE', 'WORKASPACE' ) );
#2024 = DIRECTION ( 'NONE',  ( 2.289834988289389802E-16, -0.0000000000000000000, 1.000000000000000000 ) ) ;
#2026 = EDGE_CURVE ( 'NONE', #2787, #7493, #7909, .T. ) ;
#2027 = LINE ( 'NONE', #3340, #5104 ) ;
#2028 = DIRECTION ( 'NONE',  ( -2.289834988289389802E-16, -2.289834988289389802E-16, -1.000000000000000000 ) ) ;
#2029 = DIRECTION ( 'NONE',  ( 2.439197797730288502E-32, -1.000000000000000000, 1.065228634467009955E-16 ) ) ;
#2030 = ORIENTED_EDGE ( 'NONE', *, *, #2809, .F. ) ;
#2031 = FACE_OUTER_BOUND ( 'NONE', #7677, .T. ) ;
#2032 = DIRECTION ( 'NONE',  ( 1.000000000000000000, -5.243344273594249610E-32, -2.289834988289389802E-16 ) ) ;
#2033 = FACE_OUTER_BOUND ( 'NONE', #2543, .T. ) ;
#2034 = ADVANCED_FACE ( 'NONE', ( #3017 ), #6889, .T. ) ;
#2035 = STYLED_ITEM ( 'NONE', ( #1267 ), #4269 ) ;
#2036 = ORIENTED_EDGE ( 'NONE', *, *, #1562, .F. ) ;
#2037 = SURFACE_STYLE_FILL_AREA ( #3512 ) ;
#2038 = EDGE_CURVE ( 'NONE', #7812, #1142, #6072, .T. ) ;
#2039 =( LENGTH_UNIT ( ) NAMED_UNIT ( * ) SI_UNIT ( .MILLI., .METRE. ) );
#2040 = VECTOR ( 'NONE', #3045, 1000.000000000000000 ) ;
#2041 = DIRECTION ( 'NONE',  ( -1.000000000000000000, 2.804146475863970139E-32, -2.987057121330055487E-48 ) ) ;
#2042 = FACE_OUTER_BOUND ( 'NONE', #3645, .T. ) ;
#2043 = DIRECTION ( 'NONE',  ( 0.0000000000000000000, 0.7071067811865441310, 0.7071067811865507924 ) ) ;
#2044 = FACE_OUTER_BOUND ( 'NONE', #4037, .T. ) ;
#2045 = AXIS2_PLACEMENT_3D ( 'NONE', #571, #1193, #5522 ) ;
#2046 =( NAMED_UNIT ( * ) PLANE_ANGLE_UNIT ( ) SI_UNIT ( $, .RADIAN. ) );
#2047 = ORIENTED_EDGE ( 'NONE', *, *, #1166, .T. ) ;
#2048 = VECTOR ( 'NONE', #1454, 1000.000000000000000 ) ;
#2049 = DIRECTION ( 'NONE',  ( -1.000000000000000000, 5.243344273594249610E-32, 2.289834988289389802E-16 ) ) ;
#2050 = CARTESIAN_POINT ( 'NONE',  ( -42.17662438884190124, -1.899999999999999911, 1.000000000000009992 ) ) ;
#2051 = DIRECTION ( 'NONE',  ( 0.0000000000000000000, 0.7071067811865441310, 0.7071067811865507924 ) ) ;
#2052 = UNCERTAINTY_MEASURE_WITH_UNIT (LENGTH_MEASURE( 1.000000000000000082E-05 ), #7887, 'distance_accuracy_value', 'NONE');
#2053 = ORIENTED_EDGE ( 'NONE', *, *, #5060, .F. ) ;
#2054 = CARTESIAN_POINT ( 'NONE',  ( -0.6749999999999980460, 1.349999999999999867, 0.3099999999999988320 ) ) ;
#2055 = VECTOR ( 'NONE', #5096, 999.9999999999998863 ) ;
#2056 =( NAMED_UNIT ( * ) SI_UNIT ( $, .STERADIAN. ) SOLID_ANGLE_UNIT ( ) );
#2057 = PLANE ( 'NONE',  #6168 ) ;
#2058 = CARTESIAN_POINT ( 'NONE',  ( 3.825000000000000178, 0.9999999999999988898, 0.07999999999999901634 ) ) ;
#2059 = VERTEX_POINT ( 'NONE', #4444 ) ;
#2060 = ORIENTED_EDGE ( 'NONE', *, *, #2026, .F. ) ;
#2061 = EDGE_CURVE ( 'NONE', #5674, #7317, #1137, .T. ) ;
#2062 = EDGE_CURVE ( 'NONE', #2059, #4262, #4417, .T. ) ;
#2063 = LINE ( 'NONE', #5285, #5351 ) ;
#2064 = CARTESIAN_POINT ( 'NONE',  ( -2.765000000000000124, -1.550000000000000266, -3.173505579632094775E-16 ) ) ;
#2065 = ORIENTED_EDGE ( 'NONE', *, *, #2968, .F. ) ;
#2066 = ADVANCED_FACE ( 'NONE', ( #6262 ), #7168, .T. ) ;
#2067 = DIRECTION ( 'NONE',  ( -1.000000000000000000, 5.243344273594249610E-32, 2.289834988289389802E-16 ) ) ;
#2068 = ORIENTED_EDGE ( 'NONE', *, *, #6982, .F. ) ;
#2069 = CARTESIAN_POINT ( 'NONE',  ( 2.799999999999999822, -1.000000000000000000, 0.8199999999999989519 ) ) ;
#2070 =( LENGTH_UNIT ( ) NAMED_UNIT ( * ) SI_UNIT ( .MILLI., .METRE. ) );
#2071 = SURFACE_STYLE_FILL_AREA ( #4400 ) ;
#2072 = ORIENTED_EDGE ( 'NONE', *, *, #3232, .T. ) ;
#2073 = VERTEX_POINT ( 'NONE', #3230 ) ;
#2074 = CARTESIAN_POINT ( 'NONE',  ( 0.6750000000000010436, 0.9999999999999988898, 0.07866077735406400151 ) ) ;
#2075 = EDGE_CURVE ( 'NONE', #185, #97, #6949, .T. ) ;
#2076 = EDGE_CURVE ( 'NONE', #3287, #6846, #3689, .T. ) ;
#2077 = CARTESIAN_POINT ( 'NONE',  ( 1.175000000000000044, 1.350000000000000089, 0.1099999999999980022 ) ) ;
#2078 = LINE ( 'NONE', #2182, #6816 ) ;
#2079 = ORIENTED_EDGE ( 'NONE', *, *, #3700, .T. ) ;
#2080 = DIRECTION ( 'NONE',  ( 0.0000000000000000000, -4.336808689941645394E-15, 1.000000000000000000 ) ) ;
#2081 = CARTESIAN_POINT ( 'NONE',  ( -0.1749999999999979905, 1.299999999999994715, 0.1099999999999989597 ) ) ;
#2082 = ORIENTED_EDGE ( 'NONE', *, *, #2494, .F. ) ;
#2083 = ORIENTED_EDGE ( 'NONE', *, *, #7978, .F. ) ;
#2084 = CARTESIAN_POINT ( 'NONE',  ( 0.3250000000000020095, 1.299999999999994715, 0.1099999999999989597 ) ) ;
#2085 = ORIENTED_EDGE ( 'NONE', *, *, #4793, .F. ) ;
#2086 = VECTOR ( 'NONE', #5239, 1000.000000000000000 ) ;
#2087 = ORIENTED_EDGE ( 'NONE', *, *, #7440, .F. ) ;
#2088 = PLANE ( 'NONE',  #3580 ) ;
#2089 = ORIENTED_EDGE ( 'NONE', *, *, #394, .F. ) ;
#2090 = ORIENTED_EDGE ( 'NONE', *, *, #364, .T. ) ;
#2091 = VECTOR ( 'NONE', #3265, 1000.000000000000000 ) ;
#2092 = DIRECTION ( 'NONE',  ( -2.289834988289389802E-16, 0.0000000000000000000, -1.000000000000000000 ) ) ;
#2093 = CARTESIAN_POINT ( 'NONE',  ( 2.615000000000000657, -1.599999999999999645, 0.04999999999999945460 ) ) ;
#2094 = CARTESIAN_POINT ( 'NONE',  ( -2.285000000000000586, -1.800000000000000044, 1.000000000000000222 ) ) ;
#2095 = CARTESIAN_POINT ( 'NONE',  ( 0.1750000000000020151, 0.9431866336109969717, 0.06541154699933847405 ) ) ;
#2096 = CARTESIAN_POINT ( 'NONE',  ( -2.765000000000000124, -1.799999999999990274, 0.5200000000000003508 ) ) ;
#2097 = CARTESIAN_POINT ( 'NONE',  ( -0.3249999999999980127, 0.9999999999999988898, 0.07866077735406419580 ) ) ;
#2098 = CARTESIAN_POINT ( 'NONE',  ( 1.175000000000000044, 0.9431866336109969717, 0.06541154699933807160 ) ) ;
#2099 = EDGE_LOOP ( 'NONE', ( #6214, #2030, #1989, #3837 ) ) ;
#2100 = LINE ( 'NONE', #4162, #1906 ) ;
#2101 = AXIS2_PLACEMENT_3D ( 'NONE', #7499, #3830, #78 ) ;
#2102 = CARTESIAN_POINT ( 'NONE',  ( -1.175000000000000044, 1.299999999999990274, 0.1705002310154649925 ) ) ;
#2103 = FACE_OUTER_BOUND ( 'NONE', #7759, .T. ) ;
#2104 = SURFACE_SIDE_STYLE ('',( #2592 ) ) ;
#2105 = CARTESIAN_POINT ( 'NONE',  ( -2.765000000000000124, -1.100000000000000089, 0.4600000000000010192 ) ) ;
#2106 = UNCERTAINTY_MEASURE_WITH_UNIT (LENGTH_MEASURE( 1.000000000000000082E-05 ), #7944, 'distance_accuracy_value', 'NONE');
#2107 = ORIENTED_EDGE ( 'NONE', *, *, #7136, .F. ) ;
#2108 = LINE ( 'NONE', #3766, #2303 ) ;
#2109 = CARTESIAN_POINT ( 'NONE',  ( 2.615000000000000213, -1.464196000000000053, 0.3752009999999990075 ) ) ;
#2110 = CARTESIAN_POINT ( 'NONE',  ( 2.502499999999999947, -1.350000000000000089, 0.1799999999999978562 ) ) ;
#2111 = DIRECTION ( 'NONE',  ( 0.7071067811865431318, -7.532303909457139086E-17, -0.7071067811865520136 ) ) ;
#2112 = CARTESIAN_POINT ( 'NONE',  ( 1.162500000000000089, 0.9199999999999990408, 0.07999999999999871103 ) ) ;
#2113 = PLANE ( 'NONE',  #1105 ) ;
#2114 = VECTOR ( 'NONE', #1742, 1000.000000000000000 ) ;
#2115 = EDGE_CURVE ( 'NONE', #5131, #4768, #2027, .T. ) ;
#2116 = EDGE_CURVE ( 'NONE', #913, #2627, #6763, .T. ) ;
#2117 = VERTEX_POINT ( 'NONE', #3987 ) ;
#2118 = VECTOR ( 'NONE', #2901, 1000.000000000000000 ) ;
#2119 = DIRECTION ( 'NONE',  ( -1.000000000000000000, 0.0000000000000000000, 2.289834988289389802E-16 ) ) ;
#2120 = CARTESIAN_POINT ( 'NONE',  ( 1.675000000000000044, 1.299999999999990274, 0.04999999999999919786 ) ) ;
#2121 = SURFACE_STYLE_USAGE ( .BOTH. , #5811 ) ;
#2122 = ORIENTED_EDGE ( 'NONE', *, *, #6567, .F. ) ;
#2123 = EDGE_CURVE ( 'NONE', #1618, #3692, #6565, .T. ) ;
#2124 = LINE ( 'NONE', #658, #6670 ) ;
#2125 = VECTOR ( 'NONE', #822, 1000.000000000000000 ) ;
#2126 = CARTESIAN_POINT ( 'NONE',  ( -1.950000000000000400, 0.9999999999999988898, 0.02999999999999934663 ) ) ;
#2127 = DIRECTION ( 'NONE',  ( 1.000000000000000000, -5.243344273594249610E-32, -2.289834988289389802E-16 ) ) ;
#2128 = EDGE_CURVE ( 'NONE', #3746, #7604, #3499, .T. ) ;
#2129 = DIRECTION ( 'NONE',  ( 1.000000000000000000, -2.804146475863970139E-32, 2.987057121330055487E-48 ) ) ;
#2130 = CARTESIAN_POINT ( 'NONE',  ( 1.949999999999999956, 0.9999999999999988898, 0.02999999999999742109 ) ) ;
#2131 = CARTESIAN_POINT ( 'NONE',  ( 2.615000000000000213, -1.649999999999999911, 0.1699999999999979028 ) ) ;
#2132 = DIRECTION ( 'NONE',  ( 1.000000000000000000, -5.243344273594249610E-32, -2.289834988289389802E-16 ) ) ;
#2133 = AXIS2_PLACEMENT_3D ( 'NONE', #608, #2484, #4901 ) ;
#2134 = CARTESIAN_POINT ( 'NONE',  ( -2.384999999999998010, -1.899999999999999911, 1.000000000000000888 ) ) ;
#2135 = CARTESIAN_POINT ( 'NONE',  ( -1.324999999999999956, 0.9999999999999988898, 0.07866077735406440397 ) ) ;
#2136 = EDGE_LOOP ( 'NONE', ( #7595, #2671, #6701, #6786, #7891, #7568, #7652, #3496, #1720, #1794, #7424 ) ) ;
#2137 = LINE ( 'NONE', #6520, #5225 ) ;
#2138 = CARTESIAN_POINT ( 'NONE',  ( -2.765000000000000124, -1.550000000000000266, -3.354250471127029343E-16 ) ) ;
#2139 = ORIENTED_EDGE ( 'NONE', *, *, #7740, .F. ) ;
#2140 = DIRECTION ( 'NONE',  ( -2.289834988289389802E-16, 0.0000000000000000000, -1.000000000000000000 ) ) ;
#2141 = VECTOR ( 'NONE', #2673, 1000.000000000000000 ) ;
#2142 = DIRECTION ( 'NONE',  ( -2.289834988289389802E-16, 0.0000000000000000000, -1.000000000000000000 ) ) ;
#2143 = CARTESIAN_POINT ( 'NONE',  ( 2.765000000000000124, -1.000000000000000000, 0.8199999999999989519 ) ) ;
#2144 = LINE ( 'NONE', #5785, #6695 ) ;
#2145 = SURFACE_STYLE_USAGE ( .BOTH. , #5837 ) ;
#2146 = STYLED_ITEM ( 'NONE', ( #2499 ), #2257 ) ;
#2147 = CARTESIAN_POINT ( 'NONE',  ( -2.765000000000000124, -1.749999999999990008, 0.4700000000000009726 ) ) ;
#2148 = DIRECTION ( 'NONE',  ( 0.0000000000000000000, 0.0000000000000000000, -1.000000000000000000 ) ) ;
#2149 = CARTESIAN_POINT ( 'NONE',  ( 0.8250000000000019540, 1.350000000000000089, 0.1599999999999988376 ) ) ;
#2150 = CARTESIAN_POINT ( 'NONE',  ( -0.3374999999999980238, 0.9199999999999990408, 0.07999999999999919675 ) ) ;
#2151 = VERTEX_POINT ( 'NONE', #142 ) ;
#2152 = ORIENTED_EDGE ( 'NONE', *, *, #871, .T. ) ;
#2153 = PLANE ( 'NONE',  #4714 ) ;
#2154 = SURFACE_STYLE_FILL_AREA ( #5042 ) ;
#2155 = DIRECTION ( 'NONE',  ( -0.7071067811865480168, 0.0000000000000000000, -0.7071067811865470176 ) ) ;
#2156 = EDGE_CURVE ( 'NONE', #6478, #3561, #8003, .T. ) ;
#2157 = EDGE_CURVE ( 'NONE', #4811, #6599, #152, .T. ) ;
#2158 = PRESENTATION_LAYER_ASSIGNMENT (  '', '', ( #1328 ) ) ;
#2159 = ORIENTED_EDGE ( 'NONE', *, *, #1606, .F. ) ;
#2160 = EDGE_LOOP ( 'NONE', ( #6764, #5071, #522, #6562, #1614, #3998, #252, #724, #8042, #4832 ) ) ;
#2161 = CARTESIAN_POINT ( 'NONE',  ( 0.4000000000000010769, 0.9999999999999988898, 0.07999999999999903022 ) ) ;
#2162 = CARTESIAN_POINT ( 'NONE',  ( -0.8249999999999979572, 1.299999999999990274, 0.04999999999999989869 ) ) ;
#2163 = LINE ( 'NONE', #4589, #6890 ) ;
#2164 = CARTESIAN_POINT ( 'NONE',  ( 1.675000000000000044, 0.9999999999999988898, 0.07999999999999830858 ) ) ;
#2165 = VERTEX_POINT ( 'NONE', #5082 ) ;
#2166 = ORIENTED_EDGE ( 'NONE', *, *, #1402, .T. ) ;
#2167 = EDGE_CURVE ( 'NONE', #1228, #5754, #1444, .T. ) ;
#2168 = DIRECTION ( 'NONE',  ( 0.2163711612039573018, 0.9520331092974138043, 0.2163711612039584675 ) ) ;
#2169 = VECTOR ( 'NONE', #3597, 1000.000000000000000 ) ;
#2170 = CARTESIAN_POINT ( 'NONE',  ( -47.60249999999999915, 0.6999999999999999556, 0.03000000000000983130 ) ) ;
#2171 = DIRECTION ( 'NONE',  ( -1.000000000000000000, 0.0000000000000000000, 2.289834988289389802E-16 ) ) ;
#2172 = LINE ( 'NONE', #1737, #5262 ) ;
#2173 = ADVANCED_FACE ( 'NONE', ( #3118 ), #4576, .T. ) ;
#2174 = VERTEX_POINT ( 'NONE', #3545 ) ;
#2175 = ORIENTED_EDGE ( 'NONE', *, *, #5683, .F. ) ;
#2176 = CARTESIAN_POINT ( 'NONE',  ( 0.1750000000000019873, 1.245779075397750235, -7.860465750519907147E-16 ) ) ;
#2177 = PLANE ( 'NONE',  #3258 ) ;
#2178 = ORIENTED_EDGE ( 'NONE', *, *, #6104, .F. ) ;
#2179 = DIRECTION ( 'NONE',  ( 0.0000000000000000000, 0.7071067811865443531, 0.7071067811865506814 ) ) ;
#2180 =( LENGTH_UNIT ( ) NAMED_UNIT ( * ) SI_UNIT ( .MILLI., .METRE. ) );
#2181 = DIRECTION ( 'NONE',  ( 1.000000000000000000, 0.0000000000000000000, -2.289834988289389802E-16 ) ) ;
#2182 = CARTESIAN_POINT ( 'NONE',  ( 3.000000000000000000, 0.9999999999999988898, 0.07999999999999790612 ) ) ;
#2183 = VECTOR ( 'NONE', #154, 1000.000000000000000 ) ;
#2184 = VERTEX_POINT ( 'NONE', #5700 ) ;
#2185 = DIRECTION ( 'NONE',  ( 2.289834988289389802E-16, -0.0000000000000000000, 1.000000000000000000 ) ) ;
#2186 = AXIS2_PLACEMENT_3D ( 'NONE', #2641, #7564, #1630 ) ;
#2187 = ORIENTED_EDGE ( 'NONE', *, *, #52, .F. ) ;
#2188 = CARTESIAN_POINT ( 'NONE',  ( 1.675000000000000044, 0.9999999999999988898, 0.07866077735406334925 ) ) ;
#2189 = ORIENTED_EDGE ( 'NONE', *, *, #3495, .F. ) ;
#2190 = EDGE_CURVE ( 'NONE', #4991, #2628, #4511, .T. ) ;
#2191 = VERTEX_POINT ( 'NONE', #5643 ) ;
#2192 = EDGE_LOOP ( 'NONE', ( #3176, #1272, #5642, #4939 ) ) ;
#2193 = CARTESIAN_POINT ( 'NONE',  ( -1.824999999999999956, 1.350000000000000089, 0.1099999999999990430 ) ) ;
#2194 = LINE ( 'NONE', #566, #3667 ) ;
#2195 = CARTESIAN_POINT ( 'NONE',  ( -2.615000000000000657, -1.824999999999989964, 0.3700000000000010503 ) ) ;
#2196 = CIRCLE ( 'NONE', #563, 0.02999999999999989828 ) ;
#2197 = ORIENTED_EDGE ( 'NONE', *, *, #7049, .F. ) ;
#2198 = ORIENTED_EDGE ( 'NONE', *, *, #7551, .F. ) ;
#2199 = LINE ( 'NONE', #6752, #2006 ) ;
#2200 = DIRECTION ( 'NONE',  ( -1.000000000000000000, 5.243344273594249610E-32, 2.289834988289389802E-16 ) ) ;
#2201 = COLOUR_RGB ( '',0.3176470588235293935, 0.2470588235294117752, 0.2078431372549019440 ) ;
#2202 = STYLED_ITEM ( 'NONE', ( #945 ), #5374 ) ;
#2203 =( GEOMETRIC_REPRESENTATION_CONTEXT ( 3 ) GLOBAL_UNCERTAINTY_ASSIGNED_CONTEXT ( ( #3520 ) ) GLOBAL_UNIT_ASSIGNED_CONTEXT ( ( #1135, #1082, #731 ) ) REPRESENTATION_CONTEXT ( 'NONE', 'WORKASPACE' ) );
#2204 = LINE ( 'NONE', #4193, #5488 ) ;
#2205 = UNCERTAINTY_MEASURE_WITH_UNIT (LENGTH_MEASURE( 1.000000000000000082E-05 ), #966, 'distance_accuracy_value', 'NONE');
#2206 = DIRECTION ( 'NONE',  ( -1.000000000000000000, 0.0000000000000000000, 2.289834988289389802E-16 ) ) ;
#2207 = CARTESIAN_POINT ( 'NONE',  ( -2.770000000000000018, 0.4600000000000000200, -0.7947080000000009692 ) ) ;
#2208 = ORIENTED_EDGE ( 'NONE', *, *, #1166, .F. ) ;
#2209 = PLANE ( 'NONE',  #1364 ) ;
#2210 = LINE ( 'NONE', #4021, #551 ) ;
#2211 = VECTOR ( 'NONE', #8008, 1000.000000000000000 ) ;
#2212 = DIRECTION ( 'NONE',  ( -0.7071067811865502373, 0.0000000000000000000, 0.7071067811865449082 ) ) ;
#2213 =( NAMED_UNIT ( * ) SI_UNIT ( $, .STERADIAN. ) SOLID_ANGLE_UNIT ( ) );
#2214 = STYLED_ITEM ( 'NONE', ( #6036 ), #7311 ) ;
#2215 = ORIENTED_EDGE ( 'NONE', *, *, #1290, .T. ) ;
#2216 = DIRECTION ( 'NONE',  ( 1.000000000000000000, -0.0000000000000000000, -2.289834988289389802E-16 ) ) ;
#2217 =( NAMED_UNIT ( * ) PLANE_ANGLE_UNIT ( ) SI_UNIT ( $, .RADIAN. ) );
#2218 = FACE_OUTER_BOUND ( 'NONE', #6905, .T. ) ;
#2219 = CARTESIAN_POINT ( 'NONE',  ( -0.8249999999999979572, 1.350000000000000089, 0.3100000000000019962 ) ) ;
#2220 = FILL_AREA_STYLE_COLOUR ( '', #3376 ) ;
#2221 = ADVANCED_FACE ( 'NONE', ( #2921 ), #6925, .F. ) ;
#2222 = DIRECTION ( 'NONE',  ( -0.7071067811865520136, 0.0000000000000000000, -0.7071067811865431318 ) ) ;
#2223 = VERTEX_POINT ( 'NONE', #145 ) ;
#2224 = EDGE_CURVE ( 'NONE', #3479, #5349, #1242, .T. ) ;
#2225 = EDGE_CURVE ( 'NONE', #2485, #3422, #7607, .T. ) ;
#2226 = VECTOR ( 'NONE', #4902, 1000.000000000000000 ) ;
#2227 = LINE ( 'NONE', #1971, #3694 ) ;
#2228 = VERTEX_POINT ( 'NONE', #7529 ) ;
#2229 = LINE ( 'NONE', #986, #6774 ) ;
#2230 = FILL_AREA_STYLE_COLOUR ( '', #645 ) ;
#2231 = VECTOR ( 'NONE', #1735, 1000.000000000000000 ) ;
#2232 = DIRECTION ( 'NONE',  ( 2.804146475863970139E-32, 1.000000000000000000, -1.065228634467009955E-16 ) ) ;
#2234 = AXIS2_PLACEMENT_3D ( 'NONE', #748, #6313, #2624 ) ;
#2233 = CARTESIAN_POINT ( 'NONE',  ( 2.765000000000000124, -1.899999999999999911, 0.5199999999999990186 ) ) ;
#2235 = CARTESIAN_POINT ( 'NONE',  ( 0.8250000000000019540, 0.9199999999999866063, 0.03619548911246078110 ) ) ;
#2236 = EDGE_CURVE ( 'NONE', #7839, #7984, #4327, .T. ) ;
#2237 = CARTESIAN_POINT ( 'NONE',  ( 1.675000000000000044, 0.9199999999999866063, 0.03619548911246030926 ) ) ;
#2238 = LINE ( 'NONE', #582, #3039 ) ;
#2239 =( LENGTH_UNIT ( ) NAMED_UNIT ( * ) SI_UNIT ( .MILLI., .METRE. ) );
#2240 = DIRECTION ( 'NONE',  ( 2.439197797730288502E-32, -1.000000000000000000, 1.065228634467009955E-16 ) ) ;
#2241 = EDGE_CURVE ( 'NONE', #5178, #3847, #1651, .T. ) ;
#2242 = VECTOR ( 'NONE', #616, 1000.000000000000114 ) ;
#2243 = CARTESIAN_POINT ( 'NONE',  ( 1.324999999999999956, 1.245779075397750235, 0.1705002310154649925 ) ) ;
#2244 = DIRECTION ( 'NONE',  ( -2.289834988289389802E-16, 0.0000000000000000000, -1.000000000000000000 ) ) ;
#2245 = ORIENTED_EDGE ( 'NONE', *, *, #7601, .F. ) ;
#2246 = DIRECTION ( 'NONE',  ( 1.000000000000000000, -5.243344273594249610E-32, -2.289834988289389802E-16 ) ) ;
#2247 = FACE_OUTER_BOUND ( 'NONE', #2272, .T. ) ;
#2248 = CARTESIAN_POINT ( 'NONE',  ( 1.824999999999999956, 0.9999999999999988898, 0.07999999999999538036 ) ) ;
#2249 = CARTESIAN_POINT ( 'NONE',  ( -0.8249999999999980682, 1.673724317761259961, 0.3099999999999986100 ) ) ;
#2250 = AXIS2_PLACEMENT_3D ( 'NONE', #4515, #5144, #1466 ) ;
#2251 = ORIENTED_EDGE ( 'NONE', *, *, #3951, .T. ) ;
#2252 = CARTESIAN_POINT ( 'NONE',  ( 2.265000000000000568, -0.6000000000000009770, 0.6899999999999987255 ) ) ;
#2253 = LINE ( 'NONE', #2712, #2055 ) ;
#2254 = ORIENTED_EDGE ( 'NONE', *, *, #2869, .T. ) ;
#2255 = DIRECTION ( 'NONE',  ( 0.2163711612039738996, 0.9520331092974103626, 0.2163711612039576904 ) ) ;
#2256 = VERTEX_POINT ( 'NONE', #3946 ) ;
#2257 = ADVANCED_FACE ( 'NONE', ( #5777 ), #7613, .F. ) ;
#2258 = AXIS2_PLACEMENT_3D ( 'NONE', #4249, #4855, #1160 ) ;
#2259 = CARTESIAN_POINT ( 'NONE',  ( -0.8999999999999984679, 0.9199999999999981526, 0.07999999999999940492 ) ) ;
#2260 = DIRECTION ( 'NONE',  ( 5.243344273594249610E-32, 1.000000000000000000, -1.200639317332292868E-47 ) ) ;
#2261 = ORIENTED_EDGE ( 'NONE', *, *, #2116, .T. ) ;
#2262 = VERTEX_POINT ( 'NONE', #2064 ) ;
#2263 = DIRECTION ( 'NONE',  ( 0.0000000000000000000, 2.289834988289389802E-16, 1.000000000000000000 ) ) ;
#2264 = CARTESIAN_POINT ( 'NONE',  ( -0.8249999999999979572, 1.299999999999990274, 0.05000000000000000278 ) ) ;
#2265 = SURFACE_STYLE_USAGE ( .BOTH. , #5960 ) ;
#2266 = EDGE_CURVE ( 'NONE', #3906, #6945, #1146, .T. ) ;
#2267 = EDGE_CURVE ( 'NONE', #4666, #3148, #2828, .T. ) ;
#2268 = FACE_OUTER_BOUND ( 'NONE', #5249, .T. ) ;
#2269 = CARTESIAN_POINT ( 'NONE',  ( -2.765000000000000124, -1.100000000000000089, 0.3752010000000010059 ) ) ;
#2270 = DIRECTION ( 'NONE',  ( 1.000000000000000000, 0.0000000000000000000, -2.289834988289389802E-16 ) ) ;
#2271 = ORIENTED_EDGE ( 'NONE', *, *, #3232, .F. ) ;
#2272 = EDGE_LOOP ( 'NONE', ( #709, #5535, #7906, #2979 ) ) ;
#2273 = CARTESIAN_POINT ( 'NONE',  ( 2.433678328689710124, -0.8000000000000010436, 0.1799999999999979672 ) ) ;
#2274 = VECTOR ( 'NONE', #4590, 1000.000000000000000 ) ;
#2275 = ORIENTED_EDGE ( 'NONE', *, *, #2988, .F. ) ;
#2276 = DIRECTION ( 'NONE',  ( 2.229998385641999896E-16, -0.2271122129663560585, 0.9738685962292472631 ) ) ;
#2277 = ORIENTED_EDGE ( 'NONE', *, *, #1880, .T. ) ;
#2278 = ORIENTED_EDGE ( 'NONE', *, *, #1234, .T. ) ;
#2279 = AXIS2_PLACEMENT_3D ( 'NONE', #5426, #7902, #4208 ) ;
#2280 = EDGE_CURVE ( 'NONE', #5214, #4875, #4425, .T. ) ;
#2281 = ORIENTED_EDGE ( 'NONE', *, *, #7256, .F. ) ;
#2282 = EDGE_CURVE ( 'NONE', #2324, #4620, #4250, .T. ) ;
#2283 = DIRECTION ( 'NONE',  ( -0.0000000000000000000, -1.065228634467009955E-16, -1.000000000000000000 ) ) ;
#2284 = CYLINDRICAL_SURFACE ( 'NONE', #7730, 0.02999999999999989828 ) ;
#2285 = LINE ( 'NONE', #276, #3942 ) ;
#2286 = ORIENTED_EDGE ( 'NONE', *, *, #248, .T. ) ;
#2287 = ORIENTED_EDGE ( 'NONE', *, *, #3391, .F. ) ;
#2288 = ORIENTED_EDGE ( 'NONE', *, *, #167, .T. ) ;
#2289 = FACE_OUTER_BOUND ( 'NONE', #4926, .T. ) ;
#2290 = CARTESIAN_POINT ( 'NONE',  ( -0.1749999999999979905, 1.350000000000000089, 0.1599999999999993372 ) ) ;
#2291 = AXIS2_PLACEMENT_3D ( 'NONE', #5855, #6286, #6455 ) ;
#2292 = PLANE ( 'NONE',  #6437 ) ;
#2293 = EDGE_CURVE ( 'NONE', #4093, #1373, #959, .T. ) ;
#2294 = ORIENTED_EDGE ( 'NONE', *, *, #1970, .F. ) ;
#2295 =( NAMED_UNIT ( * ) PLANE_ANGLE_UNIT ( ) SI_UNIT ( $, .RADIAN. ) );
#2296 = ADVANCED_FACE ( 'NONE', ( #5883 ), #687, .T. ) ;
#2297 = DIRECTION ( 'NONE',  ( -1.000000000000000000, 0.0000000000000000000, -0.0000000000000000000 ) ) ;
#2298 = VECTOR ( 'NONE', #1132, 1000.000000000000000 ) ;
#2299 = CYLINDRICAL_SURFACE ( 'NONE', #865, 0.04999999999999996808 ) ;
#2300 = UNCERTAINTY_MEASURE_WITH_UNIT (LENGTH_MEASURE( 1.000000000000000082E-05 ), #2355, 'distance_accuracy_value', 'NONE');
#2301 = DIRECTION ( 'NONE',  ( 1.000000000000000000, -5.243344273594249610E-32, -2.289834988289389802E-16 ) ) ;
#2302 = ORIENTED_EDGE ( 'NONE', *, *, #280, .F. ) ;
#2303 = VECTOR ( 'NONE', #4349, 1000.000000000000000 ) ;
#2304 = AXIS2_PLACEMENT_3D ( 'NONE', #4080, #362, #4675 ) ;
#2305 = AXIS2_PLACEMENT_3D ( 'NONE', #802, #730, #1480 ) ;
#2306 = DIRECTION ( 'NONE',  ( 0.0000000000000000000, 0.9982048454657787007, 0.05989229072794666903 ) ) ;
#2307 = VECTOR ( 'NONE', #7234, 1000.000000000000000 ) ;
#2308 = DIRECTION ( 'NONE',  ( 1.373900992973630035E-16, 0.8000000000000000444, 0.5999999999999999778 ) ) ;
#2309 = ORIENTED_EDGE ( 'NONE', *, *, #6042, .T. ) ;
#2310 = LINE ( 'NONE', #7673, #657 ) ;
#2311 = LINE ( 'NONE', #282, #6849 ) ;
#2312 = DIRECTION ( 'NONE',  ( 0.0000000000000000000, 0.0000000000000000000, -1.000000000000000000 ) ) ;
#2313 = COLOUR_RGB ( '',0.3176470588235293935, 0.2470588235294117752, 0.2078431372549019440 ) ;
#2314 = AXIS2_PLACEMENT_3D ( 'NONE', #3568, #7848, #4166 ) ;
#2315 = ORIENTED_EDGE ( 'NONE', *, *, #6568, .F. ) ;
#2316 = VERTEX_POINT ( 'NONE', #3804 ) ;
#2317 = FACE_OUTER_BOUND ( 'NONE', #4514, .T. ) ;
#2318 = CARTESIAN_POINT ( 'NONE',  ( -47.60249999999999915, 0.6999999999999990674, 0.03000000000000983130 ) ) ;
#2319 = CARTESIAN_POINT ( 'NONE',  ( 1.824999999999999956, 0.9999999999999988898, 0.1705002310154639933 ) ) ;
#2320 = EDGE_CURVE ( 'NONE', #2073, #5699, #2408, .T. ) ;
#2321 = DIRECTION ( 'NONE',  ( -2.289834988289389802E-16, -2.289834988289389802E-16, -1.000000000000000000 ) ) ;
#2322 = EDGE_CURVE ( 'NONE', #2165, #2389, #5688, .T. ) ;
#2323 = DIRECTION ( 'NONE',  ( -2.289834988289389802E-16, 0.0000000000000000000, -1.000000000000000000 ) ) ;
#2324 = VERTEX_POINT ( 'NONE', #3823 ) ;
#2325 = DIRECTION ( 'NONE',  ( -1.000000000000000000, 5.243344273594249610E-32, 2.289834988289389802E-16 ) ) ;
#2326 = PLANE ( 'NONE',  #576 ) ;
#2327 = ADVANCED_FACE ( 'NONE', ( #570 ), #5039, .T. ) ;
#2329 = AXIS2_PLACEMENT_3D ( 'NONE', #2150, #2793, #929 ) ;
#2328 = CARTESIAN_POINT ( 'NONE',  ( 2.765000000000000124, -1.228897383693329903, 0.5099999999999980105 ) ) ;
#2330 = EDGE_CURVE ( 'NONE', #5902, #2653, #6960, .T. ) ;
#2331 = DIRECTION ( 'NONE',  ( 5.243344273594249610E-32, 1.000000000000000000, -1.200639317332292868E-47 ) ) ;
#2332 = EDGE_CURVE ( 'NONE', #7317, #7785, #2227, .T. ) ;
#2333 = VERTEX_POINT ( 'NONE', #3859 ) ;
#2334 = EDGE_LOOP ( 'NONE', ( #7875, #3921, #7257, #6926, #3362, #6501 ) ) ;
#2335 = LINE ( 'NONE', #4132, #2141 ) ;
#2336 = DIRECTION ( 'NONE',  ( 0.0000000000000000000, 0.0000000000000000000, 1.000000000000000000 ) ) ;
#2337 = FACE_OUTER_BOUND ( 'NONE', #6628, .T. ) ;
#2338 = CARTESIAN_POINT ( 'NONE',  ( 3.000000000000000000, 0.6948629999999990092, 0.9999999999999981126 ) ) ;
#2339 = EDGE_LOOP ( 'NONE', ( #6011, #5962, #7399, #5257 ) ) ;
#2340 = ORIENTED_EDGE ( 'NONE', *, *, #7635, .T. ) ;
#2341 = DIRECTION ( 'NONE',  ( 2.229998385641999896E-16, -0.2271122129663560585, 0.9738685962292472631 ) ) ;
#2342 = DIRECTION ( 'NONE',  ( 5.243344273594249610E-32, 1.000000000000000000, -1.200639317332292868E-47 ) ) ;
#2343 = FACE_OUTER_BOUND ( 'NONE', #7371, .T. ) ;
#2344 = AXIS2_PLACEMENT_3D ( 'NONE', #4426, #6298, #2614 ) ;
#2345 = STYLED_ITEM ( 'NONE', ( #862 ), #1334 ) ;
#2346 = CARTESIAN_POINT ( 'NONE',  ( 1.449999999999998401, 0.9999999999999988898, 0.02999999999999789640 ) ) ;
#2347 = UNCERTAINTY_MEASURE_WITH_UNIT (LENGTH_MEASURE( 1.000000000000000082E-05 ), #6438, 'distance_accuracy_value', 'NONE');
#2348 = ORIENTED_EDGE ( 'NONE', *, *, #2320, .F. ) ;
#2349 = ORIENTED_EDGE ( 'NONE', *, *, #6923, .T. ) ;
#2350 = VECTOR ( 'NONE', #7097, 1000.000000000000000 ) ;
#2351 = CARTESIAN_POINT ( 'NONE',  ( 2.765000000000000124, -1.100000000000000089, 0.3978428499183350175 ) ) ;
#2352 = DIRECTION ( 'NONE',  ( 1.000000000000000000, -5.243344273594249610E-32, -2.289834988289389802E-16 ) ) ;
#2353 = VERTEX_POINT ( 'NONE', #2595 ) ;
#2354 = EDGE_LOOP ( 'NONE', ( #3289, #5075, #7536, #4484 ) ) ;
#2355 =( LENGTH_UNIT ( ) NAMED_UNIT ( * ) SI_UNIT ( .MILLI., .METRE. ) );
#2356 = LINE ( 'NONE', #414, #7105 ) ;
#2357 = VECTOR ( 'NONE', #1679, 1000.000000000000000 ) ;
#2358 = ORIENTED_EDGE ( 'NONE', *, *, #7346, .T. ) ;
#2359 =( NAMED_UNIT ( * ) SI_UNIT ( $, .STERADIAN. ) SOLID_ANGLE_UNIT ( ) );
#2360 = ORIENTED_EDGE ( 'NONE', *, *, #4109, .F. ) ;
#2361 = CARTESIAN_POINT ( 'NONE',  ( 1.100000000000000311, 0.9199999999999997069, 0.07999999999999880818 ) ) ;
#2362 = ORIENTED_EDGE ( 'NONE', *, *, #1857, .F. ) ;
#2363 = EDGE_CURVE ( 'NONE', #5038, #241, #5315, .T. ) ;
#2364 = EDGE_CURVE ( 'NONE', #5468, #12, #3888, .T. ) ;
#2365 = COLOUR_RGB ( '',0.3176470588235293935, 0.2470588235294117752, 0.2078431372549019440 ) ;
#2366 = ADVANCED_FACE ( 'NONE', ( #2033 ), #6576, .F. ) ;
#2367 = COLOUR_RGB ( '',0.3176470588235293935, 0.2470588235294117752, 0.2078431372549019440 ) ;
#2368 = ORIENTED_EDGE ( 'NONE', *, *, #2381, .T. ) ;
#2369 = DIRECTION ( 'NONE',  ( -2.289834988289389802E-16, 0.0000000000000000000, -1.000000000000000000 ) ) ;
#2370 = ORIENTED_EDGE ( 'NONE', *, *, #7237, .T. ) ;
#2371 = ORIENTED_EDGE ( 'NONE', *, *, #1047, .F. ) ;
#2372 = CARTESIAN_POINT ( 'NONE',  ( 2.527499999999999858, -1.824999999999999956, 0.1799999999999979672 ) ) ;
#2373 = ORIENTED_EDGE ( 'NONE', *, *, #3102, .T. ) ;
#2374 = ORIENTED_EDGE ( 'NONE', *, *, #2890, .F. ) ;
#2375 = VECTOR ( 'NONE', #539, 1000.000000000000114 ) ;
#2376 = AXIS2_PLACEMENT_3D ( 'NONE', #1157, #5495, #1803 ) ;
#2377 = LINE ( 'NONE', #47, #3856 ) ;
#2378 = EDGE_CURVE ( 'NONE', #1227, #1882, #1845, .T. ) ;
#2379 = DIRECTION ( 'NONE',  ( -1.000000000000000000, 5.243344273594249610E-32, -0.0000000000000000000 ) ) ;
#2380 = PLANE ( 'NONE',  #2376 ) ;
#2381 = EDGE_CURVE ( 'NONE', #2635, #7304, #159, .T. ) ;
#2382 = DIRECTION ( 'NONE',  ( 1.000000000000000000, -5.243344273594249610E-32, -2.289834988289389802E-16 ) ) ;
#2383 = ORIENTED_EDGE ( 'NONE', *, *, #332, .T. ) ;
#2384 = VECTOR ( 'NONE', #6084, 1000.000000000000000 ) ;
#2385 = CARTESIAN_POINT ( 'NONE',  ( -2.615000000000000213, -1.100000000000000089, 0.3752010000000010059 ) ) ;
#2386 = DIRECTION ( 'NONE',  ( 0.0000000000000000000, 0.0000000000000000000, 1.000000000000000000 ) ) ;
#2387 = VECTOR ( 'NONE', #1876, 1000.000000000000000 ) ;
#2388 = ADVANCED_FACE ( 'NONE', ( #3511 ), #5784, .F. ) ;
#2389 = VERTEX_POINT ( 'NONE', #5126 ) ;
#2390 = ORIENTED_EDGE ( 'NONE', *, *, #2156, .T. ) ;
#2391 = DIRECTION ( 'NONE',  ( 0.0000000000000000000, 1.065228634467009955E-16, 1.000000000000000000 ) ) ;
#2392 = CARTESIAN_POINT ( 'NONE',  ( -47.60249999999999915, 0.6999999999999990674, 0.03000000000000983130 ) ) ;
#2393 = LINE ( 'NONE', #5832, #740 ) ;
#2394 = DIRECTION ( 'NONE',  ( 0.0000000000000000000, 1.000000000000000000, -2.289834988289389802E-16 ) ) ;
#2395 = VECTOR ( 'NONE', #2449, 1000.000000000000000 ) ;
#2396 = ORIENTED_EDGE ( 'NONE', *, *, #6171, .T. ) ;
#2397 = VERTEX_POINT ( 'NONE', #2054 ) ;
#2398 = DIRECTION ( 'NONE',  ( -2.439197797730288502E-32, 1.000000000000000000, -1.065228634467009955E-16 ) ) ;
#2399 = COLOUR_RGB ( '',0.3176470588235293935, 0.2470588235294117752, 0.2078431372549019440 ) ;
#2400 = AXIS2_PLACEMENT_3D ( 'NONE', #5163, #1484, #5786 ) ;
#2401 =( GEOMETRIC_REPRESENTATION_CONTEXT ( 3 ) GLOBAL_UNCERTAINTY_ASSIGNED_CONTEXT ( ( #6611 ) ) GLOBAL_UNIT_ASSIGNED_CONTEXT ( ( #3960, #213, #4545 ) ) REPRESENTATION_CONTEXT ( 'NONE', 'WORKASPACE' ) );
#2402 = ORIENTED_EDGE ( 'NONE', *, *, #919, .T. ) ;
#2403 = ORIENTED_EDGE ( 'NONE', *, *, #3900, .F. ) ;
#2404 = PRESENTATION_STYLE_ASSIGNMENT (( #1429 ) ) ;
#2405 = CARTESIAN_POINT ( 'NONE',  ( -1.050000000000002265, 0.9999999999999988898, 0.02999999999999913847 ) ) ;
#2406 = VECTOR ( 'NONE', #1244, 1000.000000000000000 ) ;
#2407 = DIRECTION ( 'NONE',  ( 2.439197797730288502E-32, -1.000000000000000000, 1.065228634467009955E-16 ) ) ;
#2408 = LINE ( 'NONE', #4388, #5508 ) ;
#2409 = DIRECTION ( 'NONE',  ( 0.7071067811865520136, -0.0000000000000000000, 0.7071067811865431318 ) ) ;
#2410 = ADVANCED_FACE ( 'NONE', ( #2711 ), #2507, .F. ) ;
#2411 = DIRECTION ( 'NONE',  ( 2.229998385641999896E-16, -0.2271122129663560585, 0.9738685962292472631 ) ) ;
#2412 = PLANE ( 'NONE',  #3466 ) ;
#2413 = ORIENTED_EDGE ( 'NONE', *, *, #1071, .T. ) ;
#2414 = VERTEX_POINT ( 'NONE', #3331 ) ;
#2415 = VECTOR ( 'NONE', #4646, 999.9999999999998863 ) ;
#2416 = FILL_AREA_STYLE_COLOUR ( '', #6809 ) ;
#2417 = EDGE_CURVE ( 'NONE', #5505, #4948, #1052, .T. ) ;
#2418 = EDGE_CURVE ( 'NONE', #2414, #2510, #4159, .T. ) ;
#2419 = VECTOR ( 'NONE', #5051, 1000.000000000000000 ) ;
#2420 = PRESENTATION_LAYER_ASSIGNMENT (  '', '', ( #1609 ) ) ;
#2421 = DIRECTION ( 'NONE',  ( 0.0000000000000000000, -0.9971993098884563977, 0.07478994824163433253 ) ) ;
#2422 = CARTESIAN_POINT ( 'NONE',  ( -1.825000000000000178, 0.9999999999999988898, 0.3099999999999992761 ) ) ;
#2423 = ORIENTED_EDGE ( 'NONE', *, *, #7948, .F. ) ;
#2424 = CARTESIAN_POINT ( 'NONE',  ( 1.824999999999999956, 1.299999999999990274, 0.04999999999999920480 ) ) ;
#2425 = FILL_AREA_STYLE_COLOUR ( '', #2522 ) ;
#2426 = STYLED_ITEM ( 'NONE', ( #6952 ), #2515 ) ;
#2427 = CARTESIAN_POINT ( 'NONE',  ( -2.765000000000000124, -1.050000000000000044, 0.5100000000000000089 ) ) ;
#2428 = EDGE_CURVE ( 'NONE', #1738, #7357, #7422, .T. ) ;
#2429 = EDGE_LOOP ( 'NONE', ( #7187, #2529, #5091, #3175 ) ) ;
#2430 = ORIENTED_EDGE ( 'NONE', *, *, #6531, .T. ) ;
#2431 = CARTESIAN_POINT ( 'NONE',  ( 2.433678328689710124, -0.8000000000000010436, 0.1799999999999979672 ) ) ;
#2432 = VECTOR ( 'NONE', #7557, 1000.000000000000000 ) ;
#2433 = ADVANCED_FACE ( 'NONE', ( #5591 ), #6464, .F. ) ;
#2434 = PRESENTATION_STYLE_ASSIGNMENT (( #6529 ) ) ;
#2435 =( NAMED_UNIT ( * ) SI_UNIT ( $, .STERADIAN. ) SOLID_ANGLE_UNIT ( ) );
#2436 = CARTESIAN_POINT ( 'NONE',  ( 1.824999999999999956, 0.9999999999999988898, 0.3099999999999979994 ) ) ;
#2437 = FILL_AREA_STYLE_COLOUR ( '', #2483 ) ;
#2438 = EDGE_LOOP ( 'NONE', ( #2887, #4555, #367, #325 ) ) ;
#2439 =( NAMED_UNIT ( * ) PLANE_ANGLE_UNIT ( ) SI_UNIT ( $, .RADIAN. ) );
#2440 = ORIENTED_EDGE ( 'NONE', *, *, #1911, .T. ) ;
#2442 = AXIS2_PLACEMENT_3D ( 'NONE', #2786, #1567, #5858 ) ;
#2441 = CARTESIAN_POINT ( 'NONE',  ( 2.765000000000000124, -1.228897383693329903, 0.1699999999999980138 ) ) ;
#2443 = FACE_OUTER_BOUND ( 'NONE', #6424, .T. ) ;
#2444 = EDGE_CURVE ( 'NONE', #7558, #7377, #50, .T. ) ;
#2445 = ORIENTED_EDGE ( 'NONE', *, *, #4328, .T. ) ;
#2446 = EDGE_LOOP ( 'NONE', ( #1352, #7176, #2644, #7469, #258, #3240, #1883, #1707, #1149 ) ) ;
#2447 = PLANE ( 'NONE',  #3420 ) ;
#2448 = COLOUR_RGB ( '',0.3176470588235293935, 0.2470588235294117752, 0.2078431372549019440 ) ;
#2449 = DIRECTION ( 'NONE',  ( 1.000000000000000000, -0.0000000000000000000, -2.289834988289389802E-16 ) ) ;
#2450 = CARTESIAN_POINT ( 'NONE',  ( 2.602500000000000480, -1.000000000000000000, 0.9999999999999991118 ) ) ;
#2451 = ADVANCED_FACE ( 'NONE', ( #5002 ), #7054, .T. ) ;
#2452 = EDGE_LOOP ( 'NONE', ( #4767, #1594, #5587, #5365 ) ) ;
#2453 = ORIENTED_EDGE ( 'NONE', *, *, #6884, .T. ) ;
#2454 = AXIS2_PLACEMENT_3D ( 'NONE', #6658, #476, #6160 ) ;
#2455 = PLANE ( 'NONE',  #2133 ) ;
#2456 = PRESENTATION_STYLE_ASSIGNMENT (( #1885 ) ) ;
#2457 = VECTOR ( 'NONE', #1809, 1000.000000000000000 ) ;
#2458 = CARTESIAN_POINT ( 'NONE',  ( 1.550000000000002709, 0.9999999999999988898, 0.02999999999999854519 ) ) ;
#2459 = VERTEX_POINT ( 'NONE', #2741 ) ;
#2460 = VERTEX_POINT ( 'NONE', #875 ) ;
#2461 = SURFACE_SIDE_STYLE ('',( #5479 ) ) ;
#2462 = DIRECTION ( 'NONE',  ( 0.0000000000000000000, 0.0000000000000000000, -1.000000000000000000 ) ) ;
#2463 = DIRECTION ( 'NONE',  ( 2.229998385641999896E-16, -0.2271122129663560585, 0.9738685962292472631 ) ) ;
#2464 = VECTOR ( 'NONE', #5263, 1000.000000000000000 ) ;
#2465 = CARTESIAN_POINT ( 'NONE',  ( -1.324999999999999956, 0.9999999999999988898, 0.07866077735406440397 ) ) ;
#2466 = AXIS2_PLACEMENT_3D ( 'NONE', #3981, #5801, #879 ) ;
#2467 = CARTESIAN_POINT ( 'NONE',  ( 3.325000000000000178, 0.9999999999999988898, 0.07999999999999909961 ) ) ;
#2468 = ORIENTED_EDGE ( 'NONE', *, *, #4379, .T. ) ;
#2469 = EDGE_LOOP ( 'NONE', ( #1394, #5412, #2087, #3937, #5206, #6428 ) ) ;
#2470 = ORIENTED_EDGE ( 'NONE', *, *, #3504, .F. ) ;
#2471 = VERTEX_POINT ( 'NONE', #249 ) ;
#2472 = ADVANCED_FACE ( 'NONE', ( #3218 ), #4563, .T. ) ;
#2473 = COLOUR_RGB ( '',0.3176470588235293935, 0.2470588235294117752, 0.2078431372549019440 ) ;
#2474 = ADVANCED_FACE ( 'NONE', ( #1749 ), #5677, .F. ) ;
#2475 = LINE ( 'NONE', #2134, #5563 ) ;
#2476 = VERTEX_POINT ( 'NONE', #6481 ) ;
#2477 = ORIENTED_EDGE ( 'NONE', *, *, #3436, .T. ) ;
#2478 = DIRECTION ( 'NONE',  ( 0.0000000000000000000, 1.065228634467009955E-16, 1.000000000000000000 ) ) ;
#2479 = EDGE_CURVE ( 'NONE', #4657, #3827, #4245, .T. ) ;
#2480 = EDGE_CURVE ( 'NONE', #5328, #5295, #2605, .T. ) ;
#2481 = ORIENTED_EDGE ( 'NONE', *, *, #6515, .T. ) ;
#2482 = CYLINDRICAL_SURFACE ( 'NONE', #7124, 0.02999999999999989828 ) ;
#2483 = COLOUR_RGB ( '',0.3176470588235293935, 0.2470588235294117752, 0.2078431372549019440 ) ;
#2484 = DIRECTION ( 'NONE',  ( -5.243344273594249610E-32, -1.000000000000000000, 1.200639317332289951E-47 ) ) ;
#2485 = VERTEX_POINT ( 'NONE', #5260 ) ;
#2486 = DIRECTION ( 'NONE',  ( 0.0000000000000000000, 0.0000000000000000000, -1.000000000000000000 ) ) ;
#2487 = STYLED_ITEM ( 'NONE', ( #526 ), #3677 ) ;
#2488 = EDGE_CURVE ( 'NONE', #1079, #3349, #749, .T. ) ;
#2489 = CARTESIAN_POINT ( 'NONE',  ( -2.765000000000000124, -1.000000000000000000, 0.3300000000000000155 ) ) ;
#2490 = FACE_OUTER_BOUND ( 'NONE', #6723, .T. ) ;
#2491 = DIRECTION ( 'NONE',  ( 0.0000000000000000000, 1.065228634467009955E-16, 1.000000000000000000 ) ) ;
#2492 = VECTOR ( 'NONE', #1994, 1000.000000000000000 ) ;
#2493 = DIRECTION ( 'NONE',  ( 5.243344273594249610E-32, 1.000000000000000000, -1.200639317332292868E-47 ) ) ;
#2494 = EDGE_CURVE ( 'NONE', #7325, #5579, #948, .T. ) ;
#2495 = DIRECTION ( 'NONE',  ( 0.7071067811865441310, 0.7071067811865510144, 0.0000000000000000000 ) ) ;
#2496 = CARTESIAN_POINT ( 'NONE',  ( 2.799999999999999822, -0.02000000000000091635, 0.8400000000000092948 ) ) ;
#2497 = ORIENTED_EDGE ( 'NONE', *, *, #2418, .F. ) ;
#2498 = FACE_OUTER_BOUND ( 'NONE', #25, .T. ) ;
#2499 = PRESENTATION_STYLE_ASSIGNMENT (( #110 ) ) ;
#2500 = VECTOR ( 'NONE', #7790, 1000.000000000000000 ) ;
#2501 = PLANE ( 'NONE',  #4609 ) ;
#2502 = VERTEX_POINT ( 'NONE', #7135 ) ;
#2503 = ORIENTED_EDGE ( 'NONE', *, *, #8009, .F. ) ;
#2504 = AXIS2_PLACEMENT_3D ( 'NONE', #1042, #5366, #1682 ) ;
#2505 = DIRECTION ( 'NONE',  ( 0.0000000000000000000, -0.9738685962292471521, -0.2271122129663564748 ) ) ;
#2506 = VECTOR ( 'NONE', #6459, 1000.000000000000000 ) ;
#2507 = CYLINDRICAL_SURFACE ( 'NONE', #1596, 0.04999999999999979461 ) ;
#2508 =( NAMED_UNIT ( * ) PLANE_ANGLE_UNIT ( ) SI_UNIT ( $, .RADIAN. ) );
#2509 = VERTEX_POINT ( 'NONE', #7733 ) ;
#2510 = VERTEX_POINT ( 'NONE', #330 ) ;
#2511 = DIRECTION ( 'NONE',  ( -1.000000000000000000, 5.243344273594249610E-32, 2.289834988289389802E-16 ) ) ;
#2512 = CIRCLE ( 'NONE', #3771, 0.04999999999999980849 ) ;
#2513 = AXIS2_PLACEMENT_3D ( 'NONE', #3807, #49, #4395 ) ;
#2514 = CARTESIAN_POINT ( 'NONE',  ( 2.765000000000000124, -1.749999999999991562, 0.4199999999999989297 ) ) ;
#2515 = ADVANCED_FACE ( 'NONE', ( #2218 ), #2832, .T. ) ;
#2516 = ORIENTED_EDGE ( 'NONE', *, *, #8010, .T. ) ;
#2517 = DIRECTION ( 'NONE',  ( -0.0000000000000000000, 0.9971993098884563977, -0.07478994824163433253 ) ) ;
#2518 = CARTESIAN_POINT ( 'NONE',  ( 1.175000000000000044, 0.9499999999999869660, 0.03619548911246060763 ) ) ;
#2519 = ORIENTED_EDGE ( 'NONE', *, *, #2479, .T. ) ;
#2520 = FACE_OUTER_BOUND ( 'NONE', #1493, .T. ) ;
#2521 = SURFACE_STYLE_USAGE ( .BOTH. , #4720 ) ;
#2522 = COLOUR_RGB ( '',0.3176470588235293935, 0.2470588235294117752, 0.2078431372549019440 ) ;
#2523 = ORIENTED_EDGE ( 'NONE', *, *, #1526, .F. ) ;
#2524 = EDGE_CURVE ( 'NONE', #6904, #5445, #5503, .T. ) ;
#2525 = EDGE_CURVE ( 'NONE', #164, #5288, #3882, .T. ) ;
#2526 = CARTESIAN_POINT ( 'NONE',  ( 0.5499999999999980460, 0.6999999999999990674, 0.02999999999999883663 ) ) ;
#2528 = CARTESIAN_POINT ( 'NONE',  ( 2.615000000000000213, -1.100000000000000089, 0.4599999999999980771 ) ) ;
#2527 = CARTESIAN_POINT ( 'NONE',  ( 2.615000000000000657, -1.824999999999989964, 0.3699999999999989964 ) ) ;
#2529 = ORIENTED_EDGE ( 'NONE', *, *, #3989, .F. ) ;
#2530 = ORIENTED_EDGE ( 'NONE', *, *, #6059, .T. ) ;
#2531 = CARTESIAN_POINT ( 'NONE',  ( -0.8249999999999979572, 0.9431866336109966387, 0.06541154699933857120 ) ) ;
#2532 = VECTOR ( 'NONE', #2699, 1000.000000000000000 ) ;
#2533 = LINE ( 'NONE', #923, #7263 ) ;
#2534 = STYLED_ITEM ( 'NONE', ( #4406 ), #3077 ) ;
#2535 = EDGE_CURVE ( 'NONE', #3906, #7276, #1653, .T. ) ;
#2536 = ORIENTED_EDGE ( 'NONE', *, *, #858, .T. ) ;
#2537 = EDGE_CURVE ( 'NONE', #2223, #3840, #6365, .T. ) ;
#2538 = ORIENTED_EDGE ( 'NONE', *, *, #4297, .F. ) ;
#2539 = CARTESIAN_POINT ( 'NONE',  ( 0.1625000000000020040, 0.9199999999999990408, 0.07999999999999909961 ) ) ;
#2540 = LINE ( 'NONE', #135, #5818 ) ;
#2541 = DIRECTION ( 'NONE',  ( 2.289834988289389802E-16, -0.0000000000000000000, 1.000000000000000000 ) ) ;
#2542 = DIRECTION ( 'NONE',  ( 0.0000000000000000000, -0.7071067811865980879, -0.7071067811864969466 ) ) ;
#2543 = EDGE_LOOP ( 'NONE', ( #5552, #7494, #5079, #2851 ) ) ;
#2544 = EDGE_LOOP ( 'NONE', ( #2681, #510, #6986, #6251 ) ) ;
#2545 = CARTESIAN_POINT ( 'NONE',  ( -1.949999999999999956, 0.6999999999999992895, 0.02999999999999960337 ) ) ;
#2546 = AXIS2_PLACEMENT_3D ( 'NONE', #7391, #7118, #7465 ) ;
#2547 = LINE ( 'NONE', #957, #3822 ) ;
#2548 = PRESENTATION_STYLE_ASSIGNMENT (( #119 ) ) ;
#2549 = DIRECTION ( 'NONE',  ( 2.289834988289389802E-16, -0.0000000000000000000, 1.000000000000000000 ) ) ;
#2550 = ORIENTED_EDGE ( 'NONE', *, *, #5571, .T. ) ;
#2551 = ADVANCED_FACE ( 'NONE', ( #3313 ), #1015, .T. ) ;
#2552 = DIRECTION ( 'NONE',  ( 1.000000000000000000, -5.243344273594249610E-32, -2.289834988289389802E-16 ) ) ;
#2553 = ORIENTED_EDGE ( 'NONE', *, *, #5007, .T. ) ;
#2555 = DIRECTION ( 'NONE',  ( -1.000000000000000000, 2.804146475863970139E-32, -2.987057121330055487E-48 ) ) ;
#2554 = PLANE ( 'NONE',  #678 ) ;
#2556 = LINE ( 'NONE', #6640, #5456 ) ;
#2557 = ORIENTED_EDGE ( 'NONE', *, *, #5122, .T. ) ;
#2558 = AXIS2_PLACEMENT_3D ( 'NONE', #3053, #6115, #2421 ) ;
#2559 = ORIENTED_EDGE ( 'NONE', *, *, #7287, .F. ) ;
#2560 = ORIENTED_EDGE ( 'NONE', *, *, #1761, .T. ) ;
#2561 = PRESENTATION_LAYER_ASSIGNMENT (  '', '', ( #2146 ) ) ;
#2562 = DIRECTION ( 'NONE',  ( 0.0000000000000000000, 0.9990138064662085204, 0.04440061362072379725 ) ) ;
#2563 = VERTEX_POINT ( 'NONE', #4729 ) ;
#2564 = CARTESIAN_POINT ( 'NONE',  ( -0.4500000000000020095, 0.6999999999999990674, 0.02999999999999902398 ) ) ;
#2565 = DIRECTION ( 'NONE',  ( -0.7071067811865520136, 0.0000000000000000000, -0.7071067811865431318 ) ) ;
#2566 =( LENGTH_UNIT ( ) NAMED_UNIT ( * ) SI_UNIT ( .MILLI., .METRE. ) );
#2567 = VECTOR ( 'NONE', #4708, 1000.000000000000114 ) ;
#2568 = VERTEX_POINT ( 'NONE', #1048 ) ;
#2569 = DIRECTION ( 'NONE',  ( 0.0000000000000000000, 0.0000000000000000000, -1.000000000000000000 ) ) ;
#2570 = CARTESIAN_POINT ( 'NONE',  ( -0.3249999999999980127, 1.299999999999990274, 0.04999999999999989869 ) ) ;
#2571 = ORIENTED_EDGE ( 'NONE', *, *, #6791, .F. ) ;
#2572 = ORIENTED_EDGE ( 'NONE', *, *, #5474, .T. ) ;
#2573 = ORIENTED_EDGE ( 'NONE', *, *, #2, .F. ) ;
#2574 = EDGE_CURVE ( 'NONE', #3007, #891, #840, .T. ) ;
#2575 = EDGE_CURVE ( 'NONE', #6846, #2889, #7235, .T. ) ;
#2576 = MECHANICAL_DESIGN_GEOMETRIC_PRESENTATION_REPRESENTATION (  '', ( #1328 ), #3021 ) ;
#2577 = ORIENTED_EDGE ( 'NONE', *, *, #6026, .F. ) ;
#2578 = CARTESIAN_POINT ( 'NONE',  ( 2.615000000000000213, -1.100000000000000089, 0.3752009999999990075 ) ) ;
#2579 = LINE ( 'NONE', #7938, #2375 ) ;
#2580 = DIRECTION ( 'NONE',  ( 0.0000000000000000000, -0.9738685962292471521, -0.2271122129663560307 ) ) ;
#2581 = CARTESIAN_POINT ( 'NONE',  ( 1.324999999999999956, 0.9999999999999988898, 0.3099999999999981659 ) ) ;
#2582 = VERTEX_POINT ( 'NONE', #2947 ) ;
#2583 = PLANE ( 'NONE',  #5897 ) ;
#2584 = CARTESIAN_POINT ( 'NONE',  ( -1.175000000000000044, 0.9199999999999868283, -4.604187401705906040E-16 ) ) ;
#2585 = FACE_OUTER_BOUND ( 'NONE', #1948, .T. ) ;
#2587 = DIRECTION ( 'NONE',  ( -1.000000000000000000, 0.0000000000000000000, 2.289834988289389802E-16 ) ) ;
#2586 = PLANE ( 'NONE',  #1541 ) ;
#2588 = EDGE_CURVE ( 'NONE', #1642, #5559, #7046, .T. ) ;
#2589 = CARTESIAN_POINT ( 'NONE',  ( -0.6749999999999980460, 1.299999999999990274, 0.04999999999999990563 ) ) ;
#2590 = ORIENTED_EDGE ( 'NONE', *, *, #6142, .F. ) ;
#2591 = VERTEX_POINT ( 'NONE', #4165 ) ;
#2592 = SURFACE_STYLE_FILL_AREA ( #5796 ) ;
#2593 = CARTESIAN_POINT ( 'NONE',  ( 2.770000000000000462, 1.045602317761259892, 0.8400000000000088507 ) ) ;
#2594 = VECTOR ( 'NONE', #7985, 1000.000000000000000 ) ;
#2595 = CARTESIAN_POINT ( 'NONE',  ( 2.769999999999999130, 0.4600000000000005751, 0.8899999999999989031 ) ) ;
#2596 = ADVANCED_FACE ( 'NONE', ( #5584 ), #5404, .F. ) ;
#2597 = AXIS2_PLACEMENT_3D ( 'NONE', #7921, #4229, #515 ) ;
#2598 = VERTEX_POINT ( 'NONE', #7845 ) ;
#2599 = ORIENTED_EDGE ( 'NONE', *, *, #6713, .T. ) ;
#2600 = COLOUR_RGB ( '',0.3176470588235293935, 0.2470588235294117752, 0.2078431372549019440 ) ;
#2601 = CARTESIAN_POINT ( 'NONE',  ( 0.1750000000000019873, 1.299999999999990274, 0.04999999999999969746 ) ) ;
#2602 = PRESENTATION_STYLE_ASSIGNMENT (( #1590 ) ) ;
#2603 = EDGE_CURVE ( 'NONE', #5047, #138, #654, .T. ) ;
#2604 = PLANE ( 'NONE',  #3780 ) ;
#2605 = LINE ( 'NONE', #7104, #4065 ) ;
#2606 = UNCERTAINTY_MEASURE_WITH_UNIT (LENGTH_MEASURE( 1.000000000000000082E-05 ), #6469, 'distance_accuracy_value', 'NONE');
#2607 = VERTEX_POINT ( 'NONE', #2967 ) ;
#2608 = VERTEX_POINT ( 'NONE', #3595 ) ;
#2609 = LINE ( 'NONE', #6962, #5684 ) ;
#2610 = VECTOR ( 'NONE', #1291, 1000.000000000000000 ) ;
#2611 = CARTESIAN_POINT ( 'NONE',  ( -1.399999999999999689, 0.9199999999999990408, 0.07999999999999934941 ) ) ;
#2612 = CARTESIAN_POINT ( 'NONE',  ( 2.825000000000000178, 0.9999999999999988898, 0.07999999999999918288 ) ) ;
#2613 = AXIS2_PLACEMENT_3D ( 'NONE', #7780, #1006, #5340 ) ;
#2614 = DIRECTION ( 'NONE',  ( 0.0000000000000000000, 0.0000000000000000000, 1.000000000000000000 ) ) ;
#2615 = ORIENTED_EDGE ( 'NONE', *, *, #6782, .F. ) ;
#2616 = ORIENTED_EDGE ( 'NONE', *, *, #2012, .F. ) ;
#2617 = FACE_OUTER_BOUND ( 'NONE', #303, .T. ) ;
#2618 = VECTOR ( 'NONE', #481, 1000.000000000000000 ) ;
#2619 = DIRECTION ( 'NONE',  ( 1.000000000000000000, -5.243344273594249610E-32, 0.0000000000000000000 ) ) ;
#2620 =( NAMED_UNIT ( * ) PLANE_ANGLE_UNIT ( ) SI_UNIT ( $, .RADIAN. ) );
#2621 = ORIENTED_EDGE ( 'NONE', *, *, #5529, .T. ) ;
#2622 = AXIS2_PLACEMENT_3D ( 'NONE', #5040, #1349, #5663 ) ;
#2623 = DIRECTION ( 'NONE',  ( -5.243344273594249610E-32, -1.000000000000000000, 1.200639317332292868E-47 ) ) ;
#2624 = DIRECTION ( 'NONE',  ( 1.000000000000000000, 0.0000000000000000000, -2.289834988289389802E-16 ) ) ;
#2625 = CARTESIAN_POINT ( 'NONE',  ( -0.3249999999999980127, 0.9999999999999988898, 0.3099999999999979994 ) ) ;
#2626 = CARTESIAN_POINT ( 'NONE',  ( 0.3250000000000019540, 1.245779075397750235, -8.944667923005411581E-16 ) ) ;
#2627 = VERTEX_POINT ( 'NONE', #6648 ) ;
#2628 = VERTEX_POINT ( 'NONE', #4784 ) ;
#2629 = LINE ( 'NONE', #5085, #4085 ) ;
#2630 = FACE_OUTER_BOUND ( 'NONE', #7291, .T. ) ;
#2631 = EDGE_CURVE ( 'NONE', #3287, #6758, #5201, .T. ) ;
#2632 = EDGE_CURVE ( 'NONE', #1612, #1337, #3967, .T. ) ;
#2633 = ORIENTED_EDGE ( 'NONE', *, *, #1276, .T. ) ;
#2634 = ORIENTED_EDGE ( 'NONE', *, *, #7947, .F. ) ;
#2635 = VERTEX_POINT ( 'NONE', #7281 ) ;
#2636 = DIRECTION ( 'NONE',  ( -0.7071067811865431318, -7.532303909457119365E-17, -0.7071067811865520136 ) ) ;
#2637 = ADVANCED_FACE ( 'NONE', ( #6843 ), #3001, .T. ) ;
#2638 = CARTESIAN_POINT ( 'NONE',  ( 6.750000000000000000, 1.899999999999999689, 0.9399999999999977263 ) ) ;
#2639 = VECTOR ( 'NONE', #1690, 1000.000000000000000 ) ;
#2640 = DIRECTION ( 'NONE',  ( 1.000000000000000000, -5.243344273594249610E-32, -2.289834988289389802E-16 ) ) ;
#2641 = CARTESIAN_POINT ( 'NONE',  ( 3.000000000000000000, 0.9999999999999988898, 0.07999999999999790612 ) ) ;
#2642 = CARTESIAN_POINT ( 'NONE',  ( -1.324999999999999956, 1.299999999999990274, 0.05000000000000018319 ) ) ;
#2643 = VERTEX_POINT ( 'NONE', #6671 ) ;
#2644 = ORIENTED_EDGE ( 'NONE', *, *, #5046, .T. ) ;
#2645 = AXIS2_PLACEMENT_3D ( 'NONE', #829, #5151, #1474 ) ;
#2646 = CARTESIAN_POINT ( 'NONE',  ( 0.6625000000000019762, 0.9999999999999988898, 0.07999999999999890532 ) ) ;
#2647 = EDGE_CURVE ( 'NONE', #889, #6400, #1916, .T. ) ;
#2648 = VECTOR ( 'NONE', #4988, 1000.000000000000000 ) ;
#2649 = UNCERTAINTY_MEASURE_WITH_UNIT (LENGTH_MEASURE( 1.000000000000000082E-05 ), #1405, 'distance_accuracy_value', 'NONE');
#2650 = COLOUR_RGB ( '',0.3176470588235293935, 0.2470588235294117752, 0.2078431372549019440 ) ;
#2651 = EDGE_CURVE ( 'NONE', #6193, #2748, #6659, .T. ) ;
#2652 = SURFACE_SIDE_STYLE ('',( #4909 ) ) ;
#2653 = VERTEX_POINT ( 'NONE', #2361 ) ;
#2654 = ORIENTED_EDGE ( 'NONE', *, *, #1921, .T. ) ;
#2655 = DIRECTION ( 'NONE',  ( 0.0000000000000000000, 1.000000000000000000, -2.289834988289389802E-16 ) ) ;
#2656 = CARTESIAN_POINT ( 'NONE',  ( 1.175000000000000044, 1.350000000000000089, 0.1099999999999980022 ) ) ;
#2657 = DIRECTION ( 'NONE',  ( 0.0000000000000000000, -0.9738685962292472631, -0.2271122129663562805 ) ) ;
#2658 =( NAMED_UNIT ( * ) SI_UNIT ( $, .STERADIAN. ) SOLID_ANGLE_UNIT ( ) );
#2659 = LINE ( 'NONE', #3743, #5735 ) ;
#2660 = DIRECTION ( 'NONE',  ( 1.000000000000000000, 0.0000000000000000000, -2.289834988289389802E-16 ) ) ;
#2661 = LINE ( 'NONE', #4273, #3929 ) ;
#2662 = EDGE_LOOP ( 'NONE', ( #6295, #5675, #2993, #2261 ) ) ;
#2663 = EDGE_LOOP ( 'NONE', ( #2198, #6620, #1781, #2497 ) ) ;
#2664 = DIRECTION ( 'NONE',  ( 0.7071067811865431318, -7.532303909457139086E-17, -0.7071067811865520136 ) ) ;
#2665 = CARTESIAN_POINT ( 'NONE',  ( 2.720000000000000195, 1.899999999999999689, 0.9399999999999986144 ) ) ;
#2666 = FACE_OUTER_BOUND ( 'NONE', #7144, .T. ) ;
#2667 = DIRECTION ( 'NONE',  ( -1.000000000000000000, -0.0000000000000000000, -0.0000000000000000000 ) ) ;
#2668 = EDGE_LOOP ( 'NONE', ( #1806, #320, #6458, #1531 ) ) ;
#2669 = ORIENTED_EDGE ( 'NONE', *, *, #5060, .T. ) ;
#2670 = ORIENTED_EDGE ( 'NONE', *, *, #2705, .F. ) ;
#2671 = ORIENTED_EDGE ( 'NONE', *, *, #1340, .F. ) ;
#2672 = PLANE ( 'NONE',  #5475 ) ;
#2673 = DIRECTION ( 'NONE',  ( 0.0000000000000000000, 0.7071067811865435759, 0.7071067811865515695 ) ) ;
#2674 = CARTESIAN_POINT ( 'NONE',  ( 1.662500000000000089, 0.9199999999999990408, 0.07999999999999840572 ) ) ;
#2675 = LINE ( 'NONE', #3757, #4126 ) ;
#2676 = PRESENTATION_LAYER_ASSIGNMENT (  '', '', ( #1850 ) ) ;
#2677 = VECTOR ( 'NONE', #2744, 1000.000000000000000 ) ;
#2678 = ORIENTED_EDGE ( 'NONE', *, *, #3429, .T. ) ;
#2679 = CARTESIAN_POINT ( 'NONE',  ( 2.765000000000000124, -1.149999999999999911, 0.06782713613135629704 ) ) ;
#2680 = CARTESIAN_POINT ( 'NONE',  ( -2.265000000000000568, -1.199999999999999956, 0.7199999999999998623 ) ) ;
#2681 = ORIENTED_EDGE ( 'NONE', *, *, #2293, .T. ) ;
#2682 = VECTOR ( 'NONE', #1280, 1000.000000000000000 ) ;
#2683 = ADVANCED_FACE ( 'NONE', ( #257 ), #3026, .T. ) ;
#2684 = DIRECTION ( 'NONE',  ( 1.000000000000000000, -0.0000000000000000000, -2.289834988289389802E-16 ) ) ;
#2685 = VECTOR ( 'NONE', #5753, 1000.000000000000000 ) ;
#2686 = VECTOR ( 'NONE', #7967, 1000.000000000000000 ) ;
#2687 = CARTESIAN_POINT ( 'NONE',  ( -1.675000000000000044, 1.299999999999990274, 0.05000000000000027339 ) ) ;
#2688 = EDGE_CURVE ( 'NONE', #2117, #1753, #7503, .T. ) ;
#2689 = EDGE_CURVE ( 'NONE', #2628, #5715, #1130, .T. ) ;
#2690 = ORIENTED_EDGE ( 'NONE', *, *, #457, .T. ) ;
#2691 = VECTOR ( 'NONE', #4745, 1000.000000000000000 ) ;
#2692 = LINE ( 'NONE', #3850, #2912 ) ;
#2693 =( NAMED_UNIT ( * ) PLANE_ANGLE_UNIT ( ) SI_UNIT ( $, .RADIAN. ) );
#2694 = DIRECTION ( 'NONE',  ( -0.0000000000000000000, -1.065228634467009955E-16, -1.000000000000000000 ) ) ;
#2695 = CARTESIAN_POINT ( 'NONE',  ( -2.765000000000000124, -1.799999999999990274, 0.4700000000000009726 ) ) ;
#2696 = ORIENTED_EDGE ( 'NONE', *, *, #1571, .F. ) ;
#2697 = ORIENTED_EDGE ( 'NONE', *, *, #4046, .T. ) ;
#2698 = FACE_OUTER_BOUND ( 'NONE', #6598, .T. ) ;
#2699 = DIRECTION ( 'NONE',  ( 2.289834988289389802E-16, -0.0000000000000000000, 1.000000000000000000 ) ) ;
#2701 = PRESENTATION_LAYER_ASSIGNMENT (  '', '', ( #1865 ) ) ;
#2700 = DIRECTION ( 'NONE',  ( -2.289834988289389802E-16, 0.0000000000000000000, -1.000000000000000000 ) ) ;
#2702 = EDGE_CURVE ( 'NONE', #6517, #4980, #4410, .T. ) ;
#2703 = COLOUR_RGB ( '',0.3176470588235293935, 0.2470588235294117752, 0.2078431372549019440 ) ;
#2704 =( NAMED_UNIT ( * ) SI_UNIT ( $, .STERADIAN. ) SOLID_ANGLE_UNIT ( ) );
#2705 = EDGE_CURVE ( 'NONE', #3687, #2460, #5864, .T. ) ;
#2706 = VERTEX_POINT ( 'NONE', #3054 ) ;
#2707 = ORIENTED_EDGE ( 'NONE', *, *, #6198, .F. ) ;
#2708 = CARTESIAN_POINT ( 'NONE',  ( 1.050000000000002265, 0.9999999999999988898, 0.02999999999999865968 ) ) ;
#2709 = FILL_AREA_STYLE_COLOUR ( '', #5862 ) ;
#2710 = LINE ( 'NONE', #3096, #5782 ) ;
#2711 = FACE_OUTER_BOUND ( 'NONE', #7977, .T. ) ;
#2712 = CARTESIAN_POINT ( 'NONE',  ( -1.175000000000000044, 0.9999999999999988898, 0.07866077735406440397 ) ) ;
#2713 = UNCERTAINTY_MEASURE_WITH_UNIT (LENGTH_MEASURE( 1.000000000000000082E-05 ), #5102, 'distance_accuracy_value', 'NONE');
#2714 = AXIS2_PLACEMENT_3D ( 'NONE', #4710, #5076, #5327 ) ;
#2715 = DIRECTION ( 'NONE',  ( -1.000000000000000000, 2.804146475863970139E-32, -2.987057121330055487E-48 ) ) ;
#2716 = ORIENTED_EDGE ( 'NONE', *, *, #4195, .F. ) ;
#2717 = EDGE_LOOP ( 'NONE', ( #3154, #3878, #5379, #5453 ) ) ;
#2718 = FACE_OUTER_BOUND ( 'NONE', #7703, .T. ) ;
#2719 = CARTESIAN_POINT ( 'NONE',  ( -2.602500000000000036, -1.899999999999999911, 0.1800000000000000211 ) ) ;
#2720 = EDGE_CURVE ( 'NONE', #1602, #3271, #7321, .T. ) ;
#2721 = CARTESIAN_POINT ( 'NONE',  ( 3.000000000000001332, 0.9999999999999988898, 0.9999999999999985567 ) ) ;
#2722 = FACE_OUTER_BOUND ( 'NONE', #3089, .T. ) ;
#2723 = ORIENTED_EDGE ( 'NONE', *, *, #6299, .T. ) ;
#2725 = CARTESIAN_POINT ( 'NONE',  ( 6.169999999999999929, 1.899999999999999911, 0.5999999999999989786 ) ) ;
#2724 = DIRECTION ( 'NONE',  ( -0.0000000000000000000, -1.065228634467009955E-16, -1.000000000000000000 ) ) ;
#2726 = ORIENTED_EDGE ( 'NONE', *, *, #1621, .T. ) ;
#2727 = VECTOR ( 'NONE', #69, 1000.000000000000000 ) ;
#2728 = DIRECTION ( 'NONE',  ( -2.289834988289389802E-16, 0.0000000000000000000, -1.000000000000000000 ) ) ;
#2729 = VECTOR ( 'NONE', #3088, 1000.000000000000000 ) ;
#2730 = AXIS2_PLACEMENT_3D ( 'NONE', #271, #5846, #2155 ) ;
#2731 = DIRECTION ( 'NONE',  ( 2.289834988289389802E-16, -0.0000000000000000000, 1.000000000000000000 ) ) ;
#2732 = ORIENTED_EDGE ( 'NONE', *, *, #5985, .F. ) ;
#2733 = CARTESIAN_POINT ( 'NONE',  ( -1.824999999999999956, 0.9199999999999863842, 0.03619548911246141948 ) ) ;
#2734 = VECTOR ( 'NONE', #4606, 1000.000000000000000 ) ;
#2735 = CARTESIAN_POINT ( 'NONE',  ( -2.502499999999999947, -1.850000000000000089, 0.1799999999999994660 ) ) ;
#2736 = DIRECTION ( 'NONE',  ( 1.000000000000000000, -5.243344273594249610E-32, -2.289834988289389802E-16 ) ) ;
#2737 = SURFACE_STYLE_FILL_AREA ( #926 ) ;
#2738 = DIRECTION ( 'NONE',  ( 2.289834988289389802E-16, -0.0000000000000000000, 1.000000000000000000 ) ) ;
#2739 =( LENGTH_UNIT ( ) NAMED_UNIT ( * ) SI_UNIT ( .MILLI., .METRE. ) );
#2740 = EDGE_LOOP ( 'NONE', ( #1709, #4848, #7240, #621 ) ) ;
#2741 = CARTESIAN_POINT ( 'NONE',  ( -1.050000000000002043, 0.9999999999999988898, 0.02999999999999962072 ) ) ;
#2742 = EDGE_LOOP ( 'NONE', ( #2340, #4700, #2991, #3073 ) ) ;
#2743 = FACE_OUTER_BOUND ( 'NONE', #3759, .T. ) ;
#2744 = DIRECTION ( 'NONE',  ( -5.326143172335039916E-17, -1.000000000000000000, 5.326143172335047311E-17 ) ) ;
#2745 = DIRECTION ( 'NONE',  ( 0.0000000000000000000, 2.289834988289389802E-16, 1.000000000000000000 ) ) ;
#2746 = VERTEX_POINT ( 'NONE', #2422 ) ;
#2747 = ORIENTED_EDGE ( 'NONE', *, *, #2011, .F. ) ;
#2748 = VERTEX_POINT ( 'NONE', #3081 ) ;
#2749 = EDGE_CURVE ( 'NONE', #2598, #3440, #741, .T. ) ;
#2750 = EDGE_CURVE ( 'NONE', #3435, #5778, #7143, .T. ) ;
#2751 = CARTESIAN_POINT ( 'NONE',  ( -2.765000000000000124, -1.899999999999999911, 0.5200000000000000178 ) ) ;
#2752 = ORIENTED_EDGE ( 'NONE', *, *, #6567, .T. ) ;
#2753 = CARTESIAN_POINT ( 'NONE',  ( -0.1749999999999979905, 0.9199999999999866063, 0.03619548911246103784 ) ) ;
#2754 = ORIENTED_EDGE ( 'NONE', *, *, #1128, .T. ) ;
#2755 =( NAMED_UNIT ( * ) PLANE_ANGLE_UNIT ( ) SI_UNIT ( $, .RADIAN. ) );
#2756 = DIRECTION ( 'NONE',  ( 0.0000000000000000000, 0.7071067811865445751, 0.7071067811865504593 ) ) ;
#2757 = CARTESIAN_POINT ( 'NONE',  ( -1.675000000000000044, 0.9199999999999866063, 0.03619548911246139866 ) ) ;
#2758 = CARTESIAN_POINT ( 'NONE',  ( -2.334999999999999964, -1.850000000000000089, 0.5749999999999999556 ) ) ;
#2759 = SURFACE_STYLE_FILL_AREA ( #7538 ) ;
#2760 = CARTESIAN_POINT ( 'NONE',  ( -2.765000000000000124, -1.749999999999992895, 0.4200000000000000400 ) ) ;
#2761 = VERTEX_POINT ( 'NONE', #6779 ) ;
#2762 = ORIENTED_EDGE ( 'NONE', *, *, #16, .F. ) ;
#2763 = PRESENTATION_LAYER_ASSIGNMENT (  '', '', ( #1919 ) ) ;
#2764 = CARTESIAN_POINT ( 'NONE',  ( 1.175000000000000044, 1.349999999999999867, 0.3099999999999984990 ) ) ;
#2765 = EDGE_CURVE ( 'NONE', #4768, #2974, #553, .T. ) ;
#2766 = DIRECTION ( 'NONE',  ( -0.2163711612039600773, 0.9520331092974135823, 0.2163711612039571908 ) ) ;
#2767 = CARTESIAN_POINT ( 'NONE',  ( 2.765000000000000124, -1.900000000000000133, 0.8199999999999986189 ) ) ;
#2768 = EDGE_CURVE ( 'NONE', #5349, #7085, #3874, .T. ) ;
#2769 = CARTESIAN_POINT ( 'NONE',  ( -1.675000000000000044, 1.350000000000000089, 0.1099999999999990014 ) ) ;
#2770 = VECTOR ( 'NONE', #2260, 1000.000000000000000 ) ;
#2771 = ORIENTED_EDGE ( 'NONE', *, *, #3185, .F. ) ;
#2772 = CARTESIAN_POINT ( 'NONE',  ( 2.615000000000000657, -1.899999999999999911, 0.5199999999999991296 ) ) ;
#2773 = DIRECTION ( 'NONE',  ( 0.7071067811865336949, 0.7071067811865613395, 0.0000000000000000000 ) ) ;
#2774 = EDGE_LOOP ( 'NONE', ( #5934, #2747, #148, #6431 ) ) ;
#2775 = ORIENTED_EDGE ( 'NONE', *, *, #5585, .F. ) ;
#2776 = CARTESIAN_POINT ( 'NONE',  ( -1.425000000000000044, 0.9999999999999988898, 0.05499999999999938965 ) ) ;
#2777 = ORIENTED_EDGE ( 'NONE', *, *, #228, .T. ) ;
#2778 = FACE_OUTER_BOUND ( 'NONE', #3459, .T. ) ;
#2779 = VERTEX_POINT ( 'NONE', #1843 ) ;
#2780 = CARTESIAN_POINT ( 'NONE',  ( -2.452500000000000124, -1.899999999999999911, 0.02999999999999970399 ) ) ;
#2781 = MECHANICAL_DESIGN_GEOMETRIC_PRESENTATION_REPRESENTATION (  '', ( #1934 ), #3213 ) ;
#2782 = ORIENTED_EDGE ( 'NONE', *, *, #1678, .T. ) ;
#2783 = ORIENTED_EDGE ( 'NONE', *, *, #1179, .T. ) ;
#2784 = ORIENTED_EDGE ( 'NONE', *, *, #1728, .T. ) ;
#2785 = LINE ( 'NONE', #3994, #7859 ) ;
#2786 = CARTESIAN_POINT ( 'NONE',  ( -47.60249999999999915, 0.9999999999999988898, 0.03000000000000980008 ) ) ;
#2787 = VERTEX_POINT ( 'NONE', #4919 ) ;
#2788 = DIRECTION ( 'NONE',  ( -5.243344273594249610E-32, -1.000000000000000000, 1.200639317332289951E-47 ) ) ;
#2789 = LINE ( 'NONE', #2273, #1317 ) ;
#2790 =( NAMED_UNIT ( * ) PLANE_ANGLE_UNIT ( ) SI_UNIT ( $, .RADIAN. ) );
#2791 = CARTESIAN_POINT ( 'NONE',  ( -0.3249999999999980127, 0.9999999999999988898, 0.07866077735406418192 ) ) ;
#2792 = CARTESIAN_POINT ( 'NONE',  ( 3.000000000000000000, 0.6948629999999990092, 0.8416139999999979748 ) ) ;
#2793 = DIRECTION ( 'NONE',  ( -2.232893331421829163E-16, 0.2216211035889688874, -0.9751328557914595851 ) ) ;
#2794 = ORIENTED_EDGE ( 'NONE', *, *, #4699, .T. ) ;
#2795 = AXIS2_PLACEMENT_3D ( 'NONE', #5993, #2301, #4149 ) ;
#2796 = DIRECTION ( 'NONE',  ( 1.000000000000000000, 0.0000000000000000000, -2.289834988289389802E-16 ) ) ;
#2797 = DIRECTION ( 'NONE',  ( 1.000000000000000000, -5.243344273594249610E-32, -2.289834988289389802E-16 ) ) ;
#2798 = LINE ( 'NONE', #588, #4228 ) ;
#2799 = DIRECTION ( 'NONE',  ( -2.439197797730288502E-32, 1.000000000000000000, -1.065228634467009955E-16 ) ) ;
#2800 = SURFACE_STYLE_FILL_AREA ( #7222 ) ;
#2801 = DIRECTION ( 'NONE',  ( 5.243344273594249610E-32, 1.000000000000000000, -1.200639317332292868E-47 ) ) ;
#2802 = ORIENTED_EDGE ( 'NONE', *, *, #6641, .T. ) ;
#2803 = ORIENTED_EDGE ( 'NONE', *, *, #4146, .F. ) ;
#2804 = CIRCLE ( 'NONE', #7018, 0.05000000000000070360 ) ;
#2805 = DIRECTION ( 'NONE',  ( 0.0000000000000000000, 0.7071067811865446862, 0.7071067811865503483 ) ) ;
#2806 = ADVANCED_FACE ( 'NONE', ( #3684 ), #601, .T. ) ;
#2807 = DIRECTION ( 'NONE',  ( -2.804146475863970139E-32, -1.000000000000000000, 1.065228634467009955E-16 ) ) ;
#2808 = VECTOR ( 'NONE', #4259, 1000.000000000000000 ) ;
#2809 = EDGE_CURVE ( 'NONE', #2852, #5240, #354, .T. ) ;
#2810 = EDGE_CURVE ( 'NONE', #3092, #1093, #2018, .T. ) ;
#2811 = ORIENTED_EDGE ( 'NONE', *, *, #3297, .F. ) ;
#2812 = EDGE_LOOP ( 'NONE', ( #319, #6801, #1133, #7468, #2762, #2036 ) ) ;
#2814 = DIRECTION ( 'NONE',  ( 0.0000000000000000000, 0.7071067811865435759, 0.7071067811865513475 ) ) ;
#2813 = CARTESIAN_POINT ( 'NONE',  ( 7.285000000000001030, -0.7000000000000028422, 0.3299999999999967959 ) ) ;
#2815 = LINE ( 'NONE', #5947, #5871 ) ;
#2816 = VECTOR ( 'NONE', #944, 1000.000000000000000 ) ;
#2817 = CARTESIAN_POINT ( 'NONE',  ( -1.175000000000000044, 0.9431866336109966387, 0.06541154699933865446 ) ) ;
#2818 = DIRECTION ( 'NONE',  ( 1.000000000000000000, -5.243344273594249610E-32, 0.0000000000000000000 ) ) ;
#2819 = PRESENTATION_LAYER_ASSIGNMENT (  '', '', ( #1965 ) ) ;
#2820 = ORIENTED_EDGE ( 'NONE', *, *, #3131, .F. ) ;
#2821 = EDGE_CURVE ( 'NONE', #4384, #3734, #5302, .T. ) ;
#2822 = LINE ( 'NONE', #7532, #5881 ) ;
#2823 = DIRECTION ( 'NONE',  ( 1.000000000000000000, 0.0000000000000000000, -2.289834988289389802E-16 ) ) ;
#2824 =( NAMED_UNIT ( * ) SI_UNIT ( $, .STERADIAN. ) SOLID_ANGLE_UNIT ( ) );
#2825 = DIRECTION ( 'NONE',  ( 0.0000000000000000000, 0.9990138064662085204, 0.04440061362072379725 ) ) ;
#2826 = DIRECTION ( 'NONE',  ( -2.439197797730288502E-32, 1.000000000000000000, -1.065228634467009955E-16 ) ) ;
#2827 = EDGE_CURVE ( 'NONE', #5789, #6758, #6755, .T. ) ;
#2828 = LINE ( 'NONE', #4373, #6078 ) ;
#2829 = DIRECTION ( 'NONE',  ( -0.7071067811865490160, -0.7071067811865461294, 3.238315696035290025E-16 ) ) ;
#2830 = ORIENTED_EDGE ( 'NONE', *, *, #2418, .T. ) ;
#2831 = LINE ( 'NONE', #1522, #7523 ) ;
#2832 = PLANE ( 'NONE',  #5732 ) ;
#2833 = VECTOR ( 'NONE', #1953, 1000.000000000000000 ) ;
#2834 = STYLED_ITEM ( 'NONE', ( #1943 ), #1213 ) ;
#2835 = DIRECTION ( 'NONE',  ( 0.0000000000000000000, 0.0000000000000000000, 1.000000000000000000 ) ) ;
#2836 = DIRECTION ( 'NONE',  ( 0.0000000000000000000, -0.9738685962292472631, -0.2271122129663562805 ) ) ;
#2837 = AXIS2_PLACEMENT_3D ( 'NONE', #6762, #3091, #7361 ) ;
#2838 = FACE_OUTER_BOUND ( 'NONE', #3820, .T. ) ;
#2839 = VECTOR ( 'NONE', #7778, 1000.000000000000000 ) ;
#2840 = DIRECTION ( 'NONE',  ( 0.0000000000000000000, 1.065228634467009955E-16, 1.000000000000000000 ) ) ;
#2841 = ORIENTED_EDGE ( 'NONE', *, *, #3143, .F. ) ;
#2842 = DIRECTION ( 'NONE',  ( 5.243344273594249610E-32, 1.000000000000000000, -1.200639317332292868E-47 ) ) ;
#2843 = CARTESIAN_POINT ( 'NONE',  ( 1.324999999999999956, 1.350000000000000089, 0.1599999999999988376 ) ) ;
#2844 = FACE_OUTER_BOUND ( 'NONE', #3343, .T. ) ;
#2845 = CARTESIAN_POINT ( 'NONE',  ( 2.284999999999999698, -1.800000000000000488, 0.9199999999999983746 ) ) ;
#2846 = ADVANCED_FACE ( 'NONE', ( #4894 ), #7997, .T. ) ;
#2847 = AXIS2_PLACEMENT_3D ( 'NONE', #2695, #2067, #7015 ) ;
#2848 = FILL_AREA_STYLE_COLOUR ( '', #4753 ) ;
#2849 = CARTESIAN_POINT ( 'NONE',  ( 1.449999999999999956, 0.9999999999999988898, 0.02999999999999639066 ) ) ;
#2850 = CARTESIAN_POINT ( 'NONE',  ( -0.3249999999999980127, 1.299999999999990274, 0.1099999999999990014 ) ) ;
#2851 = ORIENTED_EDGE ( 'NONE', *, *, #4541, .T. ) ;
#2852 = VERTEX_POINT ( 'NONE', #8 ) ;
#2853 = CARTESIAN_POINT ( 'NONE',  ( 2.615000000000000213, -1.149999999999999911, 0.06782713613135633868 ) ) ;
#2854 = VECTOR ( 'NONE', #7141, 1000.000000000000000 ) ;
#2855 = EDGE_CURVE ( 'NONE', #1833, #1618, #3302, .T. ) ;
#2856 = EDGE_CURVE ( 'NONE', #3103, #6979, #1647, .T. ) ;
#2857 = MECHANICAL_DESIGN_GEOMETRIC_PRESENTATION_REPRESENTATION (  '', ( #1609 ), #3286 ) ;
#2858 = ORIENTED_EDGE ( 'NONE', *, *, #700, .T. ) ;
#2859 = VERTEX_POINT ( 'NONE', #2528 ) ;
#2860 = DIRECTION ( 'NONE',  ( 0.0000000000000000000, 2.289834988289389802E-16, 1.000000000000000000 ) ) ;
#2861 = SURFACE_SIDE_STYLE ('',( #3569 ) ) ;
#2862 = LINE ( 'NONE', #856, #4102 ) ;
#2863 = FACE_OUTER_BOUND ( 'NONE', #7379, .T. ) ;
#2864 = ORIENTED_EDGE ( 'NONE', *, *, #3355, .F. ) ;
#2865 = ORIENTED_EDGE ( 'NONE', *, *, #4001, .F. ) ;
#2867 = CARTESIAN_POINT ( 'NONE',  ( -2.615000000000000213, -1.749999999999990008, 0.3752010000000010059 ) ) ;
#2866 = CARTESIAN_POINT ( 'NONE',  ( -7.150000000000000355, 1.649999999999999911, 0.4700000000000000289 ) ) ;
#2868 = AXIS2_PLACEMENT_3D ( 'NONE', #301, #4622, #937 ) ;
#2869 = EDGE_CURVE ( 'NONE', #6043, #983, #144, .T. ) ;
#2870 = CARTESIAN_POINT ( 'NONE',  ( 2.770000000000000018, 0.8999999999999980238, 0.3099999999999979439 ) ) ;
#2871 = UNCERTAINTY_MEASURE_WITH_UNIT (LENGTH_MEASURE( 1.000000000000000082E-05 ), #5901, 'distance_accuracy_value', 'NONE');
#2872 = VECTOR ( 'NONE', #1846, 1000.000000000000000 ) ;
#2873 = CARTESIAN_POINT ( 'NONE',  ( -1.824999999999999734, 1.249999999999989786, -1.084202172485504434E-16 ) ) ;
#2874 = LINE ( 'NONE', #6711, #7567 ) ;
#2875 = ORIENTED_EDGE ( 'NONE', *, *, #3285, .F. ) ;
#2876 = VERTEX_POINT ( 'NONE', #4972 ) ;
#2877 = CARTESIAN_POINT ( 'NONE',  ( 0.6750000000000010436, 1.350000000000000089, 0.1099999999999980022 ) ) ;
#2878 = DIRECTION ( 'NONE',  ( -0.5144957554275079170, 0.5144957554275358946, -0.6859943405700422714 ) ) ;
#2879 =( NAMED_UNIT ( * ) SI_UNIT ( $, .STERADIAN. ) SOLID_ANGLE_UNIT ( ) );
#2880 = DIRECTION ( 'NONE',  ( 1.000000000000000000, -0.0000000000000000000, 0.0000000000000000000 ) ) ;
#2881 = CARTESIAN_POINT ( 'NONE',  ( 0.9500000000000016209, 0.6999999999999990674, 0.02999999999999841682 ) ) ;
#2882 = SURFACE_STYLE_FILL_AREA ( #4067 ) ;
#2883 = PRESENTATION_LAYER_ASSIGNMENT (  '', '', ( #2035 ) ) ;
#2884 = EDGE_LOOP ( 'NONE', ( #4577, #6310, #664, #5377, #7207, #485, #3371, #5723, #7436, #7130, #6811 ) ) ;
#2885 = PLANE ( 'NONE',  #1692 ) ;
#2886 = AXIS2_PLACEMENT_3D ( 'NONE', #7033, #1501, #1561 ) ;
#2887 = ORIENTED_EDGE ( 'NONE', *, *, #3234, .T. ) ;
#2888 = FILL_AREA_STYLE_COLOUR ( '', #4500 ) ;
#2889 = VERTEX_POINT ( 'NONE', #7451 ) ;
#2890 = EDGE_CURVE ( 'NONE', #5714, #883, #3113, .T. ) ;
#2891 = DIRECTION ( 'NONE',  ( -2.289834988289389802E-16, 0.0000000000000000000, -1.000000000000000000 ) ) ;
#2892 = EDGE_LOOP ( 'NONE', ( #5600, #3672, #1702, #4842, #5578, #7116 ) ) ;
#2893 = FACE_OUTER_BOUND ( 'NONE', #1055, .T. ) ;
#2894 = CARTESIAN_POINT ( 'NONE',  ( -0.4249999999999999889, 0.8499999999999989786, 0.05499999999999920230 ) ) ;
#2895 = ADVANCED_FACE ( 'NONE', ( #7801 ), #4378, .F. ) ;
#2896 = LINE ( 'NONE', #6423, #4130 ) ;
#2897 = DIRECTION ( 'NONE',  ( -0.0000000000000000000, -1.065228634467009955E-16, -1.000000000000000000 ) ) ;
#2898 = ORIENTED_EDGE ( 'NONE', *, *, #6780, .T. ) ;
#2899 = ORIENTED_EDGE ( 'NONE', *, *, #6009, .T. ) ;
#2900 = FACE_OUTER_BOUND ( 'NONE', #6579, .T. ) ;
#2902 = PLANE ( 'NONE',  #7657 ) ;
#2901 = DIRECTION ( 'NONE',  ( 1.000000000000000000, 9.372750266927604354E-17, -1.802451974409156220E-16 ) ) ;
#2903 = VECTOR ( 'NONE', #5044, 1000.000000000000000 ) ;
#2904 = AXIS2_PLACEMENT_3D ( 'NONE', #1162, #591, #4911 ) ;
#2905 = VECTOR ( 'NONE', #6102, 1000.000000000000000 ) ;
#2906 = DIRECTION ( 'NONE',  ( 0.0000000000000000000, 1.000000000000000000, -2.289834988289389802E-16 ) ) ;
#2907 = CARTESIAN_POINT ( 'NONE',  ( 1.675000000000000044, 1.249999999999988232, -1.129377263005731895E-16 ) ) ;
#2908 = VERTEX_POINT ( 'NONE', #6869 ) ;
#2909 = LINE ( 'NONE', #5316, #141 ) ;
#2910 = PLANE ( 'NONE',  #5086 ) ;
#2911 = LINE ( 'NONE', #5973, #5965 ) ;
#2912 = VECTOR ( 'NONE', #88, 1000.000000000000000 ) ;
#2913 = CARTESIAN_POINT ( 'NONE',  ( -0.8249999999999979572, 0.9431866336109969717, 0.06541154699933865446 ) ) ;
#2914 = CARTESIAN_POINT ( 'NONE',  ( 3.825000000000000178, 0.9999999999999988898, 0.3099999999999979994 ) ) ;
#2915 = VERTEX_POINT ( 'NONE', #3215 ) ;
#2916 = ORIENTED_EDGE ( 'NONE', *, *, #6859, .T. ) ;
#2917 = CARTESIAN_POINT ( 'NONE',  ( 1.600000000000000533, 0.8499999999999999778, 0.07999999999999855838 ) ) ;
#2918 = VECTOR ( 'NONE', #512, 1000.000000000000000 ) ;
#2919 = DIRECTION ( 'NONE',  ( -2.289834988289389802E-16, 0.0000000000000000000, -1.000000000000000000 ) ) ;
#2920 = DIRECTION ( 'NONE',  ( 0.0000000000000000000, 0.7071067811865980879, 0.7071067811864969466 ) ) ;
#2921 = FACE_OUTER_BOUND ( 'NONE', #2354, .T. ) ;
#2922 =( NAMED_UNIT ( * ) PLANE_ANGLE_UNIT ( ) SI_UNIT ( $, .RADIAN. ) );
#2923 = DIRECTION ( 'NONE',  ( 1.000000000000000000, -0.0000000000000000000, -2.289834988289389802E-16 ) ) ;
#2924 = PLANE ( 'NONE',  #1677 ) ;
#2925 = ORIENTED_EDGE ( 'NONE', *, *, #5999, .T. ) ;
#2926 = FACE_OUTER_BOUND ( 'NONE', #5032, .T. ) ;
#2927 = EDGE_CURVE ( 'NONE', #5425, #2608, #6164, .T. ) ;
#2928 = EDGE_CURVE ( 'NONE', #492, #6806, #1233, .T. ) ;
#2929 = CARTESIAN_POINT ( 'NONE',  ( 2.719999999999999307, 0.5100000000000000089, 0.9399999999999989475 ) ) ;
#2930 = ORIENTED_EDGE ( 'NONE', *, *, #2969, .T. ) ;
#2931 = VECTOR ( 'NONE', #4160, 1000.000000000000000 ) ;
#2932 = DIRECTION ( 'NONE',  ( 0.0000000000000000000, 0.0000000000000000000, -1.000000000000000000 ) ) ;
#2933 = CIRCLE ( 'NONE', #6330, 0.02999999999999989828 ) ;
#2934 = DIRECTION ( 'NONE',  ( 1.000000000000000000, -5.243344273594249610E-32, -2.289834988289389802E-16 ) ) ;
#2935 = ADVANCED_FACE ( 'NONE', ( #4695 ), #1961, .T. ) ;
#2937 = AXIS2_PLACEMENT_3D ( 'NONE', #2674, #6996, #3327 ) ;
#2936 = DIRECTION ( 'NONE',  ( -1.619157848017760137E-16, 0.7071067811864969466, -0.7071067811865980879 ) ) ;
#2938 = EDGE_CURVE ( 'NONE', #5691, #4397, #2692, .T. ) ;
#2939 = LINE ( 'NONE', #1320, #1262 ) ;
#2940 = DIRECTION ( 'NONE',  ( -2.439197797730288502E-32, 1.000000000000000000, -1.065228634467009955E-16 ) ) ;
#2941 = CARTESIAN_POINT ( 'NONE',  ( -2.452500000000000124, -1.899999999999999911, 0.1799999999999999933 ) ) ;
#2942 = EDGE_CURVE ( 'NONE', #1617, #1602, #5967, .T. ) ;
#2943 = VECTOR ( 'NONE', #2369, 1000.000000000000000 ) ;
#2944 = CARTESIAN_POINT ( 'NONE',  ( 1.324999999999999956, 0.9431866336109967497, 0.06541154699933789118 ) ) ;
#2945 = CARTESIAN_POINT ( 'NONE',  ( -2.765000000000000124, -1.899999999999999911, 0.3752010000000010059 ) ) ;
#2946 = ORIENTED_EDGE ( 'NONE', *, *, #1117, .T. ) ;
#2947 = CARTESIAN_POINT ( 'NONE',  ( 0.5499999999999980460, 0.6999999999999992895, 0.02999999999999887826 ) ) ;
#2948 = FACE_OUTER_BOUND ( 'NONE', #1589, .T. ) ;
#2949 = CARTESIAN_POINT ( 'NONE',  ( -2.765000000000000124, -1.600000000000000089, 0.1199999999999999956 ) ) ;
#2950 = CARTESIAN_POINT ( 'NONE',  ( -1.675000000000000044, 1.245779075397750235, -3.252606517456513302E-16 ) ) ;
#2951 = ORIENTED_EDGE ( 'NONE', *, *, #1523, .F. ) ;
#2952 = ORIENTED_EDGE ( 'NONE', *, *, #4279, .T. ) ;
#2953 = LINE ( 'NONE', #1383, #6085 ) ;
#2954 = DIRECTION ( 'NONE',  ( 1.000000000000000000, -5.243344273594249610E-32, -2.289834988289389802E-16 ) ) ;
#2955 = ORIENTED_EDGE ( 'NONE', *, *, #2603, .F. ) ;
#2956 = PLANE ( 'NONE',  #586 ) ;
#2957 = ORIENTED_EDGE ( 'NONE', *, *, #2332, .F. ) ;
#2958 = DIRECTION ( 'NONE',  ( 1.000000000000000000, -0.0000000000000000000, -2.289834988289389802E-16 ) ) ;
#2959 = DIRECTION ( 'NONE',  ( -1.000000000000000000, 2.804146475863970139E-32, -2.987057121330055487E-48 ) ) ;
#2960 = PLANE ( 'NONE',  #6327 ) ;
#2961 = DIRECTION ( 'NONE',  ( -0.7071067811865460184, -0.7071067811865489050, 0.0000000000000000000 ) ) ;
#2962 = DIRECTION ( 'NONE',  ( -1.000000000000000000, 2.804146475863970139E-32, -2.987057121330055487E-48 ) ) ;
#2963 = ORIENTED_EDGE ( 'NONE', *, *, #7273, .T. ) ;
#2964 = VERTEX_POINT ( 'NONE', #735 ) ;
#2965 = CARTESIAN_POINT ( 'NONE',  ( -0.8999999999999993561, 0.9999999999999988898, 0.07999999999999943268 ) ) ;
#2966 = DIRECTION ( 'NONE',  ( -2.804146475863970139E-32, -1.000000000000000000, 1.065228634467009955E-16 ) ) ;
#2967 = CARTESIAN_POINT ( 'NONE',  ( -2.765000000000000124, -1.749999999999991562, 0.4200000000000000400 ) ) ;
#2968 = EDGE_CURVE ( 'NONE', #1963, #6096, #4145, .T. ) ;
#2969 = EDGE_CURVE ( 'NONE', #7085, #5912, #1038, .T. ) ;
#2970 = LINE ( 'NONE', #6275, #3164 ) ;
#2971 = CARTESIAN_POINT ( 'NONE',  ( -0.04999999999999798356, 0.6999999999999990674, 0.02999999999999901010 ) ) ;
#2972 = ADVANCED_FACE ( 'NONE', ( #5576 ), #2299, .F. ) ;
#2973 = ORIENTED_EDGE ( 'NONE', *, *, #7041, .T. ) ;
#2974 = VERTEX_POINT ( 'NONE', #5308 ) ;
#2975 = CARTESIAN_POINT ( 'NONE',  ( -23.38500000000000156, -1.899999999999999911, 1.050000000000000044 ) ) ;
#2976 = UNCERTAINTY_MEASURE_WITH_UNIT (LENGTH_MEASURE( 1.000000000000000082E-05 ), #2566, 'distance_accuracy_value', 'NONE');
#2977 = CIRCLE ( 'NONE', #1901, 0.04999999999999996808 ) ;
#2978 = LINE ( 'NONE', #982, #7668 ) ;
#2979 = ORIENTED_EDGE ( 'NONE', *, *, #751, .T. ) ;
#2980 =( NAMED_UNIT ( * ) SI_UNIT ( $, .STERADIAN. ) SOLID_ANGLE_UNIT ( ) );
#2981 = DIRECTION ( 'NONE',  ( 1.000000000000000000, 0.0000000000000000000, -2.289834988289389802E-16 ) ) ;
#2982 = ORIENTED_EDGE ( 'NONE', *, *, #4351, .F. ) ;
#2983 = ORIENTED_EDGE ( 'NONE', *, *, #5332, .T. ) ;
#2984 = AXIS2_PLACEMENT_3D ( 'NONE', #6581, #2906, #7190 ) ;
#2985 = EDGE_CURVE ( 'NONE', #5100, #2117, #3959, .T. ) ;
#2986 = CARTESIAN_POINT ( 'NONE',  ( -0.6749999999999980460, 1.673724317761259961, 0.3099999999999986100 ) ) ;
#2987 = ORIENTED_EDGE ( 'NONE', *, *, #5595, .T. ) ;
#2988 = EDGE_CURVE ( 'NONE', #632, #2191, #7228, .T. ) ;
#2989 = COLOUR_RGB ( '',0.3176470588235293935, 0.2470588235294117752, 0.2078431372549019440 ) ;
#2990 = ORIENTED_EDGE ( 'NONE', *, *, #3656, .T. ) ;
#2991 = ORIENTED_EDGE ( 'NONE', *, *, #1669, .F. ) ;
#2992 = FILL_AREA_STYLE_COLOUR ( '', #5064 ) ;
#2993 = ORIENTED_EDGE ( 'NONE', *, *, #4885, .F. ) ;
#2994 = CIRCLE ( 'NONE', #2400, 0.02999999999999989828 ) ;
#2995 = EDGE_LOOP ( 'NONE', ( #7407, #7109, #3922, #6257 ) ) ;
#2996 = DIRECTION ( 'NONE',  ( -1.000000000000000000, 5.243344273594249610E-32, 0.0000000000000000000 ) ) ;
#2997 = AXIS2_PLACEMENT_3D ( 'NONE', #7340, #7362, #3063 ) ;
#2998 = VECTOR ( 'NONE', #3521, 999.9999999999998863 ) ;
#2999 = CARTESIAN_POINT ( 'NONE',  ( -2.615000000000000213, -1.899999999999999911, 0.3752010000000010059 ) ) ;
#3000 = LINE ( 'NONE', #5589, #1319 ) ;
#3001 = PLANE ( 'NONE',  #2279 ) ;
#3002 = ORIENTED_EDGE ( 'NONE', *, *, #1830, .F. ) ;
#3003 = PRESENTATION_STYLE_ASSIGNMENT (( #5448 ) ) ;
#3004 = CARTESIAN_POINT ( 'NONE',  ( -0.3249999999999980127, 0.9999999999999988898, 0.3099999999999987210 ) ) ;
#3005 = LINE ( 'NONE', #4742, #6250 ) ;
#3006 = CARTESIAN_POINT ( 'NONE',  ( -1.324999999999999956, 1.249999999999986233, 3.306816626080788524E-15 ) ) ;
#3007 = VERTEX_POINT ( 'NONE', #2870 ) ;
#3008 = ORIENTED_EDGE ( 'NONE', *, *, #593, .T. ) ;
#3009 = DIRECTION ( 'NONE',  ( 0.0000000000000000000, -0.9971993098884563977, 0.07478994824163433253 ) ) ;
#3010 = VECTOR ( 'NONE', #824, 1000.000000000000114 ) ;
#3011 = MECHANICAL_DESIGN_GEOMETRIC_PRESENTATION_REPRESENTATION (  '', ( #2146 ), #3421 ) ;
#3012 = DIRECTION ( 'NONE',  ( 2.289834988289389802E-16, -0.0000000000000000000, 1.000000000000000000 ) ) ;
#3013 = ADVANCED_FACE ( 'NONE', ( #835 ), #7775, .T. ) ;
#3014 = PLANE ( 'NONE',  #7169 ) ;
#3015 = VERTEX_POINT ( 'NONE', #4097 ) ;
#3016 = VECTOR ( 'NONE', #4640, 1000.000000000000000 ) ;
#3017 = FACE_OUTER_BOUND ( 'NONE', #2452, .T. ) ;
#3018 =( NAMED_UNIT ( * ) SI_UNIT ( $, .STERADIAN. ) SOLID_ANGLE_UNIT ( ) );
#3019 = EDGE_CURVE ( 'NONE', #5623, #590, #4790, .T. ) ;
#3020 = EDGE_CURVE ( 'NONE', #2509, #5131, #3199, .T. ) ;
#3021 =( GEOMETRIC_REPRESENTATION_CONTEXT ( 3 ) GLOBAL_UNCERTAINTY_ASSIGNED_CONTEXT ( ( #1721 ) ) GLOBAL_UNIT_ASSIGNED_CONTEXT ( ( #4450, #764, #5089 ) ) REPRESENTATION_CONTEXT ( 'NONE', 'WORKASPACE' ) );
#3022 = DIRECTION ( 'NONE',  ( 2.289834988289389802E-16, 1.065228634467009955E-16, 1.000000000000000000 ) ) ;
#3023 = DIRECTION ( 'NONE',  ( 0.0000000000000000000, -0.9738685962292472631, -0.2271122129663562805 ) ) ;
#3024 = ORIENTED_EDGE ( 'NONE', *, *, #5438, .F. ) ;
#3025 = VECTOR ( 'NONE', #6249, 1000.000000000000000 ) ;
#3026 = PLANE ( 'NONE',  #4740 ) ;
#3027 = PRESENTATION_STYLE_ASSIGNMENT (( #5689 ) ) ;
#3028 = PLANE ( 'NONE',  #4779 ) ;
#3029 = ORIENTED_EDGE ( 'NONE', *, *, #3792, .T. ) ;
#3030 = EDGE_LOOP ( 'NONE', ( #6226, #1432, #2670, #5773 ) ) ;
#3031 = DIRECTION ( 'NONE',  ( 0.7071067811865441310, 0.7071067811865510144, 0.0000000000000000000 ) ) ;
#3032 = EDGE_CURVE ( 'NONE', #6872, #209, #6447, .T. ) ;
#3033 = LINE ( 'NONE', #2102, #1151 ) ;
#3034 = LINE ( 'NONE', #4841, #4429 ) ;
#3035 = ADVANCED_FACE ( 'NONE', ( #1325 ), #6057, .T. ) ;
#3036 = DIRECTION ( 'NONE',  ( 0.0000000000000000000, -0.7999999999999969358, 0.6000000000000040856 ) ) ;
#3037 = FILL_AREA_STYLE ('',( #4824 ) ) ;
#3038 = LINE ( 'NONE', #1455, #1075 ) ;
#3039 = VECTOR ( 'NONE', #1211, 1000.000000000000000 ) ;
#3040 = FILL_AREA_STYLE_COLOUR ( '', #36 ) ;
#3041 = LINE ( 'NONE', #1253, #7729 ) ;
#3042 = CARTESIAN_POINT ( 'NONE',  ( 2.765000000000000124, -1.600000000000000089, 0.04999999999999888561 ) ) ;
#3044 = STYLED_ITEM ( 'NONE', ( #3553 ), #4055 ) ;
#3043 = CARTESIAN_POINT ( 'NONE',  ( 2.452500000000000124, -1.899999999999999911, 0.02999999999999829886 ) ) ;
#3045 = DIRECTION ( 'NONE',  ( -1.485862475258599639E-32, 1.000000000000000000, -6.488950002325740340E-17 ) ) ;
#3046 = AXIS2_PLACEMENT_3D ( 'NONE', #206, #7024, #181 ) ;
#3047 = CARTESIAN_POINT ( 'NONE',  ( 1.824999999999999956, 0.9999999999999988898, 0.07866077735406329374 ) ) ;
#3048 = EDGE_CURVE ( 'NONE', #7459, #6508, #3005, .T. ) ;
#3049 = EDGE_LOOP ( 'NONE', ( #5459, #598, #1336, #7669, #6219, #3893 ) ) ;
#3050 = VECTOR ( 'NONE', #6413, 1000.000000000000000 ) ;
#3051 = CARTESIAN_POINT ( 'NONE',  ( 0.1750000000000020151, 1.249999999999986233, 2.907017074976758764E-15 ) ) ;
#3052 = VECTOR ( 'NONE', #3702, 1000.000000000000000 ) ;
#3053 = CARTESIAN_POINT ( 'NONE',  ( 7.264999999999999680, -0.7000000000000009548, 0.6899999999999969491 ) ) ;
#3054 = CARTESIAN_POINT ( 'NONE',  ( 1.675000000000000044, 1.349999999999999867, 0.3099999999999980549 ) ) ;
#3055 = VERTEX_POINT ( 'NONE', #7831 ) ;
#3056 = ORIENTED_EDGE ( 'NONE', *, *, #4955, .F. ) ;
#3057 = DIRECTION ( 'NONE',  ( 2.439197797730288502E-32, -1.000000000000000000, 1.065228634467009955E-16 ) ) ;
#3058 = ADVANCED_FACE ( 'NONE', ( #7896 ), #1696, .F. ) ;
#3059 = CARTESIAN_POINT ( 'NONE',  ( 1.399999999999999689, 0.8499999999999999778, 0.07999999999999833633 ) ) ;
#3060 = VECTOR ( 'NONE', #6545, 1000.000000000000000 ) ;
#3061 = PRESENTATION_LAYER_ASSIGNMENT (  '', '', ( #2202 ) ) ;
#3062 = STYLED_ITEM ( 'NONE', ( #1058 ), #1625 ) ;
#3063 = DIRECTION ( 'NONE',  ( 1.000000000000000000, 0.0000000000000000000, -2.289834988289389802E-16 ) ) ;
#3064 = ORIENTED_EDGE ( 'NONE', *, *, #568, .T. ) ;
#3065 = ORIENTED_EDGE ( 'NONE', *, *, #3245, .F. ) ;
#3066 = CARTESIAN_POINT ( 'NONE',  ( -0.8249999999999979572, 0.9199999999999860512, 0.03619548911246119743 ) ) ;
#3067 = LINE ( 'NONE', #6263, #6116 ) ;
#3068 = DIRECTION ( 'NONE',  ( 2.289834988289389802E-16, -1.200639317332289951E-47, 1.000000000000000000 ) ) ;
#3069 = LINE ( 'NONE', #6412, #6119 ) ;
#3070 = FILL_AREA_STYLE_COLOUR ( '', #4632 ) ;
#3071 = PRESENTATION_LAYER_ASSIGNMENT (  '', '', ( #2214 ) ) ;
#3072 = EDGE_LOOP ( 'NONE', ( #5851, #3629, #6692, #1899 ) ) ;
#3073 = ORIENTED_EDGE ( 'NONE', *, *, #6871, .F. ) ;
#3074 = DIRECTION ( 'NONE',  ( 5.243344273594249610E-32, 1.000000000000000000, -1.200639317332292868E-47 ) ) ;
#3075 = CARTESIAN_POINT ( 'NONE',  ( 1.675000000000000044, 0.9199999999999860512, -1.443289932012699953E-15 ) ) ;
#3076 = LINE ( 'NONE', #4283, #1398 ) ;
#3077 = ADVANCED_FACE ( 'NONE', ( #1122 ), #6630, .F. ) ;
#3078 = ORIENTED_EDGE ( 'NONE', *, *, #904, .F. ) ;
#3079 = CARTESIAN_POINT ( 'NONE',  ( 2.602500000000000036, -0.8000000000000017097, 0.1799999999999979672 ) ) ;
#3080 = VERTEX_POINT ( 'NONE', #7249 ) ;
#3081 = CARTESIAN_POINT ( 'NONE',  ( -1.324999999999999956, 0.9199999999999868283, -4.489695652291435391E-16 ) ) ;
#3082 = ORIENTED_EDGE ( 'NONE', *, *, #1276, .F. ) ;
#3083 = EDGE_CURVE ( 'NONE', #2397, #7679, #3867, .T. ) ;
#3084 = EDGE_CURVE ( 'NONE', #1897, #1420, #2204, .T. ) ;
#3085 = FACE_OUTER_BOUND ( 'NONE', #7217, .T. ) ;
#3086 = VECTOR ( 'NONE', #1491, 1000.000000000000000 ) ;
#3087 = EDGE_LOOP ( 'NONE', ( #469, #4209, #1868, #1941, #3291, #1292 ) ) ;
#3088 = DIRECTION ( 'NONE',  ( -5.243344273594249610E-32, -1.000000000000000000, 1.200639317332292868E-47 ) ) ;
#3089 = EDGE_LOOP ( 'NONE', ( #7986, #1092, #1173, #5196, #5074, #6807, #4246, #915, #7672, #5353, #5430 ) ) ;
#3090 = ORIENTED_EDGE ( 'NONE', *, *, #52, .T. ) ;
#3091 = DIRECTION ( 'NONE',  ( -2.289834988289389802E-16, -2.289834988289389802E-16, -1.000000000000000000 ) ) ;
#3092 = VERTEX_POINT ( 'NONE', #477 ) ;
#3093 = ORIENTED_EDGE ( 'NONE', *, *, #3601, .F. ) ;
#3094 = CARTESIAN_POINT ( 'NONE',  ( -1.425000000000000044, 0.8499999999999999778, 0.05499999999999939659 ) ) ;
#3095 = LINE ( 'NONE', #2489, #1214 ) ;
#3096 = CARTESIAN_POINT ( 'NONE',  ( -1.449999999999999956, 0.9999999999999988898, 0.02999999999999923214 ) ) ;
#3097 = VECTOR ( 'NONE', #7549, 1000.000000000000000 ) ;
#3098 = EDGE_LOOP ( 'NONE', ( #5605, #1823, #7871, #4651 ) ) ;
#3099 = EDGE_CURVE ( 'NONE', #7301, #425, #2010, .T. ) ;
#3100 = DIRECTION ( 'NONE',  ( 0.0000000000000000000, 1.065228634467009955E-16, 1.000000000000000000 ) ) ;
#3101 = DIRECTION ( 'NONE',  ( 1.000000000000000000, -5.243344273594249610E-32, -2.289834988289389802E-16 ) ) ;
#3102 = EDGE_CURVE ( 'NONE', #1239, #5836, #5292, .T. ) ;
#3103 = VERTEX_POINT ( 'NONE', #1755 ) ;
#3104 = CYLINDRICAL_SURFACE ( 'NONE', #4220, 0.02999999999999989828 ) ;
#3105 = ADVANCED_FACE ( 'NONE', ( #3675 ), #6683, .F. ) ;
#3106 = DIRECTION ( 'NONE',  ( 5.243344273594249610E-32, 1.000000000000000000, -1.200639317332292868E-47 ) ) ;
#3107 = LINE ( 'NONE', #4419, #2903 ) ;
#3108 = ORIENTED_EDGE ( 'NONE', *, *, #4529, .T. ) ;
#3109 = LINE ( 'NONE', #4648, #6159 ) ;
#3110 = VECTOR ( 'NONE', #2255, 1000.000000000000114 ) ;
#3111 = AXIS2_PLACEMENT_3D ( 'NONE', #4594, #900, #5229 ) ;
#3112 = CARTESIAN_POINT ( 'NONE',  ( 0.1750000000000020151, 0.9999999999999988898, 0.07866077735406400151 ) ) ;
#3113 = LINE ( 'NONE', #4355, #4503 ) ;
#3114 = PLANE ( 'NONE',  #6027 ) ;
#3115 = ORIENTED_EDGE ( 'NONE', *, *, #2167, .F. ) ;
#3116 = LINE ( 'NONE', #7971, #5774 ) ;
#3117 = CARTESIAN_POINT ( 'NONE',  ( 1.824999999999999956, 0.9999999999999988898, 0.07866077735406329374 ) ) ;
#3118 = FACE_OUTER_BOUND ( 'NONE', #4856, .T. ) ;
#3119 = SURFACE_STYLE_FILL_AREA ( #1664 ) ;
#3120 = ADVANCED_FACE ( 'NONE', ( #3485 ), #6550, .T. ) ;
#3121 =( NAMED_UNIT ( * ) PLANE_ANGLE_UNIT ( ) SI_UNIT ( $, .RADIAN. ) );
#3122 = MECHANICAL_DESIGN_GEOMETRIC_PRESENTATION_REPRESENTATION (  '', ( #1850 ), #3528 ) ;
#3123 = ADVANCED_FACE ( 'NONE', ( #6746 ), #2380, .T. ) ;
#3124 = DIRECTION ( 'NONE',  ( 0.7071067811865520136, -0.0000000000000000000, 0.7071067811865431318 ) ) ;
#3125 = ORIENTED_EDGE ( 'NONE', *, *, #3791, .F. ) ;
#3126 = VECTOR ( 'NONE', #5168, 1000.000000000000000 ) ;
#3127 =( LENGTH_UNIT ( ) NAMED_UNIT ( * ) SI_UNIT ( .MILLI., .METRE. ) );
#3128 = PLANE ( 'NONE',  #6391 ) ;
#3129 = DIRECTION ( 'NONE',  ( -1.000000000000000000, 2.804146475863970139E-32, -2.987057121330055487E-48 ) ) ;
#3130 = ORIENTED_EDGE ( 'NONE', *, *, #6624, .F. ) ;
#3131 = EDGE_CURVE ( 'NONE', #1492, #2459, #1226, .T. ) ;
#3132 = EDGE_CURVE ( 'NONE', #2174, #6183, #7592, .T. ) ;
#3133 = LINE ( 'NONE', #1789, #4526 ) ;
#3134 = DIRECTION ( 'NONE',  ( 0.0000000000000000000, 0.0000000000000000000, -1.000000000000000000 ) ) ;
#3135 = DIRECTION ( 'NONE',  ( 5.243344273594249610E-32, 1.000000000000000000, -1.200639317332292868E-47 ) ) ;
#3136 = LINE ( 'NONE', #6875, #4530 ) ;
#3137 = VECTOR ( 'NONE', #1120, 1000.000000000000000 ) ;
#3138 = MECHANICAL_DESIGN_GEOMETRIC_PRESENTATION_REPRESENTATION (  '', ( #1865 ), #3546 ) ;
#3139 = CARTESIAN_POINT ( 'NONE',  ( -1.550000000000000044, 0.6999999999999999556, 0.02999999999999965195 ) ) ;
#3140 = EDGE_CURVE ( 'NONE', #1420, #3465, #5959, .T. ) ;
#3141 = ORIENTED_EDGE ( 'NONE', *, *, #4649, .F. ) ;
#3142 = VECTOR ( 'NONE', #3992, 1000.000000000000000 ) ;
#3143 = EDGE_CURVE ( 'NONE', #1897, #2908, #4316, .T. ) ;
#3144 = CARTESIAN_POINT ( 'NONE',  ( -2.602500000000000036, -1.000000000000000000, 0.4028473352920790007 ) ) ;
#3145 = DIRECTION ( 'NONE',  ( -0.0000000000000000000, 1.065228634467009955E-16, 1.000000000000000000 ) ) ;
#3146 = CARTESIAN_POINT ( 'NONE',  ( 0.5500000000000018208, 0.9999999999999988898, 0.02999999999999877418 ) ) ;
#3147 = CARTESIAN_POINT ( 'NONE',  ( -0.8999999999999994671, 0.8499999999999989786, 0.07999999999999957145 ) ) ;
#3148 = VERTEX_POINT ( 'NONE', #4879 ) ;
#3149 = CARTESIAN_POINT ( 'NONE',  ( -1.175000000000000044, 1.299999999999990274, 0.05000000000000018319 ) ) ;
#3150 = AXIS2_PLACEMENT_3D ( 'NONE', #7768, #366, #1475 ) ;
#3151 = VECTOR ( 'NONE', #2814, 1000.000000000000114 ) ;
#3152 = EDGE_CURVE ( 'NONE', #1165, #3663, #5764, .T. ) ;
#3153 = VERTEX_POINT ( 'NONE', #6767 ) ;
#3154 = ORIENTED_EDGE ( 'NONE', *, *, #3312, .T. ) ;
#3155 = ADVANCED_FACE ( 'NONE', ( #5570 ), #3387, .F. ) ;
#3156 = DIRECTION ( 'NONE',  ( -2.289834988289389802E-16, -1.065228634467009955E-16, -1.000000000000000000 ) ) ;
#3157 = SURFACE_STYLE_FILL_AREA ( #6883 ) ;
#3158 = CARTESIAN_POINT ( 'NONE',  ( -0.3249999999999980127, 0.9499999999999869660, 0.03619548911246110029 ) ) ;
#3159 = SURFACE_STYLE_FILL_AREA ( #5314 ) ;
#3160 = EDGE_LOOP ( 'NONE', ( #4643, #5025, #1313, #7002 ) ) ;
#3161 = ORIENTED_EDGE ( 'NONE', *, *, #4328, .F. ) ;
#3162 = STYLED_ITEM ( 'NONE', ( #4318 ), #5854 ) ;
#3163 = DIRECTION ( 'NONE',  ( -2.289834988289389802E-16, -2.289834988289389802E-16, -1.000000000000000000 ) ) ;
#3164 = VECTOR ( 'NONE', #3853, 1000.000000000000000 ) ;
#3165 = PLANE ( 'NONE',  #5763 ) ;
#3166 = ORIENTED_EDGE ( 'NONE', *, *, #5686, .F. ) ;
#3167 = ORIENTED_EDGE ( 'NONE', *, *, #6398, .T. ) ;
#3168 = DIRECTION ( 'NONE',  ( 0.0000000000000000000, 0.0000000000000000000, -1.000000000000000000 ) ) ;
#3169 = UNCERTAINTY_MEASURE_WITH_UNIT (LENGTH_MEASURE( 1.000000000000000082E-05 ), #6202, 'distance_accuracy_value', 'NONE');
#3170 = CARTESIAN_POINT ( 'NONE',  ( 2.615000000000000213, -1.600000000000000089, 0.1199999999999980110 ) ) ;
#3171 =( NAMED_UNIT ( * ) PLANE_ANGLE_UNIT ( ) SI_UNIT ( $, .RADIAN. ) );
#3172 = LINE ( 'NONE', #3516, #6222 ) ;
#3173 = AXIS2_PLACEMENT_3D ( 'NONE', #3644, #7929, #4238 ) ;
#3174 = ORIENTED_EDGE ( 'NONE', *, *, #5999, .F. ) ;
#3175 = ORIENTED_EDGE ( 'NONE', *, *, #3614, .T. ) ;
#3176 = ORIENTED_EDGE ( 'NONE', *, *, #5795, .T. ) ;
#3177 = ORIENTED_EDGE ( 'NONE', *, *, #5010, .T. ) ;
#3178 = LINE ( 'NONE', #6912, #6429 ) ;
#3179 = DIRECTION ( 'NONE',  ( 0.2163711612039738996, 0.9520331092974103626, 0.2163711612039576904 ) ) ;
#3180 = ORIENTED_EDGE ( 'NONE', *, *, #7693, .T. ) ;
#3181 = ORIENTED_EDGE ( 'NONE', *, *, #7247, .T. ) ;
#3183 = DIRECTION ( 'NONE',  ( -0.7071067811865530128, 0.0000000000000000000, -0.7071067811865421326 ) ) ;
#3182 = DIRECTION ( 'NONE',  ( -1.000000000000000000, 2.804146475863970139E-32, -2.987057121330055487E-48 ) ) ;
#3184 = EDGE_CURVE ( 'NONE', #5968, #6349, #6647, .T. ) ;
#3185 = EDGE_CURVE ( 'NONE', #3277, #351, #1904, .T. ) ;
#3186 = VERTEX_POINT ( 'NONE', #7369 ) ;
#3187 = VECTOR ( 'NONE', #807, 1000.000000000000000 ) ;
#3188 = VECTOR ( 'NONE', #256, 1000.000000000000000 ) ;
#3189 = LINE ( 'NONE', #3758, #4783 ) ;
#3190 = DIRECTION ( 'NONE',  ( -2.289834988289389802E-16, 0.0000000000000000000, -1.000000000000000000 ) ) ;
#3191 = ORIENTED_EDGE ( 'NONE', *, *, #2026, .T. ) ;
#3192 = DIRECTION ( 'NONE',  ( 0.7071067811865431318, -7.532303909457139086E-17, -0.7071067811865520136 ) ) ;
#3193 = LINE ( 'NONE', #5480, #2384 ) ;
#3194 = ADVANCED_FACE ( 'NONE', ( #4977 ), #1874, .F. ) ;
#3195 = MECHANICAL_DESIGN_GEOMETRIC_PRESENTATION_REPRESENTATION (  '', ( #1919 ), #3610 ) ;
#3196 = EDGE_CURVE ( 'NONE', #351, #5505, #3189, .T. ) ;
#3197 = FILL_AREA_STYLE_COLOUR ( '', #2473 ) ;
#3198 = DIRECTION ( 'NONE',  ( 0.0000000000000000000, 1.000000000000000000, -2.289834988289389802E-16 ) ) ;
#3199 = LINE ( 'NONE', #3523, #38 ) ;
#3200 = PLANE ( 'NONE',  #5501 ) ;
#3201 = EDGE_CURVE ( 'NONE', #5778, #2509, #1727, .T. ) ;
#3202 = PLANE ( 'NONE',  #2513 ) ;
#3203 = FILL_AREA_STYLE ('',( #3070 ) ) ;
#3204 = PLANE ( 'NONE',  #6880 ) ;
#3205 = DIRECTION ( 'NONE',  ( 0.0000000000000000000, -0.9738685962292472631, -0.2271122129663562805 ) ) ;
#3206 = ORIENTED_EDGE ( 'NONE', *, *, #4342, .F. ) ;
#3207 = LINE ( 'NONE', #1437, #5198 ) ;
#3208 = CARTESIAN_POINT ( 'NONE',  ( 2.765000000000000124, -1.099999999999995648, 0.06782713613135626929 ) ) ;
#3209 = DIRECTION ( 'NONE',  ( 0.0000000000000000000, -2.289834988289389802E-16, -1.000000000000000000 ) ) ;
#3210 = CARTESIAN_POINT ( 'NONE',  ( -1.324999999999999956, 0.9999999999999988898, 0.07866077735406440397 ) ) ;
#3211 = ORIENTED_EDGE ( 'NONE', *, *, #858, .F. ) ;
#3212 = LINE ( 'NONE', #5251, #1552 ) ;
#3213 =( GEOMETRIC_REPRESENTATION_CONTEXT ( 3 ) GLOBAL_UNCERTAINTY_ASSIGNED_CONTEXT ( ( #6300 ) ) GLOBAL_UNIT_ASSIGNED_CONTEXT ( ( #5731, #2046, #6363 ) ) REPRESENTATION_CONTEXT ( 'NONE', 'WORKASPACE' ) );
#3215 = CARTESIAN_POINT ( 'NONE',  ( 0.1750000000000019873, 1.349999999999999867, 0.3099999999999986655 ) ) ;
#3214 = DIRECTION ( 'NONE',  ( -2.289834988289389802E-16, 0.0000000000000000000, -1.000000000000000000 ) ) ;
#3216 = AXIS2_PLACEMENT_3D ( 'NONE', #27, #5543, #497 ) ;
#3217 = FACE_OUTER_BOUND ( 'NONE', #2774, .T. ) ;
#3218 = FACE_OUTER_BOUND ( 'NONE', #603, .T. ) ;
#3219 = CARTESIAN_POINT ( 'NONE',  ( 0.8250000000000019540, 1.299999999999990274, 0.04999999999999958644 ) ) ;
#3220 = ORIENTED_EDGE ( 'NONE', *, *, #4096, .T. ) ;
#3221 = LINE ( 'NONE', #63, #7914 ) ;
#3222 = VECTOR ( 'NONE', #4460, 1000.000000000000000 ) ;
#3223 = DIRECTION ( 'NONE',  ( -5.055143115421054237E-31, 5.055143115421032341E-31, -1.000000000000000000 ) ) ;
#3224 = AXIS2_PLACEMENT_3D ( 'NONE', #6737, #3068, #7344 ) ;
#3225 = SURFACE_SIDE_STYLE ('',( #3941 ) ) ;
#3226 = PLANE ( 'NONE',  #978 ) ;
#3227 = LINE ( 'NONE', #2050, #4821 ) ;
#3228 = LINE ( 'NONE', #6687, #3417 ) ;
#3229 = UNCERTAINTY_MEASURE_WITH_UNIT (LENGTH_MEASURE( 1.000000000000000082E-05 ), #5603, 'distance_accuracy_value', 'NONE');
#3230 = CARTESIAN_POINT ( 'NONE',  ( -2.265000000000000568, -1.780000000000000693, 0.8933333333333345339 ) ) ;
#3231 = VERTEX_POINT ( 'NONE', #4957 ) ;
#3232 = EDGE_CURVE ( 'NONE', #3153, #5149, #6244, .T. ) ;
#3233 = VERTEX_POINT ( 'NONE', #4345 ) ;
#3234 = EDGE_CURVE ( 'NONE', #2476, #434, #3000, .T. ) ;
#3235 = LINE ( 'NONE', #4845, #7928 ) ;
#3236 = SURFACE_STYLE_USAGE ( .BOTH. , #6893 ) ;
#3237 = ADVANCED_FACE ( 'NONE', ( #1535 ), #7441, .T. ) ;
#3238 = CARTESIAN_POINT ( 'NONE',  ( -0.3374999999999980238, 0.9999999999999988898, 0.07999999999999909961 ) ) ;
#3239 = CARTESIAN_POINT ( 'NONE',  ( 0.6750000000000010436, 1.249999999999986233, 2.785044330572139515E-15 ) ) ;
#3240 = ORIENTED_EDGE ( 'NONE', *, *, #6859, .F. ) ;
#3241 = CARTESIAN_POINT ( 'NONE',  ( 2.765000000000000124, 0.7999999999999990452, 0.8199999999999979527 ) ) ;
#3242 = LINE ( 'NONE', #4451, #7933 ) ;
#3243 = LINE ( 'NONE', #2431, #7935 ) ;
#3244 = MECHANICAL_DESIGN_GEOMETRIC_PRESENTATION_REPRESENTATION (  '', ( #1965 ), #3651 ) ;
#3245 = EDGE_CURVE ( 'NONE', #6817, #1016, #728, .T. ) ;
#3246 = ORIENTED_EDGE ( 'NONE', *, *, #5502, .T. ) ;
#3247 = EDGE_CURVE ( 'NONE', #5579, #2509, #2377, .T. ) ;
#3248 = ORIENTED_EDGE ( 'NONE', *, *, #5473, .T. ) ;
#3249 = DIRECTION ( 'NONE',  ( 0.2163711612039573018, 0.9520331092974138043, 0.2163711612039584120 ) ) ;
#3250 = EDGE_LOOP ( 'NONE', ( #115, #202, #7330, #5647 ) ) ;
#3251 = CARTESIAN_POINT ( 'NONE',  ( -19.12071951488119836, -0.6000000000000009770, 0.4874554975804329948 ) ) ;
#3252 = DIRECTION ( 'NONE',  ( -2.289834988289389802E-16, 0.0000000000000000000, -1.000000000000000000 ) ) ;
#3253 = DIRECTION ( 'NONE',  ( 1.000000000000000000, -5.243344273594249610E-32, -2.289834988289389802E-16 ) ) ;
#3254 =( NAMED_UNIT ( * ) PLANE_ANGLE_UNIT ( ) SI_UNIT ( $, .RADIAN. ) );
#3255 = DIRECTION ( 'NONE',  ( 5.243344273594249610E-32, 1.000000000000000000, -1.200639317332292868E-47 ) ) ;
#3256 = ORIENTED_EDGE ( 'NONE', *, *, #5781, .T. ) ;
#3257 = VERTEX_POINT ( 'NONE', #6261 ) ;
#3258 = AXIS2_PLACEMENT_3D ( 'NONE', #4611, #4913, #1224 ) ;
#3259 = DIRECTION ( 'NONE',  ( 0.0000000000000000000, 0.8872168012345964527, 0.4613527366419867826 ) ) ;
#3260 = VECTOR ( 'NONE', #3388, 1000.000000000000000 ) ;
#3261 = AXIS2_PLACEMENT_3D ( 'NONE', #8033, #4338, #637 ) ;
#3262 = LINE ( 'NONE', #7620, #4853 ) ;
#3263 = DIRECTION ( 'NONE',  ( 0.0000000000000000000, -0.9738685962292472631, -0.2271122129663562805 ) ) ;
#3264 = VERTEX_POINT ( 'NONE', #1946 ) ;
#3265 = DIRECTION ( 'NONE',  ( -5.326143172335051625E-17, -1.000000000000000000, 5.326143172335119418E-17 ) ) ;
#3266 = ORIENTED_EDGE ( 'NONE', *, *, #2167, .T. ) ;
#3267 = FILL_AREA_STYLE_COLOUR ( '', #7455 ) ;
#3268 = LINE ( 'NONE', #7955, #6317 ) ;
#3269 = ORIENTED_EDGE ( 'NONE', *, *, #7389, .F. ) ;
#3270 = ORIENTED_EDGE ( 'NONE', *, *, #7741, .T. ) ;
#3271 = VERTEX_POINT ( 'NONE', #5631 ) ;
#3272 = UNCERTAINTY_MEASURE_WITH_UNIT (LENGTH_MEASURE( 1.000000000000000082E-05 ), #7462, 'distance_accuracy_value', 'NONE');
#3273 = FILL_AREA_STYLE_COLOUR ( '', #1659 ) ;
#3274 = VECTOR ( 'NONE', #2684, 1000.000000000000000 ) ;
#3275 = CARTESIAN_POINT ( 'NONE',  ( 2.615000000000000213, -1.100000000000000089, 0.5099999999999980105 ) ) ;
#3276 = ADVANCED_FACE ( 'NONE', ( #537 ), #3226, .F. ) ;
#3277 = VERTEX_POINT ( 'NONE', #692 ) ;
#3278 = CARTESIAN_POINT ( 'NONE',  ( -0.8249999999999979572, 0.9999999999999988898, 0.07866077735406429294 ) ) ;
#3279 = CARTESIAN_POINT ( 'NONE',  ( -0.09999999999999879818, 0.8499999999999989786, 0.07999999999999918288 ) ) ;
#3280 = ORIENTED_EDGE ( 'NONE', *, *, #6623, .T. ) ;
#3281 = ORIENTED_EDGE ( 'NONE', *, *, #3851, .T. ) ;
#3282 = DIRECTION ( 'NONE',  ( -1.000000000000000000, 5.243344273594249610E-32, 2.289834988289389802E-16 ) ) ;
#3283 = ORIENTED_EDGE ( 'NONE', *, *, #6712, .T. ) ;
#3284 = EDGE_CURVE ( 'NONE', #4, #3746, #5481, .T. ) ;
#3285 = EDGE_CURVE ( 'NONE', #7785, #33, #2196, .T. ) ;
#3286 =( GEOMETRIC_REPRESENTATION_CONTEXT ( 3 ) GLOBAL_UNCERTAINTY_ASSIGNED_CONTEXT ( ( #7931 ) ) GLOBAL_UNIT_ASSIGNED_CONTEXT ( ( #2180, #6498, #2824 ) ) REPRESENTATION_CONTEXT ( 'NONE', 'WORKASPACE' ) );
#3287 = VERTEX_POINT ( 'NONE', #6285 ) ;
#3288 = CIRCLE ( 'NONE', #2645, 0.05000000000000002359 ) ;
#3289 = ORIENTED_EDGE ( 'NONE', *, *, #4528, .T. ) ;
#3290 = DIRECTION ( 'NONE',  ( 0.0000000000000000000, 0.0000000000000000000, -1.000000000000000000 ) ) ;
#3291 = ORIENTED_EDGE ( 'NONE', *, *, #5332, .F. ) ;
#3292 = VECTOR ( 'NONE', #3738, 1000.000000000000000 ) ;
#3293 = CARTESIAN_POINT ( 'NONE',  ( -0.8249999999999980682, 0.9999999999999988898, 0.3099999999999979994 ) ) ;
#3294 = LINE ( 'NONE', #6264, #4688 ) ;
#3296 = AXIS2_PLACEMENT_3D ( 'NONE', #2769, #1527, #5848 ) ;
#3295 = CARTESIAN_POINT ( 'NONE',  ( 0.1750000000000019873, 0.9999999999999988898, 0.3099999999999986655 ) ) ;
#3297 = EDGE_CURVE ( 'NONE', #5822, #5623, #5281, .T. ) ;
#3298 = ORIENTED_EDGE ( 'NONE', *, *, #5686, .T. ) ;
#3299 = LINE ( 'NONE', #3426, #1643 ) ;
#3300 = DIRECTION ( 'NONE',  ( 5.243344273594249610E-32, 1.000000000000000000, -1.200639317332292868E-47 ) ) ;
#3301 = LINE ( 'NONE', #2873, #1436 ) ;
#3302 = LINE ( 'NONE', #7428, #6353 ) ;
#3303 =( LENGTH_UNIT ( ) NAMED_UNIT ( * ) SI_UNIT ( .MILLI., .METRE. ) );
#3304 = MECHANICAL_DESIGN_GEOMETRIC_PRESENTATION_REPRESENTATION (  '', ( #2035 ), #3710 ) ;
#3305 = ORIENTED_EDGE ( 'NONE', *, *, #248, .F. ) ;
#3306 = STYLED_ITEM ( 'NONE', ( #4751 ), #599 ) ;
#3307 = LINE ( 'NONE', #7271, #1650 ) ;
#3308 = PLANE ( 'NONE',  #7573 ) ;
#3309 = DIRECTION ( 'NONE',  ( 0.0000000000000000000, 0.0000000000000000000, -1.000000000000000000 ) ) ;
#3310 = VECTOR ( 'NONE', #5049, 1000.000000000000000 ) ;
#3311 = CARTESIAN_POINT ( 'NONE',  ( -3.000000000000001332, -1.000000000000000000, 1.000000000000000444 ) ) ;
#3312 = EDGE_CURVE ( 'NONE', #2485, #4874, #3669, .T. ) ;
#3313 = FACE_OUTER_BOUND ( 'NONE', #2438, .T. ) ;
#3314 = VERTEX_POINT ( 'NONE', #5073 ) ;
#3315 = CARTESIAN_POINT ( 'NONE',  ( 1.824999999999999956, 0.9499999999999869660, 0.03619548911246027456 ) ) ;
#3316 = VECTOR ( 'NONE', #2700, 1000.000000000000000 ) ;
#3317 = COLOUR_RGB ( '',0.3176470588235293935, 0.2470588235294117752, 0.2078431372549019440 ) ;
#3318 = VECTOR ( 'NONE', #1404, 1000.000000000000000 ) ;
#3319 = CARTESIAN_POINT ( 'NONE',  ( -0.1749999999999980183, 0.9999999999999988898, 0.07866077735406418192 ) ) ;
#3320 = CARTESIAN_POINT ( 'NONE',  ( -0.3249999999999980127, 0.9199999999999870504, 0.1705002310154649925 ) ) ;
#3321 = ADVANCED_FACE ( 'NONE', ( #3474 ), #2009, .F. ) ;
#3322 = DIRECTION ( 'NONE',  ( 0.0000000000000000000, -2.289834988289389802E-16, -1.000000000000000000 ) ) ;
#3323 = DIRECTION ( 'NONE',  ( -1.619157848017760137E-16, 0.7071067811864969466, -0.7071067811865980879 ) ) ;
#3324 = AXIS2_PLACEMENT_3D ( 'NONE', #3251, #536, #1695 ) ;
#3325 = ORIENTED_EDGE ( 'NONE', *, *, #1018, .F. ) ;
#3326 = CARTESIAN_POINT ( 'NONE',  ( 2.765000000000000124, -1.100000000000000089, 0.4600000000000000200 ) ) ;
#3327 = DIRECTION ( 'NONE',  ( 0.0000000000000000000, 0.9751328557914595851, 0.2216211035889688874 ) ) ;
#3328 = PLANE ( 'NONE',  #2250 ) ;
#3329 = CARTESIAN_POINT ( 'NONE',  ( 2.765000000000000124, -1.799999999999990274, 0.3699999999999989964 ) ) ;
#3330 = LINE ( 'NONE', #3778, #4921 ) ;
#3331 = CARTESIAN_POINT ( 'NONE',  ( 2.765000000000000124, -1.050000000000000044, 0.5099999999999980105 ) ) ;
#3332 = SURFACE_STYLE_USAGE ( .BOTH. , #4049 ) ;
#3333 = AXIS2_PLACEMENT_3D ( 'NONE', #1532, #275, #4601 ) ;
#3334 = DIRECTION ( 'NONE',  ( -1.619157848017760137E-16, 0.7071067811864969466, -0.7071067811865980879 ) ) ;
#3335 = CARTESIAN_POINT ( 'NONE',  ( -2.615000000000000213, -1.464196000000000053, 0.3700000000000010503 ) ) ;
#3336 = DIRECTION ( 'NONE',  ( 1.000000000000000000, -5.243344273594249610E-32, -2.289834988289389802E-16 ) ) ;
#3337 = ORIENTED_EDGE ( 'NONE', *, *, #280, .T. ) ;
#3338 = VECTOR ( 'NONE', #7042, 1000.000000000000000 ) ;
#3339 = PRESENTATION_STYLE_ASSIGNMENT (( #7068 ) ) ;
#3340 = CARTESIAN_POINT ( 'NONE',  ( 0.1750000000000019873, 0.9999999999999988898, 0.3099999999999979994 ) ) ;
#3341 = EDGE_CURVE ( 'NONE', #5545, #7663, #341, .T. ) ;
#3342 = EDGE_CURVE ( 'NONE', #6224, #3379, #1813, .T. ) ;
#3343 = EDGE_LOOP ( 'NONE', ( #5565, #7285, #4915, #1627 ) ) ;
#3344 = CARTESIAN_POINT ( 'NONE',  ( 1.675000000000000044, 1.299999999999994715, 0.1099999999999980160 ) ) ;
#3345 = DIRECTION ( 'NONE',  ( 1.000000000000000000, -0.0000000000000000000, -2.289834988289389802E-16 ) ) ;
#3346 = FACE_OUTER_BOUND ( 'NONE', #2884, .T. ) ;
#3347 = CARTESIAN_POINT ( 'NONE',  ( 0.6750000000000010436, 1.299999999999990274, 0.04999999999999969746 ) ) ;
#3348 = ORIENTED_EDGE ( 'NONE', *, *, #7473, .F. ) ;
#3349 = VERTEX_POINT ( 'NONE', #771 ) ;
#3350 = PRESENTATION_LAYER_ASSIGNMENT (  '', '', ( #2487 ) ) ;
#3351 = DIRECTION ( 'NONE',  ( 2.439197797730288502E-32, -1.000000000000000000, 1.065228634467009955E-16 ) ) ;
#3352 = EDGE_CURVE ( 'NONE', #1738, #3561, #6921, .T. ) ;
#3353 = CARTESIAN_POINT ( 'NONE',  ( -2.800000000000000266, -0.02000000000000091635, 0.8400000000000100719 ) ) ;
#3354 = VECTOR ( 'NONE', #8040, 1000.000000000000000 ) ;
#3355 = EDGE_CURVE ( 'NONE', #4774, #7804, #4876, .T. ) ;
#3356 = SURFACE_SIDE_STYLE ('',( #7243 ) ) ;
#3357 = EDGE_LOOP ( 'NONE', ( #6167, #6642, #4284, #1271 ) ) ;
#3358 = ORIENTED_EDGE ( 'NONE', *, *, #2809, .T. ) ;
#3359 = DIRECTION ( 'NONE',  ( -5.243344273594249610E-32, -1.000000000000000000, 1.200639317332292868E-47 ) ) ;
#3360 = CARTESIAN_POINT ( 'NONE',  ( -2.615000000000000213, -1.799999999999990274, 0.4199999999999999845 ) ) ;
#3361 = LINE ( 'NONE', #9, #6618 ) ;
#3362 = ORIENTED_EDGE ( 'NONE', *, *, #4839, .T. ) ;
#3363 = VERTEX_POINT ( 'NONE', #162 ) ;
#3364 = CARTESIAN_POINT ( 'NONE',  ( -1.175000000000000044, 0.9999999999999988898, 0.07866077735406440397 ) ) ;
#3365 = AXIS2_PLACEMENT_3D ( 'NONE', #1065, #1708, #6007 ) ;
#3366 = VECTOR ( 'NONE', #994, 1000.000000000000000 ) ;
#3367 = DIRECTION ( 'NONE',  ( 0.0000000000000000000, 0.8035571933447460680, 0.5952275506257370674 ) ) ;
#3368 = ORIENTED_EDGE ( 'NONE', *, *, #6993, .T. ) ;
#3369 = ORIENTED_EDGE ( 'NONE', *, *, #6397, .F. ) ;
#3370 = ORIENTED_EDGE ( 'NONE', *, *, #4573, .T. ) ;
#3371 = ORIENTED_EDGE ( 'NONE', *, *, #5671, .F. ) ;
#3372 = CARTESIAN_POINT ( 'NONE',  ( -0.8249999999999979572, 1.350000000000000089, 0.1099999999999990014 ) ) ;
#3373 = CARTESIAN_POINT ( 'NONE',  ( -0.8249999999999979572, 1.299999999999990274, 0.04999999999999990563 ) ) ;
#3374 = PLANE ( 'NONE',  #7863 ) ;
#3375 = AXIS2_PLACEMENT_3D ( 'NONE', #6951, #3282, #7552 ) ;
#3376 = COLOUR_RGB ( '',0.3176470588235293935, 0.2470588235294117752, 0.2078431372549019440 ) ;
#3377 = ORIENTED_EDGE ( 'NONE', *, *, #6980, .T. ) ;
#3378 = PLANE ( 'NONE',  #3518 ) ;
#3379 = VERTEX_POINT ( 'NONE', #4495 ) ;
#3380 =( NAMED_UNIT ( * ) SI_UNIT ( $, .STERADIAN. ) SOLID_ANGLE_UNIT ( ) );
#3381 = VERTEX_POINT ( 'NONE', #3919 ) ;
#3382 = DIRECTION ( 'NONE',  ( -2.289834988289389802E-16, 0.0000000000000000000, -1.000000000000000000 ) ) ;
#3383 = VECTOR ( 'NONE', #5729, 1000.000000000000000 ) ;
#3384 = DIRECTION ( 'NONE',  ( -2.289834988289389802E-16, 0.0000000000000000000, -1.000000000000000000 ) ) ;
#3385 = CIRCLE ( 'NONE', #7072, 0.05000000000000070360 ) ;
#3386 = PLANE ( 'NONE',  #4296 ) ;
#3387 = CYLINDRICAL_SURFACE ( 'NONE', #4849, 0.05000000000000070360 ) ;
#3388 = DIRECTION ( 'NONE',  ( 2.439197797730288502E-32, -1.000000000000000000, 1.065228634467009955E-16 ) ) ;
#3389 = CARTESIAN_POINT ( 'NONE',  ( 2.799999999999999822, -1.000000000000000000, 0.5100000000000000089 ) ) ;
#3390 = EDGE_CURVE ( 'NONE', #5969, #5879, #4681, .T. ) ;
#3391 = EDGE_CURVE ( 'NONE', #1957, #6998, #122, .T. ) ;
#3392 = ORIENTED_EDGE ( 'NONE', *, *, #2330, .T. ) ;
#3393 = LINE ( 'NONE', #2999, #1539 ) ;
#3394 = FACE_OUTER_BOUND ( 'NONE', #5923, .T. ) ;
#3395 = CARTESIAN_POINT ( 'NONE',  ( -1.100000000000000311, 0.9199999999999989297, 0.07999999999999925226 ) ) ;
#3396 = DIRECTION ( 'NONE',  ( -1.000000000000000000, 0.0000000000000000000, -0.0000000000000000000 ) ) ;
#3397 = ORIENTED_EDGE ( 'NONE', *, *, #1277, .F. ) ;
#3398 = VECTOR ( 'NONE', #3205, 999.9999999999998863 ) ;
#3399 = EDGE_CURVE ( 'NONE', #5276, #4216, #6336, .T. ) ;
#3400 = SURFACE_STYLE_FILL_AREA ( #7927 ) ;
#3401 = DIRECTION ( 'NONE',  ( 0.0000000000000000000, 1.065228634467009955E-16, 1.000000000000000000 ) ) ;
#3402 = DIRECTION ( 'NONE',  ( -5.243344273594249610E-32, -1.000000000000000000, 1.200639317332289951E-47 ) ) ;
#3403 = EDGE_CURVE ( 'NONE', #1246, #2568, #3288, .T. ) ;
#3404 = ORIENTED_EDGE ( 'NONE', *, *, #176, .T. ) ;
#3405 = DIRECTION ( 'NONE',  ( -1.000000000000000000, 0.0000000000000000000, -0.0000000000000000000 ) ) ;
#3406 = PLANE ( 'NONE',  #6761 ) ;
#3407 = CARTESIAN_POINT ( 'NONE',  ( -0.8249999999999979572, 0.9199999999999860512, -5.905692601615433158E-16 ) ) ;
#3408 = VECTOR ( 'NONE', #971, 1000.000000000000000 ) ;
#3409 = VECTOR ( 'NONE', #186, 1000.000000000000000 ) ;
#3410 = PLANE ( 'NONE',  #5120 ) ;
#3411 =( NAMED_UNIT ( * ) SI_UNIT ( $, .STERADIAN. ) SOLID_ANGLE_UNIT ( ) );
#3412 = EDGE_LOOP ( 'NONE', ( #7365, #4999, #6421, #6621, #2615 ) ) ;
#3413 = FACE_OUTER_BOUND ( 'NONE', #2446, .T. ) ;
#3414 = LINE ( 'NONE', #689, #1756 ) ;
#3415 = VECTOR ( 'NONE', #4489, 1000.000000000000000 ) ;
#3416 = CARTESIAN_POINT ( 'NONE',  ( -2.452500000000000124, -1.899999999999999911, 0.07999999999999940492 ) ) ;
#3417 = VECTOR ( 'NONE', #7940, 1000.000000000000000 ) ;
#3418 = DIRECTION ( 'NONE',  ( 1.000000000000000000, -0.0000000000000000000, -2.289834988289389802E-16 ) ) ;
#3419 = ADVANCED_FACE ( 'NONE', ( #1419 ), #7582, .F. ) ;
#3420 = AXIS2_PLACEMENT_3D ( 'NONE', #6778, #7378, #3717 ) ;
#3421 =( GEOMETRIC_REPRESENTATION_CONTEXT ( 3 ) GLOBAL_UNCERTAINTY_ASSIGNED_CONTEXT ( ( #4274 ) ) GLOBAL_UNIT_ASSIGNED_CONTEXT ( ( #676, #2693, #3923 ) ) REPRESENTATION_CONTEXT ( 'NONE', 'WORKASPACE' ) );
#3422 = VERTEX_POINT ( 'NONE', #2081 ) ;
#3423 = VECTOR ( 'NONE', #1123, 1000.000000000000000 ) ;
#3424 = FILL_AREA_STYLE_COLOUR ( '', #2650 ) ;
#3425 = DIRECTION ( 'NONE',  ( -1.000000000000000000, 0.0000000000000000000, 2.289834988289389802E-16 ) ) ;
#3426 = CARTESIAN_POINT ( 'NONE',  ( 1.850000000000000089, 1.350000000000000089, 0.3099999999999980549 ) ) ;
#3427 = EDGE_LOOP ( 'NONE', ( #665, #5839, #5142, #3618 ) ) ;
#3428 = EDGE_CURVE ( 'NONE', #4306, #3565, #1216, .T. ) ;
#3429 = EDGE_CURVE ( 'NONE', #3080, #1957, #4487, .T. ) ;
#3430 = VECTOR ( 'NONE', #7648, 1000.000000000000000 ) ;
#3431 = LINE ( 'NONE', #1243, #5035 ) ;
#3432 = PLANE ( 'NONE',  #4136 ) ;
#3433 = CARTESIAN_POINT ( 'NONE',  ( -0.4249999999999999889, 0.9999999999999988898, 0.05499999999999919537 ) ) ;
#3434 = ORIENTED_EDGE ( 'NONE', *, *, #7406, .F. ) ;
#3435 = VERTEX_POINT ( 'NONE', #3964 ) ;
#3436 = EDGE_CURVE ( 'NONE', #7633, #7984, #1022, .T. ) ;
#3437 = FILL_AREA_STYLE ('',( #6493 ) ) ;
#3438 = EDGE_LOOP ( 'NONE', ( #3513, #6546, #6726, #4000 ) ) ;
#3439 = CARTESIAN_POINT ( 'NONE',  ( -1.675000000000000044, 1.299999999999994715, 0.1099999999999989736 ) ) ;
#3440 = VERTEX_POINT ( 'NONE', #851 ) ;
#3441 = CARTESIAN_POINT ( 'NONE',  ( -1.399999999999999689, 0.9199999999999990408, 0.07999999999999941880 ) ) ;
#3442 = VECTOR ( 'NONE', #2493, 1000.000000000000000 ) ;
#3443 = CARTESIAN_POINT ( 'NONE',  ( -1.824999999999999956, 1.249999999999990008, -4.440892098500630106E-16 ) ) ;
#3444 = PLANE ( 'NONE',  #2186 ) ;
#3445 = FACE_OUTER_BOUND ( 'NONE', #1524, .T. ) ;
#3446 = CARTESIAN_POINT ( 'NONE',  ( -3.000000000000000000, -1.000000000000000222, 0.3299999999999997935 ) ) ;
#3447 = ORIENTED_EDGE ( 'NONE', *, *, #4255, .F. ) ;
#3448 = ORIENTED_EDGE ( 'NONE', *, *, #5217, .F. ) ;
#3449 = AXIS2_PLACEMENT_3D ( 'NONE', #3075, #6865, #3209 ) ;
#3450 = CARTESIAN_POINT ( 'NONE',  ( 1.175000000000000044, 1.299999999999990274, 0.1705002310154649925 ) ) ;
#3451 = CARTESIAN_POINT ( 'NONE',  ( 2.615000000000000213, -1.799999999999990274, 0.3699999999999989964 ) ) ;
#3452 = EDGE_CURVE ( 'NONE', #4935, #2908, #4309, .T. ) ;
#3453 = DIRECTION ( 'NONE',  ( 1.000000000000000000, 0.0000000000000000000, -2.289834988289389802E-16 ) ) ;
#3454 = LINE ( 'NONE', #1792, #4861 ) ;
#3455 = FACE_OUTER_BOUND ( 'NONE', #5334, .T. ) ;
#3456 = CARTESIAN_POINT ( 'NONE',  ( 1.850000000000000089, 0.9999999999999988898, 0.3099999999999980549 ) ) ;
#3457 = CARTESIAN_POINT ( 'NONE',  ( -2.799999999999997158, -1.493867268293630035, 1.000000000000000888 ) ) ;
#3458 = ADVANCED_FACE ( 'NONE', ( #5756 ), #3386, .T. ) ;
#3459 = EDGE_LOOP ( 'NONE', ( #4992, #7218, #6707, #396 ) ) ;
#3460 = ORIENTED_EDGE ( 'NONE', *, *, #3899, .T. ) ;
#3461 = ORIENTED_EDGE ( 'NONE', *, *, #168, .T. ) ;
#3462 = ORIENTED_EDGE ( 'NONE', *, *, #6372, .T. ) ;
#3463 = MECHANICAL_DESIGN_GEOMETRIC_PRESENTATION_REPRESENTATION (  '', ( #2202 ), #3879 ) ;
#3464 = EDGE_LOOP ( 'NONE', ( #4949, #5680, #4032, #1101 ) ) ;
#3465 = VERTEX_POINT ( 'NONE', #7056 ) ;
#3466 = AXIS2_PLACEMENT_3D ( 'NONE', #6689, #6055, #6025 ) ;
#3467 = ORIENTED_EDGE ( 'NONE', *, *, #6198, .T. ) ;
#3468 = UNCERTAINTY_MEASURE_WITH_UNIT (LENGTH_MEASURE( 1.000000000000000082E-05 ), #5070, 'distance_accuracy_value', 'NONE');
#3469 = ORIENTED_EDGE ( 'NONE', *, *, #2524, .F. ) ;
#3470 = CARTESIAN_POINT ( 'NONE',  ( -1.100000000000000311, 0.9999999999999988898, 0.07999999999999919675 ) ) ;
#3471 = PRODUCT_DEFINITION_SHAPE ( 'NONE', 'NONE',  #169 ) ;
#3472 = DIRECTION ( 'NONE',  ( -2.289834988289389802E-16, -2.289834988289389802E-16, -1.000000000000000000 ) ) ;
#3473 = SURFACE_SIDE_STYLE ('',( #2737 ) ) ;
#3474 = FACE_OUTER_BOUND ( 'NONE', #7017, .T. ) ;
#3475 = ORIENTED_EDGE ( 'NONE', *, *, #5380, .T. ) ;
#3476 =( NAMED_UNIT ( * ) PLANE_ANGLE_UNIT ( ) SI_UNIT ( $, .RADIAN. ) );
#3477 = CARTESIAN_POINT ( 'NONE',  ( -0.5499999999999949374, 0.9999999999999988898, 0.02999999999999902398 ) ) ;
#3478 = DIRECTION ( 'NONE',  ( 0.0000000000000000000, 2.289834988289389802E-16, 1.000000000000000000 ) ) ;
#3479 = VERTEX_POINT ( 'NONE', #880 ) ;
#3480 = FACE_OUTER_BOUND ( 'NONE', #5092, .T. ) ;
#3481 = MECHANICAL_DESIGN_GEOMETRIC_PRESENTATION_REPRESENTATION (  '', ( #2214 ), #3890 ) ;
#3482 = DIRECTION ( 'NONE',  ( 0.0000000000000000000, -4.336808689941644605E-15, 1.000000000000000000 ) ) ;
#3483 = CARTESIAN_POINT ( 'NONE',  ( 2.602500000000000036, 0.07493623042063711492, 0.4028473352920780015 ) ) ;
#3484 = CARTESIAN_POINT ( 'NONE',  ( -2.502499999999999947, -1.350000000000000089, 0.1799999999999998823 ) ) ;
#3485 = FACE_OUTER_BOUND ( 'NONE', #7583, .T. ) ;
#3486 = CARTESIAN_POINT ( 'NONE',  ( 1.675000000000000044, 1.249999999999990008, -1.554312234475219945E-15 ) ) ;
#3487 = ORIENTED_EDGE ( 'NONE', *, *, #4424, .T. ) ;
#3488 = ORIENTED_EDGE ( 'NONE', *, *, #970, .T. ) ;
#3489 = VECTOR ( 'NONE', #2799, 1000.000000000000000 ) ;
#3490 =( LENGTH_UNIT ( ) NAMED_UNIT ( * ) SI_UNIT ( .MILLI., .METRE. ) );
#3491 = CARTESIAN_POINT ( 'NONE',  ( 0.1750000000000020151, 0.9199999999999860512, 0.03619548911246089906 ) ) ;
#3492 = FACE_OUTER_BOUND ( 'NONE', #4598, .T. ) ;
#3493 = VECTOR ( 'NONE', #3773, 1000.000000000000000 ) ;
#3494 = EDGE_CURVE ( 'NONE', #590, #6470, #2896, .T. ) ;
#3495 = EDGE_CURVE ( 'NONE', #4023, #6349, #2475, .T. ) ;
#3496 = ORIENTED_EDGE ( 'NONE', *, *, #125, .T. ) ;
#3497 = DIRECTION ( 'NONE',  ( -2.289834988289392760E-16, -2.289834988289382899E-16, -1.000000000000000000 ) ) ;
#3498 = LINE ( 'NONE', #7895, #1441 ) ;
#3499 = LINE ( 'NONE', #3898, #5307 ) ;
#3500 = CARTESIAN_POINT ( 'NONE',  ( -1.675000000000000044, 1.249999999999990008, -4.336808689942017736E-16 ) ) ;
#3501 = ADVANCED_FACE ( 'NONE', ( #819 ), #3410, .T. ) ;
#3502 = DIRECTION ( 'NONE',  ( 0.0000000000000000000, 0.0000000000000000000, -1.000000000000000000 ) ) ;
#3503 = ORIENTED_EDGE ( 'NONE', *, *, #6372, .F. ) ;
#3504 = EDGE_CURVE ( 'NONE', #1228, #3440, #2285, .T. ) ;
#3505 = LINE ( 'NONE', #6385, #3316 ) ;
#3506 = DIRECTION ( 'NONE',  ( -1.000000000000000000, 5.243344273594249610E-32, -0.0000000000000000000 ) ) ;
#3507 = LINE ( 'NONE', #2458, #158 ) ;
#3508 = DIRECTION ( 'NONE',  ( 0.0000000000000000000, 0.0000000000000000000, 1.000000000000000000 ) ) ;
#3509 = DIRECTION ( 'NONE',  ( -0.2163711612039613263, 0.9520331092974130272, 0.2163711612039584675 ) ) ;
#3510 = EDGE_CURVE ( 'NONE', #780, #3103, #7213, .T. ) ;
#3511 = FACE_OUTER_BOUND ( 'NONE', #1856, .T. ) ;
#3512 = FILL_AREA_STYLE ('',( #1635 ) ) ;
#3513 = ORIENTED_EDGE ( 'NONE', *, *, #4693, .F. ) ;
#3514 = PRESENTATION_STYLE_ASSIGNMENT (( #4106 ) ) ;
#3515 = CARTESIAN_POINT ( 'NONE',  ( 1.324999999999999956, 0.9199999999999870504, 0.1705002310154649925 ) ) ;
#3516 = CARTESIAN_POINT ( 'NONE',  ( -47.60249999999999915, 0.9999999999999988898, 0.03000000000000980008 ) ) ;
#3517 = CARTESIAN_POINT ( 'NONE',  ( 1.324999999999999956, 0.9499999999999869660, 0.03619548911246057293 ) ) ;
#3518 = AXIS2_PLACEMENT_3D ( 'NONE', #845, #7653, #3978 ) ;
#3519 = FACE_OUTER_BOUND ( 'NONE', #1722, .T. ) ;
#3520 = UNCERTAINTY_MEASURE_WITH_UNIT (LENGTH_MEASURE( 1.000000000000000082E-05 ), #1135, 'distance_accuracy_value', 'NONE');
#3521 = DIRECTION ( 'NONE',  ( 0.7071067811865520136, -0.0000000000000000000, 0.7071067811865431318 ) ) ;
#3522 = CARTESIAN_POINT ( 'NONE',  ( 0.5999999999999999778, 0.9999999999999988898, 0.07999999999999873879 ) ) ;
#3523 = CARTESIAN_POINT ( 'NONE',  ( 1.850000000000000089, 0.9999999999999988898, 0.3099999999999980549 ) ) ;
#3524 = ORIENTED_EDGE ( 'NONE', *, *, #18, .F. ) ;
#3525 = VECTOR ( 'NONE', #2694, 1000.000000000000000 ) ;
#3526 = PLANE ( 'NONE',  #6126 ) ;
#3527 = SURFACE_STYLE_FILL_AREA ( #6411 ) ;
#3528 =( GEOMETRIC_REPRESENTATION_CONTEXT ( 3 ) GLOBAL_UNCERTAINTY_ASSIGNED_CONTEXT ( ( #7734 ) ) GLOBAL_UNIT_ASSIGNED_CONTEXT ( ( #6132, #2439, #6770 ) ) REPRESENTATION_CONTEXT ( 'NONE', 'WORKASPACE' ) );
#3529 = CARTESIAN_POINT ( 'NONE',  ( 1.824999999999999956, 1.350000000000000089, 0.1599999999999983380 ) ) ;
#3530 = ORIENTED_EDGE ( 'NONE', *, *, #3756, .T. ) ;
#3531 = LINE ( 'NONE', #768, #1684 ) ;
#3532 = EDGE_CURVE ( 'NONE', #7846, #7974, #628, .T. ) ;
#3533 = EDGE_CURVE ( 'NONE', #7012, #7167, #7026, .T. ) ;
#3534 = VERTEX_POINT ( 'NONE', #7712 ) ;
#3535 = CARTESIAN_POINT ( 'NONE',  ( 1.324999999999999956, 0.9999999999999988898, 0.3099999999999979994 ) ) ;
#3536 = ORIENTED_EDGE ( 'NONE', *, *, #2225, .T. ) ;
#3537 = FILL_AREA_STYLE ('',( #4734 ) ) ;
#3538 = DIRECTION ( 'NONE',  ( -0.7071067811865520136, 0.0000000000000000000, -0.7071067811865431318 ) ) ;
#3539 = ADVANCED_FACE ( 'NONE', ( #5176 ), #307, .T. ) ;
#3540 = CARTESIAN_POINT ( 'NONE',  ( -0.1749999999999979905, 1.245779075397750235, 0.1705002310154649925 ) ) ;
#3541 = DIRECTION ( 'NONE',  ( -5.326143172335038067E-17, 1.000000000000000000, -5.326143172335105860E-17 ) ) ;
#3542 = FACE_OUTER_BOUND ( 'NONE', #4205, .T. ) ;
#3543 = VERTEX_POINT ( 'NONE', #4626 ) ;
#3544 = ORIENTED_EDGE ( 'NONE', *, *, #4543, .F. ) ;
#3545 = CARTESIAN_POINT ( 'NONE',  ( -1.175000000000000044, 0.9199999999999866063, 0.03619548911246128070 ) ) ;
#3546 =( GEOMETRIC_REPRESENTATION_CONTEXT ( 3 ) GLOBAL_UNCERTAINTY_ASSIGNED_CONTEXT ( ( #905 ) ) GLOBAL_UNIT_ASSIGNED_CONTEXT ( ( #4837, #1145, #5483 ) ) REPRESENTATION_CONTEXT ( 'NONE', 'WORKASPACE' ) );
#3547 = EDGE_CURVE ( 'NONE', #7100, #7656, #3754, .T. ) ;
#3548 = CARTESIAN_POINT ( 'NONE',  ( 7.285000000000001030, -1.199999999999999956, 0.2999999999999969913 ) ) ;
#3549 = VECTOR ( 'NONE', #1283, 1000.000000000000000 ) ;
#3550 = CARTESIAN_POINT ( 'NONE',  ( -4.825000000000000178, 0.8999999999999990230, 0.8400000000000107381 ) ) ;
#3551 = EDGE_CURVE ( 'NONE', #5240, #2635, #1894, .T. ) ;
#3552 = CARTESIAN_POINT ( 'NONE',  ( -2.765000000000000124, -1.600000000000000089, 0.1200000000000000094 ) ) ;
#3553 = PRESENTATION_STYLE_ASSIGNMENT (( #3236 ) ) ;
#3554 = ORIENTED_EDGE ( 'NONE', *, *, #5110, .T. ) ;
#3555 = ORIENTED_EDGE ( 'NONE', *, *, #5435, .F. ) ;
#3556 = DIRECTION ( 'NONE',  ( -1.000000000000000000, 0.0000000000000000000, 2.289834988289389802E-16 ) ) ;
#3557 = CARTESIAN_POINT ( 'NONE',  ( 2.765000000000000124, -1.550000000000000266, -1.788933584601082316E-15 ) ) ;
#3558 = DIRECTION ( 'NONE',  ( -1.000000000000000000, 5.243344273594249610E-32, 2.289834988289389802E-16 ) ) ;
#3559 = LINE ( 'NONE', #6570, #1706 ) ;
#3560 = PRESENTATION_STYLE_ASSIGNMENT (( #5286 ) ) ;
#3561 = VERTEX_POINT ( 'NONE', #4653 ) ;
#3562 = CARTESIAN_POINT ( 'NONE',  ( 0.6750000000000010436, 1.245779075397750235, -8.944667923005411581E-16 ) ) ;
#3563 = ORIENTED_EDGE ( 'NONE', *, *, #4541, .F. ) ;
#3564 = DIRECTION ( 'NONE',  ( -2.289834988289389802E-16, -2.289834988289389802E-16, -1.000000000000000000 ) ) ;
#3565 = VERTEX_POINT ( 'NONE', #2195 ) ;
#3566 = EDGE_CURVE ( 'NONE', #1624, #5914, #6635, .T. ) ;
#3567 = ORIENTED_EDGE ( 'NONE', *, *, #192, .T. ) ;
#3568 = CARTESIAN_POINT ( 'NONE',  ( 0.6750000000000010436, 1.350000000000000089, 0.3100000000000010525 ) ) ;
#3569 = SURFACE_STYLE_FILL_AREA ( #6543 ) ;
#3570 = ORIENTED_EDGE ( 'NONE', *, *, #6059, .F. ) ;
#3571 = PLANE ( 'NONE',  #3623 ) ;
#3572 = ORIENTED_EDGE ( 'NONE', *, *, #3032, .F. ) ;
#3573 = EDGE_LOOP ( 'NONE', ( #5099, #4970, #3448, #2716 ) ) ;
#3574 = LINE ( 'NONE', #5115, #3383 ) ;
#3575 = UNCERTAINTY_MEASURE_WITH_UNIT (LENGTH_MEASURE( 1.000000000000000082E-05 ), #5333, 'distance_accuracy_value', 'NONE');
#3576 = CARTESIAN_POINT ( 'NONE',  ( 1.824999999999999956, 1.249999999999988676, -2.135300038637795926E-16 ) ) ;
#3577 = VECTOR ( 'NONE', #7061, 1000.000000000000000 ) ;
#3578 = PRESENTATION_LAYER_ASSIGNMENT (  '', '', ( #3162 ) ) ;
#3579 = PLANE ( 'NONE',  #4124 ) ;
#3580 = AXIS2_PLACEMENT_3D ( 'NONE', #1332, #2276, #2580 ) ;
#3581 = CARTESIAN_POINT ( 'NONE',  ( -0.6749999999999980460, 0.9999999999999988898, 0.07866077735406429294 ) ) ;
#3582 = ORIENTED_EDGE ( 'NONE', *, *, #2267, .F. ) ;
#3583 = VECTOR ( 'NONE', #6616, 1000.000000000000000 ) ;
#3584 = ADVANCED_FACE ( 'NONE', ( #21 ), #339, .T. ) ;
#3585 = SURFACE_STYLE_USAGE ( .BOTH. , #3473 ) ;
#3586 = FACE_OUTER_BOUND ( 'NONE', #5666, .T. ) ;
#3587 = CARTESIAN_POINT ( 'NONE',  ( -2.433678328689710124, -0.8000000000000010436, 0.1799999999999999933 ) ) ;
#3588 = PLANE ( 'NONE',  #74 ) ;
#3589 = AXIS2_PLACEMENT_3D ( 'NONE', #4787, #2341, #6675 ) ;
#3590 = ORIENTED_EDGE ( 'NONE', *, *, #6833, .T. ) ;
#3591 = VERTEX_POINT ( 'NONE', #967 ) ;
#3592 = DIRECTION ( 'NONE',  ( -0.7071067811865520136, 0.0000000000000000000, 0.7071067811865431318 ) ) ;
#3593 = LINE ( 'NONE', #6215, #1914 ) ;
#3594 = DIRECTION ( 'NONE',  ( 2.289834988289389802E-16, -0.0000000000000000000, 1.000000000000000000 ) ) ;
#3595 = CARTESIAN_POINT ( 'NONE',  ( -1.324999999999999956, 1.350000000000000089, 0.1599999999999998646 ) ) ;
#3596 = VECTOR ( 'NONE', #471, 1000.000000000000000 ) ;
#3597 = DIRECTION ( 'NONE',  ( -0.2163711612039610210, 0.9520331092974131382, 0.2163711612039582455 ) ) ;
#3598 = EDGE_LOOP ( 'NONE', ( #3590, #1807, #3544, #955 ) ) ;
#3599 = EDGE_CURVE ( 'NONE', #4877, #2223, #4389, .T. ) ;
#3600 = PLANE ( 'NONE',  #6586 ) ;
#3601 = EDGE_CURVE ( 'NONE', #4446, #1182, #7478, .T. ) ;
#3602 = VECTOR ( 'NONE', #2041, 1000.000000000000000 ) ;
#3603 = PLANE ( 'NONE',  #4923 ) ;
#3604 = ORIENTED_EDGE ( 'NONE', *, *, #984, .T. ) ;
#3605 = FACE_OUTER_BOUND ( 'NONE', #7019, .T. ) ;
#3606 = CARTESIAN_POINT ( 'NONE',  ( -1.675000000000000044, 0.9431866336109969717, 0.06541154699933886263 ) ) ;
#3607 = VECTOR ( 'NONE', #7278, 1000.000000000000000 ) ;
#3608 = DIRECTION ( 'NONE',  ( 0.0000000000000000000, -1.065228634467009955E-16, -1.000000000000000000 ) ) ;
#3610 =( GEOMETRIC_REPRESENTATION_CONTEXT ( 3 ) GLOBAL_UNCERTAINTY_ASSIGNED_CONTEXT ( ( #1773 ) ) GLOBAL_UNIT_ASSIGNED_CONTEXT ( ( #1600, #5896, #2213 ) ) REPRESENTATION_CONTEXT ( 'NONE', 'WORKASPACE' ) );
#3609 = DIRECTION ( 'NONE',  ( 5.243344273594249610E-32, 1.000000000000000000, -1.200639317332292868E-47 ) ) ;
#3611 = EDGE_CURVE ( 'NONE', #1833, #1772, #1106, .T. ) ;
#3612 = VECTOR ( 'NONE', #5713, 1000.000000000000000 ) ;
#3613 = DIRECTION ( 'NONE',  ( -1.000000000000000000, 2.804146475863970139E-32, -2.987057121330055487E-48 ) ) ;
#3614 = EDGE_CURVE ( 'NONE', #1093, #5273, #4211, .T. ) ;
#3615 = LINE ( 'NONE', #1206, #6680 ) ;
#3616 = PLANE ( 'NONE',  #6220 ) ;
#3617 = DIRECTION ( 'NONE',  ( -2.289834988289389802E-16, 0.0000000000000000000, -1.000000000000000000 ) ) ;
#3618 = ORIENTED_EDGE ( 'NONE', *, *, #4394, .F. ) ;
#3619 = FACE_OUTER_BOUND ( 'NONE', #6854, .T. ) ;
#3620 = FACE_OUTER_BOUND ( 'NONE', #4356, .T. ) ;
#3621 = ADVANCED_FACE ( 'NONE', ( #2778 ), #2924, .T. ) ;
#3622 = DIRECTION ( 'NONE',  ( 5.243344273594249610E-32, 1.000000000000000000, -1.200639317332289951E-47 ) ) ;
#3623 = AXIS2_PLACEMENT_3D ( 'NONE', #1719, #3622, #4213 ) ;
#3624 = CARTESIAN_POINT ( 'NONE',  ( -2.615000000000000213, -1.799999999999990274, 0.3700000000000009948 ) ) ;
#3625 = ORIENTED_EDGE ( 'NONE', *, *, #109, .F. ) ;
#3626 = VECTOR ( 'NONE', #239, 1000.000000000000000 ) ;
#3627 = VECTOR ( 'NONE', #6404, 1000.000000000000000 ) ;
#3628 =( NAMED_UNIT ( * ) PLANE_ANGLE_UNIT ( ) SI_UNIT ( $, .RADIAN. ) );
#3629 = ORIENTED_EDGE ( 'NONE', *, *, #4944, .F. ) ;
#3630 = CARTESIAN_POINT ( 'NONE',  ( -2.615000000000000213, -1.600000000000000089, 0.3752010000000010059 ) ) ;
#3631 = ORIENTED_EDGE ( 'NONE', *, *, #5670, .F. ) ;
#3632 = CARTESIAN_POINT ( 'NONE',  ( 1.850000000000000089, 0.9999999999999988898, 0.3099999999999980549 ) ) ;
#3633 = DIRECTION ( 'NONE',  ( 0.0000000000000000000, -0.7071067811865220376, 0.7071067811865729968 ) ) ;
#3634 =( LENGTH_UNIT ( ) NAMED_UNIT ( * ) SI_UNIT ( .MILLI., .METRE. ) );
#3635 = FACE_OUTER_BOUND ( 'NONE', #5143, .T. ) ;
#3636 = DIRECTION ( 'NONE',  ( -5.243344273594249610E-32, -1.000000000000000000, 1.200639317332292868E-47 ) ) ;
#3637 = ORIENTED_EDGE ( 'NONE', *, *, #1730, .T. ) ;
#3638 = ORIENTED_EDGE ( 'NONE', *, *, #1340, .T. ) ;
#3639 = DIRECTION ( 'NONE',  ( 0.0000000000000000000, 1.000000000000000000, -2.289834988289389802E-16 ) ) ;
#3640 = VECTOR ( 'NONE', #7814, 1000.000000000000000 ) ;
#3641 = EDGE_CURVE ( 'NONE', #6492, #4427, #914, .T. ) ;
#3642 = EDGE_CURVE ( 'NONE', #7483, #4374, #4031, .T. ) ;
#3643 = LINE ( 'NONE', #6967, #309 ) ;
#3644 = CARTESIAN_POINT ( 'NONE',  ( 2.765000000000000124, -1.149999999999999911, 0.06782713613135629704 ) ) ;
#3645 = EDGE_LOOP ( 'NONE', ( #7766, #7847, #2215, #2089 ) ) ;
#3646 = EDGE_LOOP ( 'NONE', ( #3664, #2516, #1372, #6405 ) ) ;
#3647 = VECTOR ( 'NONE', #1119, 1000.000000000000000 ) ;
#3648 = LINE ( 'NONE', #1084, #1979 ) ;
#3649 = EDGE_LOOP ( 'NONE', ( #801, #3029, #6732, #4445 ) ) ;
#3650 = VERTEX_POINT ( 'NONE', #2642 ) ;
#3651 =( GEOMETRIC_REPRESENTATION_CONTEXT ( 3 ) GLOBAL_UNCERTAINTY_ASSIGNED_CONTEXT ( ( #5809 ) ) GLOBAL_UNIT_ASSIGNED_CONTEXT ( ( #1219, #5540, #1852 ) ) REPRESENTATION_CONTEXT ( 'NONE', 'WORKASPACE' ) );
#3652 = EDGE_CURVE ( 'NONE', #524, #2471, #3845, .T. ) ;
#3653 = CARTESIAN_POINT ( 'NONE',  ( 2.799999999999999378, 0.8999999999999980238, 0.8400000000000087397 ) ) ;
#3654 = SURFACE_STYLE_USAGE ( .BOTH. , #7320 ) ;
#3655 = ORIENTED_EDGE ( 'NONE', *, *, #4958, .F. ) ;
#3656 = EDGE_CURVE ( 'NONE', #6470, #572, #5467, .T. ) ;
#3657 = FILL_AREA_STYLE ('',( #5019 ) ) ;
#3658 = ADVANCED_FACE ( 'NONE', ( #718 ), #3909, .T. ) ;
#3659 = DIRECTION ( 'NONE',  ( 1.000000000000000000, -5.243344273594249610E-32, -2.289834988289389802E-16 ) ) ;
#3660 = ORIENTED_EDGE ( 'NONE', *, *, #7791, .T. ) ;
#3661 = EDGE_LOOP ( 'NONE', ( #4461, #6200, #5490, #5166 ) ) ;
#3662 = EDGE_LOOP ( 'NONE', ( #1592, #3337, #4078, #6919 ) ) ;
#3663 = VERTEX_POINT ( 'NONE', #1430 ) ;
#3664 = ORIENTED_EDGE ( 'NONE', *, *, #3912, .T. ) ;
#3665 = PRESENTATION_LAYER_ASSIGNMENT (  '', '', ( #2834 ) ) ;
#3666 = DIRECTION ( 'NONE',  ( 1.000000000000000000, -5.243344273594249610E-32, -2.289834988289389802E-16 ) ) ;
#3667 = VECTOR ( 'NONE', #4298, 1000.000000000000000 ) ;
#3668 = CARTESIAN_POINT ( 'NONE',  ( 0.1750000000000020151, 1.350000000000000089, 0.1705002310154649925 ) ) ;
#3669 = LINE ( 'NONE', #2570, #6735 ) ;
#3670 = VERTEX_POINT ( 'NONE', #4513 ) ;
#3671 = AXIS2_PLACEMENT_3D ( 'NONE', #606, #4924, #1241 ) ;
#3672 = ORIENTED_EDGE ( 'NONE', *, *, #6832, .F. ) ;
#3673 = LINE ( 'NONE', #5574, #3292 ) ;
#3674 = DIRECTION ( 'NONE',  ( -1.000000000000000000, 0.0000000000000000000, 2.289834988289389802E-16 ) ) ;
#3675 = FACE_OUTER_BOUND ( 'NONE', #7205, .T. ) ;
#3676 = CARTESIAN_POINT ( 'NONE',  ( 1.449999999999999956, 0.9999999999999988898, 0.02999999999999856601 ) ) ;
#3677 = ADVANCED_FACE ( 'NONE', ( #5271 ), #3928, .T. ) ;
#3678 = EDGE_LOOP ( 'NONE', ( #7151, #3846, #105, #195 ) ) ;
#3679 = LINE ( 'NONE', #3407, #5093 ) ;
#3680 = AXIS2_PLACEMENT_3D ( 'NONE', #4554, #5195, #1510 ) ;
#3681 = CARTESIAN_POINT ( 'NONE',  ( -2.765000000000000124, -1.100000000000000089, 0.06782713613135761543 ) ) ;
#3682 = LINE ( 'NONE', #4053, #3873 ) ;
#3683 = DIRECTION ( 'NONE',  ( 1.000000000000000000, -5.243344273594249610E-32, -2.289834988289389802E-16 ) ) ;
#3684 = FACE_OUTER_BOUND ( 'NONE', #1086, .T. ) ;
#3685 = CARTESIAN_POINT ( 'NONE',  ( 1.850000000000000089, 0.9999999999999988898, 0.3099999999999980549 ) ) ;
#3686 = CARTESIAN_POINT ( 'NONE',  ( -2.265000000000000568, -1.649999999999999911, 0.7199999999999997513 ) ) ;
#3687 = VERTEX_POINT ( 'NONE', #817 ) ;
#3688 = LINE ( 'NONE', #7836, #5306 ) ;
#3689 = CIRCLE ( 'NONE', #7265, 0.02999999999999989828 ) ;
#3690 = EDGE_CURVE ( 'NONE', #4169, #4657, #6325, .T. ) ;
#3691 = EDGE_CURVE ( 'NONE', #1079, #5789, #7973, .T. ) ;
#3692 = VERTEX_POINT ( 'NONE', #6415 ) ;
#3693 = FACE_OUTER_BOUND ( 'NONE', #123, .T. ) ;
#3694 = VECTOR ( 'NONE', #4411, 999.9999999999998863 ) ;
#3695 = CARTESIAN_POINT ( 'NONE',  ( -2.265000000000000568, -1.629999999999999893, 0.2999999999999996558 ) ) ;
#3696 = ADVANCED_FACE ( 'NONE', ( #6136 ), #3374, .F. ) ;
#3697 = PRESENTATION_LAYER_ASSIGNMENT (  '', '', ( #2426 ) ) ;
#3698 = ORIENTED_EDGE ( 'NONE', *, *, #3494, .F. ) ;
#3699 = CARTESIAN_POINT ( 'NONE',  ( -2.770000000000000018, 0.4600000000000005751, 0.8400000000000100719 ) ) ;
#3700 = EDGE_CURVE ( 'NONE', #2607, #6502, #7202, .T. ) ;
#3701 = LINE ( 'NONE', #4673, #6965 ) ;
#3702 = DIRECTION ( 'NONE',  ( -1.000000000000000000, 1.144917494144696380E-16, 1.144917494144614043E-16 ) ) ;
#3703 = SURFACE_STYLE_FILL_AREA ( #1984 ) ;
#3704 = DIRECTION ( 'NONE',  ( -1.000000000000000000, 0.0000000000000000000, -0.0000000000000000000 ) ) ;
#3705 = CARTESIAN_POINT ( 'NONE',  ( 1.675000000000000044, 1.350000000000000089, 0.1099999999999980022 ) ) ;
#3706 = VECTOR ( 'NONE', #6204, 1000.000000000000114 ) ;
#3707 = DIRECTION ( 'NONE',  ( -1.619157848017760137E-16, 0.7071067811864969466, -0.7071067811865980879 ) ) ;
#3708 = VECTOR ( 'NONE', #7421, 999.9999999999998863 ) ;
#3710 =( GEOMETRIC_REPRESENTATION_CONTEXT ( 3 ) GLOBAL_UNCERTAINTY_ASSIGNED_CONTEXT ( ( #7432 ) ) GLOBAL_UNIT_ASSIGNED_CONTEXT ( ( #313, #4636, #949 ) ) REPRESENTATION_CONTEXT ( 'NONE', 'WORKASPACE' ) );
#3709 = CARTESIAN_POINT ( 'NONE',  ( 0.1750000000000020151, 0.9199999999999860512, -7.771561172376099727E-16 ) ) ;
#3711 = AXIS2_PLACEMENT_3D ( 'NONE', #2112, #4933, #4496 ) ;
#3712 = EDGE_CURVE ( 'NONE', #1713, #343, #5555, .T. ) ;
#3713 = ORIENTED_EDGE ( 'NONE', *, *, #3800, .F. ) ;
#3714 = LINE ( 'NONE', #5136, #3525 ) ;
#3715 = ADVANCED_FACE ( 'NONE', ( #3934 ), #897, .T. ) ;
#3716 = ADVANCED_FACE ( 'NONE', ( #620 ), #268, .F. ) ;
#3717 = DIRECTION ( 'NONE',  ( 0.0000000000000000000, -0.9738685962292471521, -0.2271122129663560307 ) ) ;
#3718 = DIRECTION ( 'NONE',  ( -0.0000000000000000000, -1.065228634467009955E-16, -1.000000000000000000 ) ) ;
#3719 = ORIENTED_EDGE ( 'NONE', *, *, #4231, .T. ) ;
#3720 = LINE ( 'NONE', #1775, #6799 ) ;
#3721 = AXIS2_PLACEMENT_3D ( 'NONE', #3709, #4324, #618 ) ;
#3722 = CARTESIAN_POINT ( 'NONE',  ( 3.000000000000000000, -1.000000000000000000, 0.3299999999999979616 ) ) ;
#3723 = CARTESIAN_POINT ( 'NONE',  ( -2.765000000000000124, -1.599999999999998757, 0.05000000000000182770 ) ) ;
#3724 = ORIENTED_EDGE ( 'NONE', *, *, #6870, .F. ) ;
#3725 = ORIENTED_EDGE ( 'NONE', *, *, #7864, .T. ) ;
#3726 = CARTESIAN_POINT ( 'NONE',  ( -0.3249999999999980127, 1.350000000000000089, 0.1599999999999990041 ) ) ;
#3727 =( NAMED_UNIT ( * ) SI_UNIT ( $, .STERADIAN. ) SOLID_ANGLE_UNIT ( ) );
#3728 = CARTESIAN_POINT ( 'NONE',  ( -2.284999999999998810, -1.800000000000000266, 0.9199999999999940448 ) ) ;
#3730 = CARTESIAN_POINT ( 'NONE',  ( 2.765000000000000124, -1.599999999999998757, 0.05000000000000041911 ) ) ;
#3729 = LINE ( 'NONE', #928, #6804 ) ;
#3731 = PLANE ( 'NONE',  #7225 ) ;
#3732 = ADVANCED_FACE ( 'NONE', ( #3744 ), #7701, .T. ) ;
#3733 = AXIS2_PLACEMENT_3D ( 'NONE', #2193, #6510, #2835 ) ;
#3734 = VERTEX_POINT ( 'NONE', #294 ) ;
#3735 = ORIENTED_EDGE ( 'NONE', *, *, #2855, .F. ) ;
#3736 = LINE ( 'NONE', #5027, #413 ) ;
#3737 = ORIENTED_EDGE ( 'NONE', *, *, #7137, .T. ) ;
#3738 = DIRECTION ( 'NONE',  ( 1.000000000000000000, -5.243344273594249610E-32, -0.0000000000000000000 ) ) ;
#3739 = ORIENTED_EDGE ( 'NONE', *, *, #7161, .F. ) ;
#3740 = CARTESIAN_POINT ( 'NONE',  ( -42.17662438884190124, -0.02000000000000091982, 1.000000000000009548 ) ) ;
#3741 = EDGE_CURVE ( 'NONE', #5445, #7139, #5364, .T. ) ;
#3742 = EDGE_CURVE ( 'NONE', #5941, #912, #2078, .T. ) ;
#3743 = CARTESIAN_POINT ( 'NONE',  ( 0.1000000000000005190, 0.8499999999999989786, 0.07999999999999909961 ) ) ;
#3744 = FACE_OUTER_BOUND ( 'NONE', #6022, .T. ) ;
#3745 = ORIENTED_EDGE ( 'NONE', *, *, #7645, .F. ) ;
#3746 = VERTEX_POINT ( 'NONE', #3446 ) ;
#3747 = ORIENTED_EDGE ( 'NONE', *, *, #1714, .T. ) ;
#3748 = CARTESIAN_POINT ( 'NONE',  ( 1.850000000000000089, 1.350000000000000089, 0.3099999999999980549 ) ) ;
#3749 = EDGE_LOOP ( 'NONE', ( #6239, #5544, #874, #3487 ) ) ;
#3750 = PRESENTATION_STYLE_ASSIGNMENT (( #7495 ) ) ;
#3751 = CARTESIAN_POINT ( 'NONE',  ( 1.175000000000000044, 1.350000000000000089, 0.3100000000000010525 ) ) ;
#3752 = ADVANCED_FACE ( 'NONE', ( #5164 ), #7728, .T. ) ;
#3753 = MECHANICAL_DESIGN_GEOMETRIC_PRESENTATION_REPRESENTATION (  '', ( #2487 ), #4154 ) ;
#3754 = LINE ( 'NONE', #5877, #224 ) ;
#3755 = ORIENTED_EDGE ( 'NONE', *, *, #4483, .T. ) ;
#3756 = EDGE_CURVE ( 'NONE', #5912, #3007, #4565, .T. ) ;
#3757 = CARTESIAN_POINT ( 'NONE',  ( -47.60249999999999915, 0.6999999999999990674, 0.03000000000000983130 ) ) ;
#3758 = CARTESIAN_POINT ( 'NONE',  ( 7.285000000000001030, -1.650000000000000799, 0.7199999999999983080 ) ) ;
#3759 = EDGE_LOOP ( 'NONE', ( #4762, #760, #5482, #918 ) ) ;
#3760 = UNCERTAINTY_MEASURE_WITH_UNIT (LENGTH_MEASURE( 1.000000000000000082E-05 ), #798, 'distance_accuracy_value', 'NONE');
#3761 = DIRECTION ( 'NONE',  ( 0.0000000000000000000, -1.065228634467009955E-16, -1.000000000000000000 ) ) ;
#3762 = EDGE_CURVE ( 'NONE', #911, #5066, #2978, .T. ) ;
#3763 = CARTESIAN_POINT ( 'NONE',  ( 1.675000000000000044, 0.9999999999999988898, 0.3099999999999979994 ) ) ;
#3764 = ORIENTED_EDGE ( 'NONE', *, *, #2115, .T. ) ;
#3765 = VECTOR ( 'NONE', #3877, 1000.000000000000000 ) ;
#3766 = CARTESIAN_POINT ( 'NONE',  ( -3.000000000000000000, 0.9999999999999988898, 0.8416139999999999732 ) ) ;
#3767 = ORIENTED_EDGE ( 'NONE', *, *, #6580, .T. ) ;
#3768 = LINE ( 'NONE', #1685, #3583 ) ;
#3769 = DIRECTION ( 'NONE',  ( 1.000000000000000000, -0.0000000000000000000, -2.289834988289389802E-16 ) ) ;
#3770 = LINE ( 'NONE', #7918, #5193 ) ;
#3771 = AXIS2_PLACEMENT_3D ( 'NONE', #1739, #6030, #2336 ) ;
#3773 = DIRECTION ( 'NONE',  ( 1.000000000000000000, 4.948562843061550213E-17, -2.177367650947074402E-16 ) ) ;
#3772 = CARTESIAN_POINT ( 'NONE',  ( -0.8374999999999980238, 0.9199999999999990408, 0.07999999999999930778 ) ) ;
#3774 = PRESENTATION_STYLE_ASSIGNMENT (( #1000 ) ) ;
#3775 = CARTESIAN_POINT ( 'NONE',  ( 2.769999999999999574, 1.899999999999999911, 0.8899999999999993472 ) ) ;
#3776 = ORIENTED_EDGE ( 'NONE', *, *, #3831, .F. ) ;
#3777 = CIRCLE ( 'NONE', #4121, 0.04999999999999979461 ) ;
#3778 = CARTESIAN_POINT ( 'NONE',  ( -2.765000000000000124, -1.147779969318960092, 0.01787644580804303995 ) ) ;
#3779 = VECTOR ( 'NONE', #6696, 1000.000000000000000 ) ;
#3780 = AXIS2_PLACEMENT_3D ( 'NONE', #6917, #7525, #3870 ) ;
#3781 = DIRECTION ( 'NONE',  ( 0.7071067811865475727, -0.7071067811865475727, -8.659274570719346786E-17 ) ) ;
#3782 = ORIENTED_EDGE ( 'NONE', *, *, #7040, .T. ) ;
#3783 = CARTESIAN_POINT ( 'NONE',  ( 1.950000000000000400, 0.9999999999999988898, 0.02999999999999845152 ) ) ;
#3784 = DIRECTION ( 'NONE',  ( -1.000000000000000000, 0.0000000000000000000, -0.0000000000000000000 ) ) ;
#3785 = LINE ( 'NONE', #1452, #5590 ) ;
#3786 = CARTESIAN_POINT ( 'NONE',  ( 1.900000000000000133, 0.9199999999999973754, 0.07999999999999790612 ) ) ;
#3787 = FILL_AREA_STYLE ('',( #6212 ) ) ;
#3788 = DIRECTION ( 'NONE',  ( -1.000000000000000000, 5.243344273594249610E-32, 2.289834988289389802E-16 ) ) ;
#3789 = ORIENTED_EDGE ( 'NONE', *, *, #1, .T. ) ;
#3790 = VECTOR ( 'NONE', #1788, 1000.000000000000000 ) ;
#3791 = EDGE_CURVE ( 'NONE', #6669, #3233, #6223, .T. ) ;
#3792 = EDGE_CURVE ( 'NONE', #216, #7839, #1300, .T. ) ;
#3793 = VECTOR ( 'NONE', #7625, 1000.000000000000000 ) ;
#3794 = ADVANCED_FACE ( 'NONE', ( #5833 ), #7175, .F. ) ;
#3795 = CARTESIAN_POINT ( 'NONE',  ( -2.770000000000000018, 0.8999999999999986899, 0.3099999999999999423 ) ) ;
#3796 = CARTESIAN_POINT ( 'NONE',  ( 7.264999999999999680, -1.629999999999999893, 0.2999999999999969913 ) ) ;
#3797 = CARTESIAN_POINT ( 'NONE',  ( -7.150000000000000355, 1.899999999999999911, 0.5999999999999999778 ) ) ;
#3798 = AXIS2_PLACEMENT_3D ( 'NONE', #5357, #6605, #2932 ) ;
#3799 = DIRECTION ( 'NONE',  ( 0.0000000000000000000, 0.7071067811865441310, 0.7071067811865507924 ) ) ;
#3800 = EDGE_CURVE ( 'NONE', #6182, #1399, #4202, .T. ) ;
#3801 = ORIENTED_EDGE ( 'NONE', *, *, #5210, .F. ) ;
#3802 = VECTOR ( 'NONE', #1072, 1000.000000000000000 ) ;
#3803 = EDGE_CURVE ( 'NONE', #4305, #2184, #7467, .T. ) ;
#3804 = CARTESIAN_POINT ( 'NONE',  ( 0.4500000000000016209, 0.6999999999999977351, 0.02999999999999859376 ) ) ;
#3805 = CARTESIAN_POINT ( 'NONE',  ( 2.615000000000000213, -1.600000000000000089, 0.3752009999999990075 ) ) ;
#3806 = DIRECTION ( 'NONE',  ( 6.753181414994839650E-18, -1.000000000000000000, 1.065228634467009955E-16 ) ) ;
#3807 = CARTESIAN_POINT ( 'NONE',  ( 0.6750000000000010436, 0.9431866336109969717, 0.06541154699933829364 ) ) ;
#3808 = EDGE_LOOP ( 'NONE', ( #6684, #4686, #5828, #7543 ) ) ;
#3809 = UNCERTAINTY_MEASURE_WITH_UNIT (LENGTH_MEASURE( 1.000000000000000082E-05 ), #386, 'distance_accuracy_value', 'NONE');
#3810 = LINE ( 'NONE', #7539, #6873 ) ;
#3811 = CARTESIAN_POINT ( 'NONE',  ( -1.824999999999999734, 3.624702236056390081, -3.252606517456513302E-16 ) ) ;
#3812 = STYLED_ITEM ( 'NONE', ( #2434 ), #1148 ) ;
#3813 = VECTOR ( 'NONE', #4505, 1000.000000000000000 ) ;
#3814 = ORIENTED_EDGE ( 'NONE', *, *, #6673, .T. ) ;
#3815 = ORIENTED_EDGE ( 'NONE', *, *, #6142, .T. ) ;
#3816 = DIRECTION ( 'NONE',  ( 1.000000000000000000, -5.243344273594249610E-32, -0.0000000000000000000 ) ) ;
#3817 = PLANE ( 'NONE',  #318 ) ;
#3818 = LINE ( 'NONE', #2625, #498 ) ;
#3819 = CARTESIAN_POINT ( 'NONE',  ( 2.615000000000000213, -1.799999999999990274, 0.5199999999999994627 ) ) ;
#3820 = EDGE_LOOP ( 'NONE', ( #681, #3298, #2982, #7749 ) ) ;
#3821 = EDGE_LOOP ( 'NONE', ( #2690, #2358, #7181, #3211, #4566 ) ) ;
#3822 = VECTOR ( 'NONE', #2880, 1000.000000000000000 ) ;
#3823 = CARTESIAN_POINT ( 'NONE',  ( -0.3249999999999980127, 0.9199999999999868283, -6.856147594103133023E-16 ) ) ;
#3824 = DIRECTION ( 'NONE',  ( 2.439197797730288502E-32, -1.000000000000000000, 1.065228634467009955E-16 ) ) ;
#3825 = ORIENTED_EDGE ( 'NONE', *, *, #3495, .T. ) ;
#3826 = ADVANCED_FACE ( 'NONE', ( #7290 ), #1658, .T. ) ;
#3827 = VERTEX_POINT ( 'NONE', #3529 ) ;
#3828 =( LENGTH_UNIT ( ) NAMED_UNIT ( * ) SI_UNIT ( .MILLI., .METRE. ) );
#3829 = DIRECTION ( 'NONE',  ( 0.0000000000000000000, -0.8000000000000000444, 0.5999999999999999778 ) ) ;
#3830 = DIRECTION ( 'NONE',  ( -1.000000000000000000, 5.243344273594249610E-32, 2.289834988289389802E-16 ) ) ;
#3831 = EDGE_CURVE ( 'NONE', #3692, #6321, #5636, .T. ) ;
#3832 = EDGE_CURVE ( 'NONE', #5197, #1632, #4022, .T. ) ;
#3833 = FACE_OUTER_BOUND ( 'NONE', #118, .T. ) ;
#3834 = AXIS2_PLACEMENT_3D ( 'NONE', #153, #4485, #785 ) ;
#3835 = VECTOR ( 'NONE', #4776, 1000.000000000000000 ) ;
#3836 = VERTEX_POINT ( 'NONE', #6613 ) ;
#3837 = ORIENTED_EDGE ( 'NONE', *, *, #2588, .F. ) ;
#3838 = CARTESIAN_POINT ( 'NONE',  ( -0.8249999999999979572, 1.299999999999994715, 0.1099999999999990152 ) ) ;
#3839 = DIRECTION ( 'NONE',  ( -0.0000000000000000000, 0.5999999999999999778, -0.8000000000000000444 ) ) ;
#3840 = VERTEX_POINT ( 'NONE', #5980 ) ;
#3841 = CARTESIAN_POINT ( 'NONE',  ( 0.9000000000000006883, 0.8499999999999989786, 0.07999999999999864164 ) ) ;
#3842 =( NAMED_UNIT ( * ) PLANE_ANGLE_UNIT ( ) SI_UNIT ( $, .RADIAN. ) );
#3843 = PRESENTATION_STYLE_ASSIGNMENT (( #5128 ) ) ;
#3844 = DIRECTION ( 'NONE',  ( -1.000000000000000000, 0.0000000000000000000, 2.289834988289389802E-16 ) ) ;
#3845 = LINE ( 'NONE', #7826, #2183 ) ;
#3846 = ORIENTED_EDGE ( 'NONE', *, *, #404, .T. ) ;
#3847 = VERTEX_POINT ( 'NONE', #4725 ) ;
#3848 = ORIENTED_EDGE ( 'NONE', *, *, #7429, .T. ) ;
#3850 = CARTESIAN_POINT ( 'NONE',  ( 2.799999999999999822, -1.000000000000000444, 0.3299999999999976286 ) ) ;
#3849 = DIRECTION ( 'NONE',  ( -1.000000000000000000, 0.0000000000000000000, 2.289834988289389802E-16 ) ) ;
#3851 = EDGE_CURVE ( 'NONE', #407, #7043, #708, .T. ) ;
#3852 = ORIENTED_EDGE ( 'NONE', *, *, #4850, .F. ) ;
#3853 = DIRECTION ( 'NONE',  ( -2.289834988289389802E-16, 0.0000000000000000000, -1.000000000000000000 ) ) ;
#3854 = VERTEX_POINT ( 'NONE', #435 ) ;
#3855 = FACE_OUTER_BOUND ( 'NONE', #4074, .T. ) ;
#3856 = VECTOR ( 'NONE', #5014, 1000.000000000000000 ) ;
#3857 = ORIENTED_EDGE ( 'NONE', *, *, #395, .F. ) ;
#3858 = CARTESIAN_POINT ( 'NONE',  ( -2.452499999999999680, -1.899999999999999911, 1.050000000000000044 ) ) ;
#3859 = CARTESIAN_POINT ( 'NONE',  ( -2.765000000000000124, -1.799999999999990274, 0.3700000000000010503 ) ) ;
#3860 = ORIENTED_EDGE ( 'NONE', *, *, #7406, .T. ) ;
#3861 = FACE_OUTER_BOUND ( 'NONE', #7965, .T. ) ;
#3862 = CARTESIAN_POINT ( 'NONE',  ( -1.824999999999999734, 0.9999999999999988898, 0.07999999999999941880 ) ) ;
#3863 = PRESENTATION_LAYER_ASSIGNMENT (  '', '', ( #3044 ) ) ;
#3864 = AXIS2_PLACEMENT_3D ( 'NONE', #4697, #765, #5362 ) ;
#3865 = CARTESIAN_POINT ( 'NONE',  ( 2.765000000000000124, -1.899999999999999911, 0.8199999999999989519 ) ) ;
#3866 = SURFACE_STYLE_FILL_AREA ( #3787 ) ;
#3867 = LINE ( 'NONE', #2986, #6931 ) ;
#3868 = DIRECTION ( 'NONE',  ( 0.0000000000000000000, -1.065228634467009955E-16, -1.000000000000000000 ) ) ;
#3869 = EDGE_CURVE ( 'NONE', #1228, #1787, #2556, .T. ) ;
#3870 = DIRECTION ( 'NONE',  ( 1.000000000000000000, 0.0000000000000000000, -2.289834988289389802E-16 ) ) ;
#3871 = ORIENTED_EDGE ( 'NONE', *, *, #1448, .F. ) ;
#3872 = CARTESIAN_POINT ( 'NONE',  ( 2.452500000000000124, -0.8000000000000010436, 0.07999999999999812816 ) ) ;
#3873 = VECTOR ( 'NONE', #4638, 1000.000000000000000 ) ;
#3874 = LINE ( 'NONE', #7380, #2211 ) ;
#3875 = DIRECTION ( 'NONE',  ( 5.243344273594249610E-32, 1.000000000000000000, -1.200639317332292868E-47 ) ) ;
#3876 = ADVANCED_FACE ( 'NONE', ( #7106 ), #3588, .F. ) ;
#3877 = DIRECTION ( 'NONE',  ( 1.000000000000000000, -0.0000000000000000000, -2.289834988289389802E-16 ) ) ;
#3878 = ORIENTED_EDGE ( 'NONE', *, *, #6568, .T. ) ;
#3879 =( GEOMETRIC_REPRESENTATION_CONTEXT ( 3 ) GLOBAL_UNCERTAINTY_ASSIGNED_CONTEXT ( ( #6900 ) ) GLOBAL_UNIT_ASSIGNED_CONTEXT ( ( #5361, #1676, #5975 ) ) REPRESENTATION_CONTEXT ( 'NONE', 'WORKASPACE' ) );
#3880 = CARTESIAN_POINT ( 'NONE',  ( 2.615000000000000213, -1.749999999999990008, 0.4700000000000000289 ) ) ;
#3881 = PRESENTATION_LAYER_ASSIGNMENT (  '', '', ( #3062 ) ) ;
#3882 = LINE ( 'NONE', #5320, #8004 ) ;
#3883 = SURFACE_SIDE_STYLE ('',( #2759 ) ) ;
#3884 = CARTESIAN_POINT ( 'NONE',  ( -0.5499999999999970468, 0.6999999999999977351, 0.02999999999999883316 ) ) ;
#3885 = ORIENTED_EDGE ( 'NONE', *, *, #2928, .T. ) ;
#3886 = DIRECTION ( 'NONE',  ( 0.0000000000000000000, 1.000000000000000000, -2.289834988289389802E-16 ) ) ;
#3887 = FACE_OUTER_BOUND ( 'NONE', #638, .T. ) ;
#3888 = LINE ( 'NONE', #4434, #5112 ) ;
#3889 =( NAMED_UNIT ( * ) SI_UNIT ( $, .STERADIAN. ) SOLID_ANGLE_UNIT ( ) );
#3890 =( GEOMETRIC_REPRESENTATION_CONTEXT ( 3 ) GLOBAL_UNCERTAINTY_ASSIGNED_CONTEXT ( ( #2713 ) ) GLOBAL_UNIT_ASSIGNED_CONTEXT ( ( #5102, #1409, #5717 ) ) REPRESENTATION_CONTEXT ( 'NONE', 'WORKASPACE' ) );
#3891 = CARTESIAN_POINT ( 'NONE',  ( 1.175000000000000044, 1.299999999999994715, 0.1099999999999980160 ) ) ;
#3892 = FILL_AREA_STYLE_COLOUR ( '', #2989 ) ;
#3893 = ORIENTED_EDGE ( 'NONE', *, *, #2750, .T. ) ;
#3894 = LINE ( 'NONE', #326, #2415 ) ;
#3895 = CARTESIAN_POINT ( 'NONE',  ( -1.750000000000000000, 0.8999999999999990230, 0.2899999999999999800 ) ) ;
#3896 = CARTESIAN_POINT ( 'NONE',  ( 2.765000000000000124, -1.599999999999999645, 0.04999999999999933664 ) ) ;
#3897 = CYLINDRICAL_SURFACE ( 'NONE', #1366, 0.04999999999999985706 ) ;
#3898 = CARTESIAN_POINT ( 'NONE',  ( -3.000000000000000000, -0.8000000000000020428, 0.1800000000000000211 ) ) ;
#3899 = EDGE_CURVE ( 'NONE', #3565, #6826, #6028, .T. ) ;
#3900 = EDGE_CURVE ( 'NONE', #2889, #7100, #2172, .T. ) ;
#3901 = VECTOR ( 'NONE', #1848, 1000.000000000000000 ) ;
#3902 = CARTESIAN_POINT ( 'NONE',  ( 0.3250000000000020095, 1.299999999999990274, 0.1705002310154649925 ) ) ;
#3903 = COLOUR_RGB ( '',0.3176470588235293935, 0.2470588235294117752, 0.2078431372549019440 ) ;
#3904 = CARTESIAN_POINT ( 'NONE',  ( -2.799999999999999822, 0.8999999999999980238, 0.3099999999999999423 ) ) ;
#3905 = DIRECTION ( 'NONE',  ( -0.0000000000000000000, -1.065228634467009955E-16, -1.000000000000000000 ) ) ;
#3906 = VERTEX_POINT ( 'NONE', #5422 ) ;
#3907 = VECTOR ( 'NONE', #805, 1000.000000000000000 ) ;
#3908 = DIRECTION ( 'NONE',  ( 2.289834988289389802E-16, -0.0000000000000000000, 1.000000000000000000 ) ) ;
#3909 = PLANE ( 'NONE',  #2937 ) ;
#3910 = AXIS2_PLACEMENT_3D ( 'NONE', #190, #7006, #4522 ) ;
#3911 = CARTESIAN_POINT ( 'NONE',  ( -2.602500000000000036, 0.07493623042063669859, 0.4028473352920790007 ) ) ;
#3912 = EDGE_CURVE ( 'NONE', #6668, #5214, #6903, .T. ) ;
#3913 = EDGE_CURVE ( 'NONE', #5674, #2502, #3648, .T. ) ;
#3914 = VERTEX_POINT ( 'NONE', #4201 ) ;
#3915 =( NAMED_UNIT ( * ) SI_UNIT ( $, .STERADIAN. ) SOLID_ANGLE_UNIT ( ) );
#3916 = ADVANCED_FACE ( 'NONE', ( #3455 ), #5443, .F. ) ;
#3917 = VECTOR ( 'NONE', #2657, 999.9999999999998863 ) ;
#3918 = FILL_AREA_STYLE_COLOUR ( '', #2365 ) ;
#3919 = CARTESIAN_POINT ( 'NONE',  ( 0.3250000000000019540, 0.9199999999999868283, -8.786316581706659134E-16 ) ) ;
#3920 = DIRECTION ( 'NONE',  ( 1.000000000000000000, -5.243344273594249610E-32, -2.289834988289389802E-16 ) ) ;
#3921 = ORIENTED_EDGE ( 'NONE', *, *, #1970, .T. ) ;
#3922 = ORIENTED_EDGE ( 'NONE', *, *, #3742, .F. ) ;
#3923 =( NAMED_UNIT ( * ) SI_UNIT ( $, .STERADIAN. ) SOLID_ANGLE_UNIT ( ) );
#3924 = ORIENTED_EDGE ( 'NONE', *, *, #1073, .F. ) ;
#3925 = CARTESIAN_POINT ( 'NONE',  ( -0.6749999999999980460, 1.350000000000000089, 0.1705002310154649925 ) ) ;
#3926 = VERTEX_POINT ( 'NONE', #4805 ) ;
#3927 = DIRECTION ( 'NONE',  ( -5.243344273594249610E-32, -1.000000000000000000, 1.200639317332289951E-47 ) ) ;
#3928 = PLANE ( 'NONE',  #5391 ) ;
#3929 = VECTOR ( 'NONE', #574, 1000.000000000000000 ) ;
#3930 = ORIENTED_EDGE ( 'NONE', *, *, #7635, .F. ) ;
#3931 = VERTEX_POINT ( 'NONE', #1138 ) ;
#3932 = DIRECTION ( 'NONE',  ( -2.289834988289389802E-16, 0.0000000000000000000, -1.000000000000000000 ) ) ;
#3933 = DIRECTION ( 'NONE',  ( -2.289834988289389802E-16, 0.0000000000000000000, -1.000000000000000000 ) ) ;
#3934 = FACE_OUTER_BOUND ( 'NONE', #7487, .T. ) ;
#3935 = ORIENTED_EDGE ( 'NONE', *, *, #5954, .F. ) ;
#3936 = ORIENTED_EDGE ( 'NONE', *, *, #3342, .F. ) ;
#3937 = ORIENTED_EDGE ( 'NONE', *, *, #7526, .F. ) ;
#3938 = ORIENTED_EDGE ( 'NONE', *, *, #821, .F. ) ;
#3939 = EDGE_CURVE ( 'NONE', #854, #7696, #518, .T. ) ;
#3940 = EDGE_CURVE ( 'NONE', #3435, #335, #2874, .T. ) ;
#3941 = SURFACE_STYLE_FILL_AREA ( #6882 ) ;
#3942 = VECTOR ( 'NONE', #7077, 1000.000000000000000 ) ;
#3943 = EDGE_LOOP ( 'NONE', ( #1309, #6425, #5983, #7296, #194, #278 ) ) ;
#3944 = CARTESIAN_POINT ( 'NONE',  ( 2.265000000000000124, -1.779999999999999805, 0.5749999999999990674 ) ) ;
#3945 = EDGE_LOOP ( 'NONE', ( #597, #3986, #2005, #6417, #3248, #3961, #5469, #7188, #4613, #2990, #13 ) ) ;
#3946 = CARTESIAN_POINT ( 'NONE',  ( 0.1750000000000019873, 0.9199999999999868283, -7.949023383968518534E-16 ) ) ;
#3947 = ORIENTED_EDGE ( 'NONE', *, *, #6641, .F. ) ;
#3948 = LINE ( 'NONE', #2611, #5383 ) ;
#3949 = CARTESIAN_POINT ( 'NONE',  ( 1.675000000000000044, 1.673724317761259961, 0.3099999999999980549 ) ) ;
#3950 = CARTESIAN_POINT ( 'NONE',  ( 0.1750000000000020151, 0.9431866336109966387, 0.06541154699933837691 ) ) ;
#3951 = EDGE_CURVE ( 'NONE', #1514, #1010, #4469, .T. ) ;
#3952 = CARTESIAN_POINT ( 'NONE',  ( 1.675000000000000044, 1.249999999999990008, -1.544988095791843818E-15 ) ) ;
#3953 = DIRECTION ( 'NONE',  ( 0.0000000000000000000, 0.7071067811865980879, 0.7071067811864969466 ) ) ;
#3954 = EDGE_CURVE ( 'NONE', #4396, #5789, #5930, .T. ) ;
#3955 = ORIENTED_EDGE ( 'NONE', *, *, #6527, .T. ) ;
#3956 = CARTESIAN_POINT ( 'NONE',  ( 0.1750000000000020151, 1.350000000000000089, 0.1099999999999990014 ) ) ;
#3957 = VECTOR ( 'NONE', #507, 1000.000000000000000 ) ;
#3958 = DIRECTION ( 'NONE',  ( -1.000000000000000000, 5.243344273594249610E-32, 2.289834988289389802E-16 ) ) ;
#3959 = LINE ( 'NONE', #5910, #4322 ) ;
#3960 =( LENGTH_UNIT ( ) NAMED_UNIT ( * ) SI_UNIT ( .MILLI., .METRE. ) );
#3961 = ORIENTED_EDGE ( 'NONE', *, *, #395, .T. ) ;
#3962 = LINE ( 'NONE', #650, #6841 ) ;
#3963 = PLANE ( 'NONE',  #792 ) ;
#3964 = CARTESIAN_POINT ( 'NONE',  ( -0.3249999999999980127, 0.9999999999999988898, 0.07999999999999909961 ) ) ;
#3965 = EDGE_CURVE ( 'NONE', #3836, #3381, #1198, .T. ) ;
#3966 = DIRECTION ( 'NONE',  ( 0.0000000000000000000, 0.0000000000000000000, 1.000000000000000000 ) ) ;
#3967 = LINE ( 'NONE', #6034, #2114 ) ;
#3968 = ORIENTED_EDGE ( 'NONE', *, *, #2116, .F. ) ;
#3969 = LINE ( 'NONE', #7145, #7052 ) ;
#3970 = VECTOR ( 'NONE', #1470, 1000.000000000000000 ) ;
#3971 = PLANE ( 'NONE',  #3680 ) ;
#3972 = MECHANICAL_DESIGN_GEOMETRIC_PRESENTATION_REPRESENTATION (  '', ( #3162 ), #4358 ) ;
#3973 = DIRECTION ( 'NONE',  ( -1.000000000000000000, 5.243344273594249610E-32, 2.289834988289389802E-16 ) ) ;
#3974 = ORIENTED_EDGE ( 'NONE', *, *, #7806, .F. ) ;
#3975 = VECTOR ( 'NONE', #4182, 1000.000000000000000 ) ;
#3976 = DIRECTION ( 'NONE',  ( -1.000000000000000000, -5.064598682745559595E-17, 2.171725397418661469E-16 ) ) ;
#3977 = SURFACE_STYLE_USAGE ( .BOTH. , #7649 ) ;
#3978 = DIRECTION ( 'NONE',  ( -1.000000000000000000, 0.0000000000000000000, 2.289834988289389802E-16 ) ) ;
#3979 = CARTESIAN_POINT ( 'NONE',  ( 2.615000000000000213, -1.600000000000000089, 0.04999999999999898970 ) ) ;
#3980 = DIRECTION ( 'NONE',  ( -1.000000000000000000, 5.243344273594249610E-32, 0.0000000000000000000 ) ) ;
#3981 = CARTESIAN_POINT ( 'NONE',  ( -2.615000000000000213, -1.464196000000000053, 0.3752010000000010059 ) ) ;
#3982 = DIRECTION ( 'NONE',  ( -1.000000000000000000, 0.0000000000000000000, 2.289834988289389802E-16 ) ) ;
#3983 = FILL_AREA_STYLE_COLOUR ( '', #300 ) ;
#3984 = PLANE ( 'NONE',  #3711 ) ;
#3985 = CARTESIAN_POINT ( 'NONE',  ( -0.4499999999999991229, 0.9999999999999988898, 0.03000000000000030767 ) ) ;
#3986 = ORIENTED_EDGE ( 'NONE', *, *, #443, .F. ) ;
#3987 = CARTESIAN_POINT ( 'NONE',  ( 2.765000000000000124, -1.749999999999990008, 0.4699999999999999734 ) ) ;
#3988 = EDGE_CURVE ( 'NONE', #2191, #6492, #7376, .T. ) ;
#3989 = EDGE_CURVE ( 'NONE', #3092, #3055, #4111, .T. ) ;
#3990 = UNCERTAINTY_MEASURE_WITH_UNIT (LENGTH_MEASURE( 1.000000000000000082E-05 ), #455, 'distance_accuracy_value', 'NONE');
#3991 = ORIENTED_EDGE ( 'NONE', *, *, #4806, .F. ) ;
#3992 = DIRECTION ( 'NONE',  ( 1.000000000000000000, -5.243344273594249610E-32, -2.289834988289389802E-16 ) ) ;
#3993 = LINE ( 'NONE', #3042, #7074 ) ;
#3994 = CARTESIAN_POINT ( 'NONE',  ( 1.850000000000000089, 0.9999999999999988898, 0.3099999999999980549 ) ) ;
#3995 = VECTOR ( 'NONE', #2142, 1000.000000000000000 ) ;
#3996 = DIRECTION ( 'NONE',  ( 2.289834988289389802E-16, -0.0000000000000000000, 1.000000000000000000 ) ) ;
#3997 = CARTESIAN_POINT ( 'NONE',  ( -1.824999999999999956, 0.9999999999999988898, 0.07866077735406450111 ) ) ;
#3998 = ORIENTED_EDGE ( 'NONE', *, *, #1577, .F. ) ;
#3999 = ORIENTED_EDGE ( 'NONE', *, *, #7374, .F. ) ;
#4000 = ORIENTED_EDGE ( 'NONE', *, *, #2330, .F. ) ;
#4001 = EDGE_CURVE ( 'NONE', #6963, #3479, #2661, .T. ) ;
#4002 = FACE_OUTER_BOUND ( 'NONE', #5354, .T. ) ;
#4003 = CARTESIAN_POINT ( 'NONE',  ( -3.000000000000000000, 0.9999999999999988898, 0.07999999999999955758 ) ) ;
#4004 = EDGE_CURVE ( 'NONE', #753, #1142, #799, .T. ) ;
#4005 = SURFACE_SIDE_STYLE ('',( #4807 ) ) ;
#4006 = ORIENTED_EDGE ( 'NONE', *, *, #6672, .F. ) ;
#4007 = ORIENTED_EDGE ( 'NONE', *, *, #4300, .F. ) ;
#4008 = PLANE ( 'NONE',  #3333 ) ;
#4009 = DIRECTION ( 'NONE',  ( 0.0000000000000000000, 1.065228634467009955E-16, 1.000000000000000000 ) ) ;
#4010 = ADVANCED_FACE ( 'NONE', ( #2268 ), #6140, .T. ) ;
#4011 = DIRECTION ( 'NONE',  ( 1.000000000000000000, -5.243344273594249610E-32, -2.289834988289389802E-16 ) ) ;
#4012 = LINE ( 'NONE', #5090, #2350 ) ;
#4013 = DIRECTION ( 'NONE',  ( -0.7071067811865431318, -7.532303909457119365E-17, -0.7071067811865520136 ) ) ;
#4014 = ORIENTED_EDGE ( 'NONE', *, *, #7822, .F. ) ;
#4015 = ORIENTED_EDGE ( 'NONE', *, *, #1563, .T. ) ;
#4016 = DIRECTION ( 'NONE',  ( 1.000000000000000000, -5.243344273594249610E-32, -2.289834988289389802E-16 ) ) ;
#4017 = STYLED_ITEM ( 'NONE', ( #5978 ), #5222 ) ;
#4018 = PRESENTATION_LAYER_ASSIGNMENT (  '', '', ( #2345 ) ) ;
#4019 = VECTOR ( 'NONE', #6651, 1000.000000000000000 ) ;
#4020 = DIRECTION ( 'NONE',  ( 2.289834988289389802E-16, -0.0000000000000000000, 1.000000000000000000 ) ) ;
#4021 = CARTESIAN_POINT ( 'NONE',  ( -1.175000000000000044, 1.245779075397750235, -4.336808689942017736E-16 ) ) ;
#4022 = CIRCLE ( 'NONE', #6054, 0.04999999999999980849 ) ;
#4023 = VERTEX_POINT ( 'NONE', #61 ) ;
#4024 = ORIENTED_EDGE ( 'NONE', *, *, #7864, .F. ) ;
#4025 = ORIENTED_EDGE ( 'NONE', *, *, #4231, .F. ) ;
#4026 = DIRECTION ( 'NONE',  ( 1.000000000000000000, -5.243344273594249610E-32, -2.289834988289389802E-16 ) ) ;
#4027 = EDGE_LOOP ( 'NONE', ( #538, #7117, #1344, #1810, #2752, #5900, #5388, #5065, #3536, #7506, #2557 ) ) ;
#4028 = CARTESIAN_POINT ( 'NONE',  ( -0.3249999999999980127, 1.249999999999986233, 3.015437292225309207E-15 ) ) ;
#4029 = DIRECTION ( 'NONE',  ( -2.289834988289389802E-16, 0.0000000000000000000, -1.000000000000000000 ) ) ;
#4030 = DIRECTION ( 'NONE',  ( -2.289834988289389802E-16, 0.0000000000000000000, -1.000000000000000000 ) ) ;
#4031 = LINE ( 'NONE', #6334, #7113 ) ;
#4032 = ORIENTED_EDGE ( 'NONE', *, *, #6791, .T. ) ;
#4033 = ORIENTED_EDGE ( 'NONE', *, *, #2, .T. ) ;
#4034 = CARTESIAN_POINT ( 'NONE',  ( -0.1749999999999980183, 0.9999999999999988898, 0.07999999999999904410 ) ) ;
#4035 = ORIENTED_EDGE ( 'NONE', *, *, #348, .F. ) ;
#4036 = CARTESIAN_POINT ( 'NONE',  ( 1.824999999999999956, 0.9999999999999988898, 0.07999999999999830858 ) ) ;
#4037 = EDGE_LOOP ( 'NONE', ( #5159, #297, #5772, #7300 ) ) ;
#4038 = ORIENTED_EDGE ( 'NONE', *, *, #1785, .F. ) ;
#4039 = DIRECTION ( 'NONE',  ( 0.7071067811865470176, 0.0000000000000000000, 0.7071067811865480168 ) ) ;
#4040 = LINE ( 'NONE', #2436, #535 ) ;
#4041 = DIRECTION ( 'NONE',  ( 0.7071067811865520136, -0.0000000000000000000, 0.7071067811865431318 ) ) ;
#4042 = VECTOR ( 'NONE', #4365, 1000.000000000000000 ) ;
#4043 = DIRECTION ( 'NONE',  ( -1.000000000000000000, -0.0000000000000000000, -0.0000000000000000000 ) ) ;
#4044 = CARTESIAN_POINT ( 'NONE',  ( 1.824999999999999956, 1.673724317761259961, 0.3099999999999979994 ) ) ;
#4045 = EDGE_CURVE ( 'NONE', #3015, #1246, #5358, .T. ) ;
#4046 = EDGE_CURVE ( 'NONE', #2563, #6361, #3736, .T. ) ;
#4047 = ORIENTED_EDGE ( 'NONE', *, *, #3601, .T. ) ;
#4048 = LINE ( 'NONE', #2392, #5485 ) ;
#4049 = SURFACE_SIDE_STYLE ('',( #4738 ) ) ;
#4050 = LINE ( 'NONE', #7420, #1121 ) ;
#4051 = SURFACE_STYLE_USAGE ( .BOTH. , #7720 ) ;
#4052 = UNCERTAINTY_MEASURE_WITH_UNIT (LENGTH_MEASURE( 1.000000000000000082E-05 ), #1013, 'distance_accuracy_value', 'NONE');
#4053 = CARTESIAN_POINT ( 'NONE',  ( 2.452499999999999680, -1.899999999999999911, 1.050000000000000044 ) ) ;
#4054 = VERTEX_POINT ( 'NONE', #1333 ) ;
#4055 = ADVANCED_FACE ( 'NONE', ( #5158 ), #2583, .T. ) ;
#4057 = AXIS2_PLACEMENT_3D ( 'NONE', #2518, #6838, #3168 ) ;
#4056 = CARTESIAN_POINT ( 'NONE',  ( 6.337500000000000355, -1.199999999999999956, 0.2999999999999972689 ) ) ;
#4058 = EDGE_CURVE ( 'NONE', #4142, #6457, #1046, .T. ) ;
#4059 = VECTOR ( 'NONE', #8029, 1000.000000000000000 ) ;
#4060 = DIRECTION ( 'NONE',  ( -1.000000000000000000, 0.0000000000000000000, 2.289834988289389802E-16 ) ) ;
#4061 = EDGE_CURVE ( 'NONE', #6826, #5197, #7537, .T. ) ;
#4062 = ORIENTED_EDGE ( 'NONE', *, *, #5571, .F. ) ;
#4063 = CARTESIAN_POINT ( 'NONE',  ( -2.602500000000000036, -0.8000000000000020428, 0.1799999999999999656 ) ) ;
#4064 = FILL_AREA_STYLE_COLOUR ( '', #2399 ) ;
#4065 = VECTOR ( 'NONE', #2801, 1000.000000000000000 ) ;
#4066 = MECHANICAL_DESIGN_GEOMETRIC_PRESENTATION_REPRESENTATION (  '', ( #2834 ), #4442 ) ;
#4067 = FILL_AREA_STYLE ('',( #7108 ) ) ;
#4068 = DIRECTION ( 'NONE',  ( -5.243344273594270410E-32, 1.000000000000000000, -2.289834988289389802E-16 ) ) ;
#4069 = ORIENTED_EDGE ( 'NONE', *, *, #3551, .T. ) ;
#4070 = FACE_OUTER_BOUND ( 'NONE', #6280, .T. ) ;
#4071 = LINE ( 'NONE', #504, #2406 ) ;
#4072 = VECTOR ( 'NONE', #7456, 1000.000000000000000 ) ;
#4073 = CARTESIAN_POINT ( 'NONE',  ( 0.3250000000000020095, 0.9999999999999988898, 0.07866077735406400151 ) ) ;
#4074 = EDGE_LOOP ( 'NONE', ( #4033, #7372, #4810, #3180 ) ) ;
#4075 = VECTOR ( 'NONE', #3405, 1000.000000000000000 ) ;
#4076 = DIRECTION ( 'NONE',  ( -1.000000000000000000, -0.0000000000000000000, 2.289834988289389802E-16 ) ) ;
#4077 = LINE ( 'NONE', #5023, #5323 ) ;
#4078 = ORIENTED_EDGE ( 'NONE', *, *, #3132, .F. ) ;
#4079 = DIRECTION ( 'NONE',  ( 2.804146475863970139E-32, 1.000000000000000000, -1.065228634467009955E-16 ) ) ;
#4080 = CARTESIAN_POINT ( 'NONE',  ( -1.175000000000000044, 1.350000000000000089, 0.1099999999999989597 ) ) ;
#4081 = ORIENTED_EDGE ( 'NONE', *, *, #7094, .T. ) ;
#4082 = DIRECTION ( 'NONE',  ( -1.000000000000000000, 0.0000000000000000000, 2.289834988289389802E-16 ) ) ;
#4083 = EDGE_CURVE ( 'NONE', #2502, #7679, #973, .T. ) ;
#4084 = EDGE_CURVE ( 'NONE', #2706, #7246, #2629, .T. ) ;
#4085 = VECTOR ( 'NONE', #5701, 1000.000000000000000 ) ;
#4086 =( GEOMETRIC_REPRESENTATION_CONTEXT ( 3 ) GLOBAL_UNCERTAINTY_ASSIGNED_CONTEXT ( ( #247 ) ) GLOBAL_UNIT_ASSIGNED_CONTEXT ( ( #7154, #3476, #7755 ) ) REPRESENTATION_CONTEXT ( 'NONE', 'WORKASPACE' ) );
#4087 = SURFACE_STYLE_FILL_AREA ( #5894 ) ;
#4088 = CARTESIAN_POINT ( 'NONE',  ( 0.6625000000000019762, 0.9199999999999990408, 0.07999999999999900246 ) ) ;
#4089 =( NAMED_UNIT ( * ) SI_UNIT ( $, .STERADIAN. ) SOLID_ANGLE_UNIT ( ) );
#4090 = ADVANCED_FACE ( 'NONE', ( #4263 ), #6323, .T. ) ;
#4091 = UNCERTAINTY_MEASURE_WITH_UNIT (LENGTH_MEASURE( 1.000000000000000082E-05 ), #7699, 'distance_accuracy_value', 'NONE');
#4092 = EDGE_LOOP ( 'NONE', ( #3991, #4887, #4568, #3065, #7048, #5165, #5360, #1351, #1811, #7542, #1375, #2573, #1877, #3625, #3108, #1100, #4276, #1920 ) ) ;
#4093 = VERTEX_POINT ( 'NONE', #1986 ) ;
#4094 = VECTOR ( 'NONE', #4116, 1000.000000000000000 ) ;
#4095 = MECHANICAL_DESIGN_GEOMETRIC_PRESENTATION_REPRESENTATION (  '', ( #2426 ), #4482 ) ;
#4096 = EDGE_CURVE ( 'NONE', #4252, #2643, #776, .T. ) ;
#4097 = CARTESIAN_POINT ( 'NONE',  ( -2.765000000000000124, -1.100000000000000089, 0.4600000000000000200 ) ) ;
#4098 = ORIENTED_EDGE ( 'NONE', *, *, #5393, .T. ) ;
#4099 = DIRECTION ( 'NONE',  ( -1.000000000000000000, 0.0000000000000000000, -0.0000000000000000000 ) ) ;
#4100 = ORIENTED_EDGE ( 'NONE', *, *, #6290, .T. ) ;
#4101 = DIRECTION ( 'NONE',  ( -5.326143172335038067E-17, 1.000000000000000000, -5.326143172335105860E-17 ) ) ;
#4102 = VECTOR ( 'NONE', #255, 1000.000000000000000 ) ;
#4103 = PRODUCT_CONTEXT ( 'NONE', #981, 'mechanical' ) ;
#4104 = ORIENTED_EDGE ( 'NONE', *, *, #2267, .T. ) ;
#4105 = EDGE_LOOP ( 'NONE', ( #3955, #1981, #400, #2811 ) ) ;
#4106 = SURFACE_STYLE_USAGE ( .BOTH. , #7787 ) ;
#4107 = PRESENTATION_LAYER_ASSIGNMENT (  '', '', ( #3306 ) ) ;
#4108 = FILL_AREA_STYLE ('',( #2888 ) ) ;
#4109 = EDGE_CURVE ( 'NONE', #478, #7483, #5707, .T. ) ;
#4110 = FACE_OUTER_BOUND ( 'NONE', #4560, .T. ) ;
#4111 = LINE ( 'NONE', #6747, #7193 ) ;
#4112 = DIRECTION ( 'NONE',  ( 0.0000000000000000000, 0.7071067811865432429, 0.7071067811865517916 ) ) ;
#4113 = DIRECTION ( 'NONE',  ( 0.0000000000000000000, 0.0000000000000000000, -1.000000000000000000 ) ) ;
#4114 = ORIENTED_EDGE ( 'NONE', *, *, #7094, .F. ) ;
#4115 = ORIENTED_EDGE ( 'NONE', *, *, #2378, .F. ) ;
#4116 = DIRECTION ( 'NONE',  ( -5.243344273594270410E-32, 1.000000000000000000, -2.289834988289389802E-16 ) ) ;
#4117 = LINE ( 'NONE', #5876, #2464 ) ;
#4118 = CARTESIAN_POINT ( 'NONE',  ( -2.615000000000000213, -1.000000000000000000, 0.5100000000000000089 ) ) ;
#4119 = ORIENTED_EDGE ( 'NONE', *, *, #5502, .F. ) ;
#4120 = DIRECTION ( 'NONE',  ( 1.000000000000000000, 1.368972691285004410E-17, -2.281621152141676082E-16 ) ) ;
#4121 = AXIS2_PLACEMENT_3D ( 'NONE', #7447, #3788, #30 ) ;
#4122 = ORIENTED_EDGE ( 'NONE', *, *, #7040, .F. ) ;
#4123 = EDGE_LOOP ( 'NONE', ( #6548, #4559, #3056, #3776, #1991, #3735 ) ) ;
#4124 = AXIS2_PLACEMENT_3D ( 'NONE', #667, #1777, #2981 ) ;
#4125 = ORIENTED_EDGE ( 'NONE', *, *, #5937, .T. ) ;
#4126 = VECTOR ( 'NONE', #6836, 1000.000000000000000 ) ;
#4127 = ADVANCED_FACE ( 'NONE', ( #2247 ), #5337, .T. ) ;
#4128 = FILL_AREA_STYLE_COLOUR ( '', #2600 ) ;
#4129 = DIRECTION ( 'NONE',  ( -0.0000000000000000000, -1.065228634467009955E-16, -1.000000000000000000 ) ) ;
#4130 = VECTOR ( 'NONE', #5824, 1000.000000000000000 ) ;
#4131 = VERTEX_POINT ( 'NONE', #2665 ) ;
#4132 = CARTESIAN_POINT ( 'NONE',  ( 0.3250000000000019540, 1.249999999999990008, -1.002887009549091601E-15 ) ) ;
#4133 = DIRECTION ( 'NONE',  ( 0.0000000000000000000, 1.065228634467009955E-16, 1.000000000000000000 ) ) ;
#4134 = VERTEX_POINT ( 'NONE', #6987 ) ;
#4135 = LINE ( 'NONE', #5645, #633 ) ;
#4136 = AXIS2_PLACEMENT_3D ( 'NONE', #6483, #7711, #4039 ) ;
#4137 = CARTESIAN_POINT ( 'NONE',  ( -0.3249999999999980127, 1.299999999999990274, 0.04999999999999984318 ) ) ;
#4138 = PRESENTATION_STYLE_ASSIGNMENT (( #5719 ) ) ;
#4139 = VECTOR ( 'NONE', #1186, 1000.000000000000114 ) ;
#4140 = DIRECTION ( 'NONE',  ( 0.0000000000000000000, 1.000000000000000000, -2.289834988289389802E-16 ) ) ;
#4141 = CARTESIAN_POINT ( 'NONE',  ( 2.765000000000000124, -1.147779969318960092, 0.01787644580804173891 ) ) ;
#4142 = VERTEX_POINT ( 'NONE', #3319 ) ;
#4143 = CARTESIAN_POINT ( 'NONE',  ( -2.765000000000000124, -1.824999999999989964, 0.3700000000000010503 ) ) ;
#4144 = LINE ( 'NONE', #5439, #1037 ) ;
#4145 = LINE ( 'NONE', #3239, #2492 ) ;
#4146 = EDGE_CURVE ( 'NONE', #6096, #2779, #584, .T. ) ;
#4147 = EDGE_CURVE ( 'NONE', #4768, #329, #7171, .T. ) ;
#4148 =( BOUNDED_CURVE ( )  B_SPLINE_CURVE ( 3, ( #4265, #1156, #4878, #1185 ),
 .UNSPECIFIED., .F., .F. ) 
 B_SPLINE_CURVE_WITH_KNOTS ( ( 4, 4 ),
 ( 1.570796326794897668, 3.141592653589793116 ),
 .UNSPECIFIED. ) 
 CURVE ( )  GEOMETRIC_REPRESENTATION_ITEM ( )  RATIONAL_B_SPLINE_CURVE ( ( 1.000000000000000000, 0.8047378541243652705, 0.8047378541243652705, 1.000000000000000000 ) ) 
 REPRESENTATION_ITEM ( '' )  );
#4149 = DIRECTION ( 'NONE',  ( 0.0000000000000000000, 0.0000000000000000000, -1.000000000000000000 ) ) ;
#4150 = ORIENTED_EDGE ( 'NONE', *, *, #2378, .T. ) ;
#4151 = LINE ( 'NONE', #2441, #838 ) ;
#4152 = SURFACE_STYLE_FILL_AREA ( #4472 ) ;
#4154 =( GEOMETRIC_REPRESENTATION_CONTEXT ( 3 ) GLOBAL_UNCERTAINTY_ASSIGNED_CONTEXT ( ( #6506 ) ) GLOBAL_UNIT_ASSIGNED_CONTEXT ( ( #2070, #6390, #2704 ) ) REPRESENTATION_CONTEXT ( 'NONE', 'WORKASPACE' ) );
#4153 = CARTESIAN_POINT ( 'NONE',  ( 0.1750000000000020151, 1.299999999999990274, 0.1705002310154649925 ) ) ;
#4155 = ORIENTED_EDGE ( 'NONE', *, *, #4045, .T. ) ;
#4156 = EDGE_CURVE ( 'NONE', #6922, #590, #6983, .T. ) ;
#4157 = CIRCLE ( 'NONE', #636, 0.04999999999999980849 ) ;
#4158 = EDGE_CURVE ( 'NONE', #5834, #4666, #3714, .T. ) ;
#4159 = LINE ( 'NONE', #4518, #4335 ) ;
#4160 = DIRECTION ( 'NONE',  ( -2.439197797730288502E-32, 1.000000000000000000, -1.065228634467009955E-16 ) ) ;
#4161 = CARTESIAN_POINT ( 'NONE',  ( -2.899999999999999467, 0.9999999999999988898, 0.3099999999999979994 ) ) ;
#4162 = CARTESIAN_POINT ( 'NONE',  ( 1.899999999999999689, 0.9199999999999990408, 0.07999999999999823919 ) ) ;
#4163 = ORIENTED_EDGE ( 'NONE', *, *, #3566, .F. ) ;
#4164 = FACE_OUTER_BOUND ( 'NONE', #1181, .T. ) ;
#4165 = CARTESIAN_POINT ( 'NONE',  ( -2.265000000000000124, -0.6000000000000009770, 0.3299999999999990163 ) ) ;
#4166 = DIRECTION ( 'NONE',  ( 0.0000000000000000000, 2.289834988289389802E-16, 1.000000000000000000 ) ) ;
#4167 = ADVANCED_FACE ( 'NONE', ( #5132 ), #7614, .T. ) ;
#4168 = PLANE ( 'NONE',  #2291 ) ;
#4169 = VERTEX_POINT ( 'NONE', #3344 ) ;
#4170 = AXIS2_PLACEMENT_3D ( 'NONE', #6644, #5401, #3592 ) ;
#4171 = COLOUR_RGB ( '',0.3176470588235293935, 0.2470588235294117752, 0.2078431372549019440 ) ;
#4172 = VECTOR ( 'NONE', #4844, 1000.000000000000000 ) ;
#4173 = SURFACE_STYLE_USAGE ( .BOTH. , #7855 ) ;
#4174 = ORIENTED_EDGE ( 'NONE', *, *, #2363, .F. ) ;
#4175 = CARTESIAN_POINT ( 'NONE',  ( -2.770000000000000018, 1.899999999999999911, 0.5999999999999989786 ) ) ;
#4176 = PRESENTATION_STYLE_ASSIGNMENT (( #3585 ) ) ;
#4177 = STYLED_ITEM ( 'NONE', ( #4138 ), #6878 ) ;
#4178 = DIRECTION ( 'NONE',  ( -1.000000000000000000, 5.243344273594249610E-32, 2.289834988289389802E-16 ) ) ;
#4179 = DIRECTION ( 'NONE',  ( 1.000000000000000000, 0.0000000000000000000, -2.289834988289389802E-16 ) ) ;
#4180 = ORIENTED_EDGE ( 'NONE', *, *, #7526, .T. ) ;
#4181 = LINE ( 'NONE', #2385, #2532 ) ;
#4182 = DIRECTION ( 'NONE',  ( -1.000000000000000000, 2.804146475863970139E-32, -2.987057121330055487E-48 ) ) ;
#4183 = EDGE_CURVE ( 'NONE', #6371, #5268, #179, .T. ) ;
#4184 = EDGE_CURVE ( 'NONE', #407, #3422, #1859, .T. ) ;
#4185 = ORIENTED_EDGE ( 'NONE', *, *, #5489, .T. ) ;
#4186 = ORIENTED_EDGE ( 'NONE', *, *, #4850, .T. ) ;
#4187 = LINE ( 'NONE', #254, #5617 ) ;
#4188 = DIRECTION ( 'NONE',  ( 0.0000000000000000000, -1.000000000000000000, 2.289834988289389802E-16 ) ) ;
#4189 = ORIENTED_EDGE ( 'NONE', *, *, #2363, .T. ) ;
#4190 = ORIENTED_EDGE ( 'NONE', *, *, #3954, .T. ) ;
#4191 = AXIS2_PLACEMENT_3D ( 'NONE', #3548, #5995, #2306 ) ;
#4192 = EDGE_CURVE ( 'NONE', #3363, #5941, #6593, .T. ) ;
#4193 = CARTESIAN_POINT ( 'NONE',  ( 2.452499999999999680, -1.899999999999999911, 1.050000000000000044 ) ) ;
#4194 = FACE_OUTER_BOUND ( 'NONE', #6518, .T. ) ;
#4195 = EDGE_CURVE ( 'NONE', #623, #3926, #4927, .T. ) ;
#4196 = CARTESIAN_POINT ( 'NONE',  ( -1.675000000000000044, 1.299999999999999378, 0.1099999999999989458 ) ) ;
#4197 = ADVANCED_FACE ( 'NONE', ( #1479 ), #4552, .F. ) ;
#4198 = EDGE_LOOP ( 'NONE', ( #7275, #7351, #444, #6523, #4940, #4062 ) ) ;
#4199 = EDGE_LOOP ( 'NONE', ( #2383, #2072, #493, #4325 ) ) ;
#4200 = DIRECTION ( 'NONE',  ( -1.000000000000000000, 0.0000000000000000000, 2.289834988289389802E-16 ) ) ;
#4201 = CARTESIAN_POINT ( 'NONE',  ( -0.3249999999999980127, 0.9431866336109966387, 0.06541154699933846017 ) ) ;
#4202 = LINE ( 'NONE', #5953, #2770 ) ;
#4203 = EDGE_LOOP ( 'NONE', ( #7951, #3968, #3745, #7196 ) ) ;
#4204 = AXIS2_PLACEMENT_3D ( 'NONE', #1488, #1548, #1628 ) ;
#4205 = EDGE_LOOP ( 'NONE', ( #5884, #4678, #5530, #2530 ) ) ;
#4206 = CARTESIAN_POINT ( 'NONE',  ( -2.284999999999999698, -1.800000000000000488, 0.9199999999999995959 ) ) ;
#4207 = EDGE_LOOP ( 'NONE', ( #2175, #6252, #4866, #5612 ) ) ;
#4208 = DIRECTION ( 'NONE',  ( 0.0000000000000000000, 0.9990138064662085204, 0.04440061362072339479 ) ) ;
#4209 = ORIENTED_EDGE ( 'NONE', *, *, #2928, .F. ) ;
#4210 = DIRECTION ( 'NONE',  ( -1.000000000000000000, -0.0000000000000000000, -0.0000000000000000000 ) ) ;
#4211 = LINE ( 'NONE', #1665, #7298 ) ;
#4212 = EDGE_LOOP ( 'NONE', ( #3093, #2783, #4712, #3852, #7853, #7932 ) ) ;
#4213 = DIRECTION ( 'NONE',  ( -1.000000000000000000, 5.243344273594249610E-32, 0.0000000000000000000 ) ) ;
#4214 = ORIENTED_EDGE ( 'NONE', *, *, #2537, .F. ) ;
#4215 = VERTEX_POINT ( 'NONE', #7064 ) ;
#4216 = VERTEX_POINT ( 'NONE', #3395 ) ;
#4217 = LINE ( 'NONE', #2120, #6217 ) ;
#4218 = ORIENTED_EDGE ( 'NONE', *, *, #1402, .F. ) ;
#4219 = VECTOR ( 'NONE', #2379, 1000.000000000000000 ) ;
#4220 = AXIS2_PLACEMENT_3D ( 'NONE', #5551, #6802, #3134 ) ;
#4221 = DIRECTION ( 'NONE',  ( -5.326143172335046695E-17, -1.000000000000000000, 5.326143172335039299E-17 ) ) ;
#4222 = DIRECTION ( 'NONE',  ( 5.243344273594249610E-32, 1.000000000000000000, -1.200639317332289951E-47 ) ) ;
#4223 = PLANE ( 'NONE',  #1434 ) ;
#4224 = ORIENTED_EDGE ( 'NONE', *, *, #984, .F. ) ;
#4225 = DIRECTION ( 'NONE',  ( -1.000000000000000000, 5.243344273594249610E-32, 2.289834988289389802E-16 ) ) ;
#4226 = CARTESIAN_POINT ( 'NONE',  ( 2.799999999999999378, 0.8999999999999981348, 0.3099999999999979439 ) ) ;
#4227 = DIRECTION ( 'NONE',  ( 1.000000000000000000, 4.948562843061550213E-17, -2.177367650947074402E-16 ) ) ;
#4228 = VECTOR ( 'NONE', #5542, 1000.000000000000000 ) ;
#4229 = DIRECTION ( 'NONE',  ( 0.0000000000000000000, -1.000000000000000000, 2.289834988289389802E-16 ) ) ;
#4230 = EDGE_CURVE ( 'NONE', #3314, #6945, #6387, .T. ) ;
#4231 = EDGE_CURVE ( 'NONE', #5066, #6017, #1674, .T. ) ;
#4232 = AXIS2_PLACEMENT_3D ( 'NONE', #5709, #2028, #6332 ) ;
#4233 = ORIENTED_EDGE ( 'NONE', *, *, #6255, .T. ) ;
#4234 = FACE_OUTER_BOUND ( 'NONE', #483, .T. ) ;
#4235 = CARTESIAN_POINT ( 'NONE',  ( -1.175000000000000044, 1.299999999999994715, 0.1099999999999989597 ) ) ;
#4236 = SURFACE_SIDE_STYLE ('',( #3400 ) ) ;
#4237 = VECTOR ( 'NONE', #4865, 1000.000000000000000 ) ;
#4238 = DIRECTION ( 'NONE',  ( 0.0000000000000000000, -4.336808689941645394E-15, 1.000000000000000000 ) ) ;
#4239 = ADVANCED_FACE ( 'NONE', ( #7833 ), #1543, .T. ) ;
#4240 = EDGE_LOOP ( 'NONE', ( #7119, #5167, #4285, #1306 ) ) ;
#4241 = SURFACE_STYLE_FILL_AREA ( #401 ) ;
#4242 = DIRECTION ( 'NONE',  ( -2.289834988289389802E-16, 0.0000000000000000000, -1.000000000000000000 ) ) ;
#4243 = EDGE_CURVE ( 'NONE', #7073, #4980, #7636, .T. ) ;
#4244 = COLOUR_RGB ( '',0.3176470588235293935, 0.2470588235294117752, 0.2078431372549019440 ) ;
#4245 = CIRCLE ( 'NONE', #2868, 0.05000000000000070360 ) ;
#4246 = ORIENTED_EDGE ( 'NONE', *, *, #7948, .T. ) ;
#4247 = COLOUR_RGB ( '',0.3176470588235293935, 0.2470588235294117752, 0.2078431372549019440 ) ;
#4248 =( NAMED_UNIT ( * ) PLANE_ANGLE_UNIT ( ) SI_UNIT ( $, .RADIAN. ) );
#4249 = CARTESIAN_POINT ( 'NONE',  ( -0.1749999999999979905, 0.9999999999999988898, 0.07866077735406419580 ) ) ;
#4250 = LINE ( 'NONE', #4979, #7336 ) ;
#4251 = MECHANICAL_DESIGN_GEOMETRIC_PRESENTATION_REPRESENTATION (  '', ( #3044 ), #4645 ) ;
#4252 = VERTEX_POINT ( 'NONE', #7088 ) ;
#4253 = LINE ( 'NONE', #243, #963 ) ;
#4254 = CARTESIAN_POINT ( 'NONE',  ( 0.3250000000000020095, 0.9199999999999870504, 0.1705002310154649925 ) ) ;
#4255 = EDGE_CURVE ( 'NONE', #5273, #3055, #4353, .T. ) ;
#4256 = CIRCLE ( 'NONE', #89, 0.02999999999999989828 ) ;
#4257 = ADVANCED_FACE ( 'NONE', ( #2948 ), #284, .T. ) ;
#4258 = CARTESIAN_POINT ( 'NONE',  ( -1.449999999999999734, 0.9999999999999991118, 0.03000000000000044992 ) ) ;
#4259 = DIRECTION ( 'NONE',  ( -2.289834988289389802E-16, 0.0000000000000000000, -1.000000000000000000 ) ) ;
#4260 = MECHANICAL_DESIGN_GEOMETRIC_PRESENTATION_REPRESENTATION (  '', ( #3062 ), #4659 ) ;
#4261 = PLANE ( 'NONE',  #2837 ) ;
#4262 = VERTEX_POINT ( 'NONE', #921 ) ;
#4263 = FACE_OUTER_BOUND ( 'NONE', #3649, .T. ) ;
#4264 = VECTOR ( 'NONE', #2179, 1000.000000000000000 ) ;
#4265 = CARTESIAN_POINT ( 'NONE',  ( -2.770000000000000018, 0.4600000000000005196, 0.8900000000000003464 ) ) ;
#4266 = DIRECTION ( 'NONE',  ( 0.7071067811865414665, 0.7071067811865536790, 0.0000000000000000000 ) ) ;
#4267 = ORIENTED_EDGE ( 'NONE', *, *, #1085, .T. ) ;
#4268 = ORIENTED_EDGE ( 'NONE', *, *, #1507, .F. ) ;
#4269 = ADVANCED_FACE ( 'NONE', ( #5997 ), #5245, .T. ) ;
#4270 = PLANE ( 'NONE',  #2045 ) ;
#4271 = DIRECTION ( 'NONE',  ( 0.0000000000000000000, 0.0000000000000000000, 1.000000000000000000 ) ) ;
#4272 = VECTOR ( 'NONE', #7184, 1000.000000000000000 ) ;
#4273 = CARTESIAN_POINT ( 'NONE',  ( -42.17662438884190124, 0.9999999999999988898, 1.000000000000009326 ) ) ;
#4274 = UNCERTAINTY_MEASURE_WITH_UNIT (LENGTH_MEASURE( 1.000000000000000082E-05 ), #676, 'distance_accuracy_value', 'NONE');
#4275 = VERTEX_POINT ( 'NONE', #2817 ) ;
#4276 = ORIENTED_EDGE ( 'NONE', *, *, #4758, .F. ) ;
#4277 = LINE ( 'NONE', #5604, #2648 ) ;
#4278 = CARTESIAN_POINT ( 'NONE',  ( 1.824999999999999956, 0.9999999999999988898, 0.07999999999999830858 ) ) ;
#4279 = EDGE_CURVE ( 'NONE', #5593, #3103, #2137, .T. ) ;
#4280 = EDGE_CURVE ( 'NONE', #3080, #4427, #6863, .T. ) ;
#4281 = PRESENTATION_STYLE_ASSIGNMENT (( #5866 ) ) ;
#4282 = CARTESIAN_POINT ( 'NONE',  ( -2.765000000000000124, -1.649999999999999911, 0.1200000000000000094 ) ) ;
#4283 = CARTESIAN_POINT ( 'NONE',  ( 2.765000000000000124, -1.899999999999999911, 0.3978428499183350175 ) ) ;
#4284 = ORIENTED_EDGE ( 'NONE', *, *, #7851, .T. ) ;
#4285 = ORIENTED_EDGE ( 'NONE', *, *, #5046, .F. ) ;
#4286 = DIRECTION ( 'NONE',  ( 0.0000000000000000000, 1.065228634467009955E-16, 1.000000000000000000 ) ) ;
#4287 = CARTESIAN_POINT ( 'NONE',  ( 0.6750000000000011546, 1.349999999999999867, 0.3099999999999985545 ) ) ;
#4288 = VECTOR ( 'NONE', #6805, 1000.000000000000000 ) ;
#4289 = ADVANCED_FACE ( 'NONE', ( #3619 ), #5410, .T. ) ;
#4290 = VECTOR ( 'NONE', #6082, 1000.000000000000000 ) ;
#4291 = CARTESIAN_POINT ( 'NONE',  ( 2.770000000000000018, 0.9999999999999988898, 0.3099999999999978884 ) ) ;
#4292 = CARTESIAN_POINT ( 'NONE',  ( -2.502499999999999947, -0.8000000000000014877, 0.1799999999999999378 ) ) ;
#4293 = ORIENTED_EDGE ( 'NONE', *, *, #1910, .F. ) ;
#4294 = ADVANCED_FACE ( 'NONE', ( #1942 ), #3600, .T. ) ;
#4295 = ORIENTED_EDGE ( 'NONE', *, *, #3832, .F. ) ;
#4296 = AXIS2_PLACEMENT_3D ( 'NONE', #5186, #7659, #3982 ) ;
#4297 = EDGE_CURVE ( 'NONE', #5505, #2073, #479, .T. ) ;
#4298 = DIRECTION ( 'NONE',  ( 1.000000000000000000, -5.243344273594249610E-32, -0.0000000000000000000 ) ) ;
#4299 = FILL_AREA_STYLE ('',( #2437 ) ) ;
#4300 = EDGE_CURVE ( 'NONE', #3827, #7246, #5026, .T. ) ;
#4301 = LINE ( 'NONE', #5852, #1009 ) ;
#4302 =( NAMED_UNIT ( * ) PLANE_ANGLE_UNIT ( ) SI_UNIT ( $, .RADIAN. ) );
#4303 = VERTEX_POINT ( 'NONE', #7260 ) ;
#4304 = ORIENTED_EDGE ( 'NONE', *, *, #979, .T. ) ;
#4305 = VERTEX_POINT ( 'NONE', #2346 ) ;
#4306 = VERTEX_POINT ( 'NONE', #3624 ) ;
#4307 = LINE ( 'NONE', #1896, #7392 ) ;
#4308 = CARTESIAN_POINT ( 'NONE',  ( -3.000000000000000000, -1.000000000000000000, 0.8416139999999999732 ) ) ;
#4309 = LINE ( 'NONE', #2110, #2677 ) ;
#4310 = ORIENTED_EDGE ( 'NONE', *, *, #6374, .T. ) ;
#4311 = AXIS2_PLACEMENT_3D ( 'NONE', #932, #5259, #1578 ) ;
#4312 = ORIENTED_EDGE ( 'NONE', *, *, #4997, .T. ) ;
#4313 = LINE ( 'NONE', #3210, #1026 ) ;
#4314 = ADVANCED_FACE ( 'NONE', ( #71 ), #7288, .T. ) ;
#4315 = VECTOR ( 'NONE', #3255, 1000.000000000000000 ) ;
#4316 = LINE ( 'NONE', #6738, #4139 ) ;
#4317 = ORIENTED_EDGE ( 'NONE', *, *, #2647, .T. ) ;
#4318 = PRESENTATION_STYLE_ASSIGNMENT (( #4703 ) ) ;
#4319 = DIRECTION ( 'NONE',  ( 0.0000000000000000000, 0.0000000000000000000, -1.000000000000000000 ) ) ;
#4320 = FACE_OUTER_BOUND ( 'NONE', #424, .T. ) ;
#4321 = DIRECTION ( 'NONE',  ( 2.439197797730288502E-32, -1.000000000000000000, 1.065228634467009955E-16 ) ) ;
#4322 = VECTOR ( 'NONE', #1622, 1000.000000000000000 ) ;
#4323 = SURFACE_SIDE_STYLE ('',( #1161 ) ) ;
#4324 = DIRECTION ( 'NONE',  ( 0.0000000000000000000, -1.000000000000000000, 2.289834988289389802E-16 ) ) ;
#4325 = ORIENTED_EDGE ( 'NONE', *, *, #3599, .F. ) ;
#4326 = VECTOR ( 'NONE', #3074, 1000.000000000000000 ) ;
#4327 = LINE ( 'NONE', #3841, #7417 ) ;
#4328 = EDGE_CURVE ( 'NONE', #5266, #241, #281, .T. ) ;
#4329 = EDGE_CURVE ( 'NONE', #2908, #7448, #6488, .T. ) ;
#4330 = ADVANCED_FACE ( 'NONE', ( #6281 ), #6700, .T. ) ;
#4331 = DIRECTION ( 'NONE',  ( 2.289834988289389802E-16, 2.289834988289389802E-16, 1.000000000000000000 ) ) ;
#4332 = ORIENTED_EDGE ( 'NONE', *, *, #8009, .T. ) ;
#4333 = CARTESIAN_POINT ( 'NONE',  ( -2.769999999999999574, 1.045602317761259892, 0.8400000000000099609 ) ) ;
#4334 = VECTOR ( 'NONE', #5640, 999.9999999999998863 ) ;
#4335 = VECTOR ( 'NONE', #7001, 1000.000000000000000 ) ;
#4336 = DIRECTION ( 'NONE',  ( -5.326143172335051625E-17, -1.000000000000000000, 5.326143172335119418E-17 ) ) ;
#4337 = ORIENTED_EDGE ( 'NONE', *, *, #292, .T. ) ;
#4338 = DIRECTION ( 'NONE',  ( -1.000000000000000000, 5.243344273594249610E-32, 2.289834988289389802E-16 ) ) ;
#4339 = EDGE_CURVE ( 'NONE', #6370, #2262, #3235, .T. ) ;
#4340 = LINE ( 'NONE', #3562, #1056 ) ;
#4341 = COLOUR_RGB ( '',0.3176470588235293935, 0.2470588235294117752, 0.2078431372549019440 ) ;
#4342 = EDGE_CURVE ( 'NONE', #1746, #4736, #4827, .T. ) ;
#4343 = FILL_AREA_STYLE ('',( #1268 ) ) ;
#4344 = DIRECTION ( 'NONE',  ( 0.0000000000000000000, 1.065228634467009955E-16, 1.000000000000000000 ) ) ;
#4345 = CARTESIAN_POINT ( 'NONE',  ( 0.04999999999999803213, 0.6999999999999992895, 0.02999999999999897540 ) ) ;
#4346 = LINE ( 'NONE', #3858, #7627 ) ;
#4347 = SURFACE_STYLE_USAGE ( .BOTH. , #4323 ) ;
#4348 = VECTOR ( 'NONE', #3541, 1000.000000000000000 ) ;
#4349 = DIRECTION ( 'NONE',  ( 2.289834988289389802E-16, -0.0000000000000000000, 1.000000000000000000 ) ) ;
#4350 = AXIS2_PLACEMENT_3D ( 'NONE', #881, #5878, #5936 ) ;
#4351 = EDGE_CURVE ( 'NONE', #5275, #1551, #4631, .T. ) ;
#4352 = EDGE_LOOP ( 'NONE', ( #3404, #3174, #4953, #7337, #1416, #7481, #2616, #6918, #6213, #4634, #5767 ) ) ;
#4353 = LINE ( 'NONE', #6465, #2734 ) ;
#4354 = LINE ( 'NONE', #461, #6000 ) ;
#4355 = CARTESIAN_POINT ( 'NONE',  ( -47.60249999999999915, 0.9999999999999988898, 0.03000000000000980008 ) ) ;
#4356 = EDGE_LOOP ( 'NONE', ( #3475, #1992, #171, #7776 ) ) ;
#4357 = VECTOR ( 'NONE', #2959, 1000.000000000000000 ) ;
#4358 =( GEOMETRIC_REPRESENTATION_CONTEXT ( 3 ) GLOBAL_UNCERTAINTY_ASSIGNED_CONTEXT ( ( #4052 ) ) GLOBAL_UNIT_ASSIGNED_CONTEXT ( ( #1013, #5346, #1662 ) ) REPRESENTATION_CONTEXT ( 'NONE', 'WORKASPACE' ) );
#4359 = AXIS2_PLACEMENT_3D ( 'NONE', #4073, #1983, #2840 ) ;
#4360 = CARTESIAN_POINT ( 'NONE',  ( 1.900000000000000577, 0.9999999999999988898, 0.07999999999999676814 ) ) ;
#4361 = EDGE_LOOP ( 'NONE', ( #5950, #3090, #4630, #3938 ) ) ;
#4362 = VERTEX_POINT ( 'NONE', #7338 ) ;
#4363 = ADVANCED_FACE ( 'NONE', ( #2838 ), #4261, .T. ) ;
#4364 = DIRECTION ( 'NONE',  ( -2.439197797730288502E-32, 1.000000000000000000, -1.065228634467009955E-16 ) ) ;
#4365 = DIRECTION ( 'NONE',  ( -2.289834988289389802E-16, 0.0000000000000000000, -1.000000000000000000 ) ) ;
#4366 = SURFACE_STYLE_USAGE ( .BOTH. , #26 ) ;
#4367 = UNCERTAINTY_MEASURE_WITH_UNIT (LENGTH_MEASURE( 1.000000000000000082E-05 ), #3490, 'distance_accuracy_value', 'NONE');
#4368 = AXIS2_PLACEMENT_3D ( 'NONE', #4922, #1236, #5554 ) ;
#4369 = ORIENTED_EDGE ( 'NONE', *, *, #970, .F. ) ;
#4370 = ORIENTED_EDGE ( 'NONE', *, *, #3131, .T. ) ;
#4371 = PLANE ( 'NONE',  #5762 ) ;
#4372 = LINE ( 'NONE', #1996, #5827 ) ;
#4373 = CARTESIAN_POINT ( 'NONE',  ( 0.6750000000000010436, 0.9999999999999988898, 0.07866077735406400151 ) ) ;
#4374 = VERTEX_POINT ( 'NONE', #4287 ) ;
#4375 = CARTESIAN_POINT ( 'NONE',  ( -1.750000000000000000, 1.649999999999999911, 0.4699999999999990297 ) ) ;
#4376 = ORIENTED_EDGE ( 'NONE', *, *, #6672, .T. ) ;
#4378 = PLANE ( 'NONE',  #6830 ) ;
#4377 = CARTESIAN_POINT ( 'NONE',  ( -2.770000000000000018, 1.045602317761259892, -0.7947080000000009692 ) ) ;
#4379 = EDGE_CURVE ( 'NONE', #106, #2568, #5518, .T. ) ;
#4380 = EDGE_CURVE ( 'NONE', #6517, #5738, #2238, .T. ) ;
#4381 = DIRECTION ( 'NONE',  ( 0.7071067811865414665, -0.7071067811865536790, 0.0000000000000000000 ) ) ;
#4382 = VECTOR ( 'NONE', #2240, 1000.000000000000000 ) ;
#4383 = EDGE_LOOP ( 'NONE', ( #7992, #1303, #6113, #3782, #6627, #417, #6080, #6540, #2633, #2519, #5653 ) ) ;
#4384 = VERTEX_POINT ( 'NONE', #3699 ) ;
#4385 = ORIENTED_EDGE ( 'NONE', *, *, #7822, .T. ) ;
#4386 = DIRECTION ( 'NONE',  ( 0.6263843656413468075, -0.6263843656413512484, -0.4639884189935881142 ) ) ;
#4387 = ORIENTED_EDGE ( 'NONE', *, *, #4587, .T. ) ;
#4388 = CARTESIAN_POINT ( 'NONE',  ( -2.265000000000000124, -1.780000000000000027, 0.5749999999999999556 ) ) ;
#4389 = CIRCLE ( 'NONE', #8017, 0.02999999999999989828 ) ;
#4390 = ORIENTED_EDGE ( 'NONE', *, *, #6728, .T. ) ;
#4391 = CARTESIAN_POINT ( 'NONE',  ( -1.175000000000000044, 0.9499999999999869660, 0.03619548911246126682 ) ) ;
#4392 = ORIENTED_EDGE ( 'NONE', *, *, #2417, .T. ) ;
#4393 = CARTESIAN_POINT ( 'NONE',  ( 0.4250000000000019873, 0.8499999999999989786, 0.05499999999999889699 ) ) ;
#4394 = EDGE_CURVE ( 'NONE', #6787, #4399, #6972, .T. ) ;
#4395 = DIRECTION ( 'NONE',  ( 0.0000000000000000000, -0.9738685962292471521, -0.2271122129663560307 ) ) ;
#4396 = VERTEX_POINT ( 'NONE', #3117 ) ;
#4397 = VERTEX_POINT ( 'NONE', #3722 ) ;
#4398 = VECTOR ( 'NONE', #7802, 1000.000000000000227 ) ;
#4399 = VERTEX_POINT ( 'NONE', #8014 ) ;
#4400 = FILL_AREA_STYLE ('',( #2416 ) ) ;
#4401 = ADVANCED_FACE ( 'NONE', ( #2042 ), #7388, .T. ) ;
#4402 = AXIS2_PLACEMENT_3D ( 'NONE', #6991, #3323, #7591 ) ;
#4404 = CARTESIAN_POINT ( 'NONE',  ( -1.324999999999999956, 1.350000000000000089, 0.1099999999999990014 ) ) ;
#4403 = CARTESIAN_POINT ( 'NONE',  ( 2.770000000000000462, 0.4600000000000003531, 0.8400000000000088507 ) ) ;
#4405 = MECHANICAL_DESIGN_GEOMETRIC_PRESENTATION_REPRESENTATION (  '', ( #2345 ), #4818 ) ;
#4406 = PRESENTATION_STYLE_ASSIGNMENT (( #4173 ) ) ;
#4407 = DIRECTION ( 'NONE',  ( 1.000000000000000000, 0.0000000000000000000, -2.289834988289389802E-16 ) ) ;
#4408 = ORIENTED_EDGE ( 'NONE', *, *, #7692, .T. ) ;
#4409 = VECTOR ( 'NONE', #1468, 1000.000000000000000 ) ;
#4410 = LINE ( 'NONE', #5506, #942 ) ;
#4411 = DIRECTION ( 'NONE',  ( 0.0000000000000000000, -0.9738685962292472631, -0.2271122129663562805 ) ) ;
#4412 = PRESENTATION_LAYER_ASSIGNMENT (  '', '', ( #688 ) ) ;
#4413 = ORIENTED_EDGE ( 'NONE', *, *, #1523, .T. ) ;
#4414 = FACE_OUTER_BOUND ( 'NONE', #3098, .T. ) ;
#4415 =( NAMED_UNIT ( * ) SI_UNIT ( $, .STERADIAN. ) SOLID_ANGLE_UNIT ( ) );
#4416 = DIRECTION ( 'NONE',  ( -1.000000000000000000, 1.099120794378905705E-16, 1.465494392505207935E-16 ) ) ;
#4417 = LINE ( 'NONE', #5697, #2816 ) ;
#4418 = CARTESIAN_POINT ( 'NONE',  ( 0.1000000000000015182, 0.9199999999999977085, 0.07999999999999911349 ) ) ;
#4419 = CARTESIAN_POINT ( 'NONE',  ( 2.265000000000000568, -0.6000000000000009770, 0.3299999999999981282 ) ) ;
#4420 = ORIENTED_EDGE ( 'NONE', *, *, #825, .F. ) ;
#4421 = FACE_OUTER_BOUND ( 'NONE', #3808, .T. ) ;
#4422 = FILL_AREA_STYLE_COLOUR ( '', #377 ) ;
#4423 = EDGE_CURVE ( 'NONE', #7294, #4305, #5329, .T. ) ;
#4424 = EDGE_CURVE ( 'NONE', #1165, #3231, #381, .T. ) ;
#4425 = LINE ( 'NONE', #6229, #2610 ) ;
#4426 = CARTESIAN_POINT ( 'NONE',  ( 2.765000000000000124, -1.799999999999990274, 0.4199999999999989853 ) ) ;
#4427 = VERTEX_POINT ( 'NONE', #7416 ) ;
#4428 = VECTOR ( 'NONE', #3351, 1000.000000000000000 ) ;
#4429 = VECTOR ( 'NONE', #3124, 999.9999999999998863 ) ;
#4430 = DIRECTION ( 'NONE',  ( 0.0000000000000000000, -2.289834988289389802E-16, -1.000000000000000000 ) ) ;
#4431 = EDGE_CURVE ( 'NONE', #4374, #5266, #1853, .T. ) ;
#4432 = COLOUR_RGB ( '',0.3176470588235293935, 0.2470588235294117752, 0.2078431372549019440 ) ;
#4433 = EDGE_CURVE ( 'NONE', #911, #6979, #5124, .T. ) ;
#4434 = CARTESIAN_POINT ( 'NONE',  ( 2.850000000000000089, 0.9499999999999990674, 0.3099999999999978884 ) ) ;
#4435 = LINE ( 'NONE', #7892, #2839 ) ;
#4436 = ADVANCED_FACE ( 'NONE', ( #3519 ), #6831, .T. ) ;
#4437 = CARTESIAN_POINT ( 'NONE',  ( -1.175000000000000044, 1.249999999999990008, -5.421010862427522170E-16 ) ) ;
#4438 = CARTESIAN_POINT ( 'NONE',  ( -0.6749999999999980460, 0.9199999999999870504, 0.1705002310154649925 ) ) ;
#4439 = DIRECTION ( 'NONE',  ( 0.2163711612039742882, 0.9520331092974103626, 0.2163711612039576904 ) ) ;
#4440 = ORIENTED_EDGE ( 'NONE', *, *, #1288, .F. ) ;
#4441 = LINE ( 'NONE', #3557, #5807 ) ;
#4442 =( GEOMETRIC_REPRESENTATION_CONTEXT ( 3 ) GLOBAL_UNCERTAINTY_ASSIGNED_CONTEXT ( ( #2649 ) ) GLOBAL_UNIT_ASSIGNED_CONTEXT ( ( #1405, #7517, #3889 ) ) REPRESENTATION_CONTEXT ( 'NONE', 'WORKASPACE' ) );
#4443 = VECTOR ( 'NONE', #2823, 1000.000000000000000 ) ;
#4444 = CARTESIAN_POINT ( 'NONE',  ( -1.674999999999999822, 0.9999999999999988898, 0.07999999999999939104 ) ) ;
#4445 = ORIENTED_EDGE ( 'NONE', *, *, #3436, .F. ) ;
#4446 = VERTEX_POINT ( 'NONE', #4360 ) ;
#4447 = CARTESIAN_POINT ( 'NONE',  ( -0.6749999999999980460, 0.9999999999999988898, 0.3099999999999979994 ) ) ;
#4448 = CIRCLE ( 'NONE', #2714, 0.02999999999999990175 ) ;
#4449 = PLANE ( 'NONE',  #4402 ) ;
#4450 =( LENGTH_UNIT ( ) NAMED_UNIT ( * ) SI_UNIT ( .MILLI., .METRE. ) );
#4451 = CARTESIAN_POINT ( 'NONE',  ( 1.675000000000000044, 1.245779075397750235, -1.436567878543293375E-15 ) ) ;
#4452 = ORIENTED_EDGE ( 'NONE', *, *, #2750, .F. ) ;
#4453 = ORIENTED_EDGE ( 'NONE', *, *, #609, .F. ) ;
#4454 = AXIS2_PLACEMENT_3D ( 'NONE', #950, #1593, #5890 ) ;
#4455 = CARTESIAN_POINT ( 'NONE',  ( -0.3249999999999980127, 1.249999999999988232, 5.759824041329245264E-16 ) ) ;
#4456 = VECTOR ( 'NONE', #5043, 1000.000000000000000 ) ;
#4457 = CIRCLE ( 'NONE', #334, 0.05000000000000002359 ) ;
#4458 = CARTESIAN_POINT ( 'NONE',  ( 0.8250000000000019540, 0.9199999999999870504, 0.1705002310154649925 ) ) ;
#4459 = SURFACE_SIDE_STYLE ('',( #5228 ) ) ;
#4460 = DIRECTION ( 'NONE',  ( -1.000000000000000000, -0.0000000000000000000, 2.289834988289389802E-16 ) ) ;
#4461 = ORIENTED_EDGE ( 'NONE', *, *, #715, .F. ) ;
#4462 = ORIENTED_EDGE ( 'NONE', *, *, #715, .T. ) ;
#4463 = SURFACE_SIDE_STYLE ('',( #1519 ) ) ;
#4464 = FILL_AREA_STYLE_COLOUR ( '', #5761 ) ;
#4465 = EDGE_CURVE ( 'NONE', #6904, #3534, #3330, .T. ) ;
#4466 = EDGE_CURVE ( 'NONE', #5844, #7418, #6584, .T. ) ;
#4467 = LINE ( 'NONE', #6151, #7565 ) ;
#4468 = AXIS2_PLACEMENT_3D ( 'NONE', #3443, #7727, #4060 ) ;
#4469 = LINE ( 'NONE', #1784, #4290 ) ;
#4470 = ORIENTED_EDGE ( 'NONE', *, *, #1921, .F. ) ;
#4471 = EDGE_LOOP ( 'NONE', ( #120, #4267, #7044, #920 ) ) ;
#4472 = FILL_AREA_STYLE ('',( #4531 ) ) ;
#4473 = DIRECTION ( 'NONE',  ( 2.439197797730288502E-32, -1.000000000000000000, 1.065228634467009955E-16 ) ) ;
#4474 = LINE ( 'NONE', #6454, #1204 ) ;
#4475 = ADVANCED_FACE ( 'NONE', ( #8020 ), #6227, .F. ) ;
#4476 = PLANE ( 'NONE',  #2000 ) ;
#4477 = PRESENTATION_STYLE_ASSIGNMENT (( #3977 ) ) ;
#4478 = ORIENTED_EDGE ( 'NONE', *, *, #4379, .F. ) ;
#4479 = ORIENTED_EDGE ( 'NONE', *, *, #4633, .T. ) ;
#4480 = ORIENTED_EDGE ( 'NONE', *, *, #3611, .T. ) ;
#4482 =( GEOMETRIC_REPRESENTATION_CONTEXT ( 3 ) GLOBAL_UNCERTAINTY_ASSIGNED_CONTEXT ( ( #2871 ) ) GLOBAL_UNIT_ASSIGNED_CONTEXT ( ( #5901, #2217, #6538 ) ) REPRESENTATION_CONTEXT ( 'NONE', 'WORKASPACE' ) );
#4481 = DIRECTION ( 'NONE',  ( 5.243344273594249610E-32, 1.000000000000000000, -1.200639317332292868E-47 ) ) ;
#4483 = EDGE_CURVE ( 'NONE', #6741, #7276, #1670, .T. ) ;
#4484 = ORIENTED_EDGE ( 'NONE', *, *, #3390, .F. ) ;
#4485 = DIRECTION ( 'NONE',  ( -1.000000000000000000, 5.243344273594249610E-32, 2.289834988289389802E-16 ) ) ;
#4486 = CYLINDRICAL_SURFACE ( 'NONE', #6503, 0.05000000000000070360 ) ;
#4487 = LINE ( 'NONE', #5776, #6147 ) ;
#4488 = ORIENTED_EDGE ( 'NONE', *, *, #3532, .F. ) ;
#4489 = DIRECTION ( 'NONE',  ( 1.000000000000000000, -0.0000000000000000000, -2.289834988289389802E-16 ) ) ;
#4490 = DIRECTION ( 'NONE',  ( 0.0000000000000000000, 0.0000000000000000000, -1.000000000000000000 ) ) ;
#4491 = ORIENTED_EDGE ( 'NONE', *, *, #6993, .F. ) ;
#4492 = VECTOR ( 'NONE', #3769, 1000.000000000000000 ) ;
#4493 = MECHANICAL_DESIGN_GEOMETRIC_PRESENTATION_REPRESENTATION (  '', ( #3306 ), #4914 ) ;
#4494 = CIRCLE ( 'NONE', #3375, 0.05000000000000070360 ) ;
#4495 = CARTESIAN_POINT ( 'NONE',  ( -0.6749999999999980460, 0.9199999999999868283, -5.697063191571295495E-16 ) ) ;
#4496 = DIRECTION ( 'NONE',  ( 0.0000000000000000000, 0.9751328557914595851, 0.2216211035889688874 ) ) ;
#4497 = EDGE_CURVE ( 'NONE', #7493, #39, #1469, .T. ) ;
#4498 = CARTESIAN_POINT ( 'NONE',  ( -1.824999999999999512, 1.299999999999990496, 0.05000000000000041911 ) ) ;
#4499 = ORIENTED_EDGE ( 'NONE', *, *, #18, .T. ) ;
#4500 = COLOUR_RGB ( '',0.3176470588235293935, 0.2470588235294117752, 0.2078431372549019440 ) ;
#4501 = DIRECTION ( 'NONE',  ( -2.232893331421829163E-16, 0.2216211035889688874, -0.9751328557914595851 ) ) ;
#4502 = LINE ( 'NONE', #1675, #1231 ) ;
#4503 = VECTOR ( 'NONE', #680, 1000.000000000000000 ) ;
#4504 = CARTESIAN_POINT ( 'NONE',  ( 3.825000000000000178, 0.9999999999999988898, 0.07999999999999901634 ) ) ;
#4505 = DIRECTION ( 'NONE',  ( -2.439197797730288502E-32, 1.000000000000000000, -1.065228634467009955E-16 ) ) ;
#4506 = CARTESIAN_POINT ( 'NONE',  ( 0.6750000000000010436, 0.9199999999999860512, 0.03619548911246080192 ) ) ;
#4507 = ORIENTED_EDGE ( 'NONE', *, *, #4732, .T. ) ;
#4508 = LINE ( 'NONE', #4831, #2918 ) ;
#4509 = AXIS2_PLACEMENT_3D ( 'NONE', #4937, #7401, #6192 ) ;
#4510 = CARTESIAN_POINT ( 'NONE',  ( 1.175000000000000044, 0.9199999999999866063, 0.03619548911246060763 ) ) ;
#4511 = LINE ( 'NONE', #5726, #4704 ) ;
#4512 = CARTESIAN_POINT ( 'NONE',  ( -2.527499999999999858, -1.824999999999999956, 0.6149999999999999911 ) ) ;
#4513 = CARTESIAN_POINT ( 'NONE',  ( -2.615000000000000657, -1.599999999999999645, 0.05000000000000078687 ) ) ;
#4514 = EDGE_LOOP ( 'NONE', ( #6915, #7535, #5000, #533, #4369, #4920, #6717, #5531, #3206, #7773, #3161, #564, #6911, #2360, #6876, #6045, #502, #6175, #7574, #2082, #1074, #5728, #5294, #6981, #5655, #3369, #1400, #92, #2275, #6432, #844, #5037, #6289, #5739, #6174, #738 ) ) ;
#4515 = CARTESIAN_POINT ( 'NONE',  ( -2.765000000000000124, -1.824999999999989964, 0.3700000000000010503 ) ) ;
#4516 = VECTOR ( 'NONE', #3973, 1000.000000000000000 ) ;
#4517 = CARTESIAN_POINT ( 'NONE',  ( -2.899999999999999911, 0.9999999999999988898, 0.3099999999999999423 ) ) ;
#4518 = CARTESIAN_POINT ( 'NONE',  ( 2.765000000000000124, -1.050000000000000044, 0.5099999999999980105 ) ) ;
#4519 = STYLED_ITEM ( 'NONE', ( #7201 ), #7439 ) ;
#4520 = DIRECTION ( 'NONE',  ( -1.000000000000000000, 5.243344273594249610E-32, 2.289834988289389802E-16 ) ) ;
#4521 = CARTESIAN_POINT ( 'NONE',  ( 1.662500000000000089, 0.9999999999999988898, 0.07999999999999829470 ) ) ;
#4522 = DIRECTION ( 'NONE',  ( 0.0000000000000000000, 0.0000000000000000000, 1.000000000000000000 ) ) ;
#4523 = ORIENTED_EDGE ( 'NONE', *, *, #2632, .T. ) ;
#4524 = LINE ( 'NONE', #7817, #7618 ) ;
#4525 = CARTESIAN_POINT ( 'NONE',  ( -0.6749999999999980460, 0.9499999999999869660, 0.03619548911246116968 ) ) ;
#4526 = VECTOR ( 'NONE', #2766, 1000.000000000000114 ) ;
#4527 = VERTEX_POINT ( 'NONE', #5624 ) ;
#4528 = EDGE_CURVE ( 'NONE', #5969, #2151, #2939, .T. ) ;
#4529 = EDGE_CURVE ( 'NONE', #7639, #3257, #3136, .T. ) ;
#4530 = VECTOR ( 'NONE', #1940, 1000.000000000000000 ) ;
#4531 = FILL_AREA_STYLE_COLOUR ( '', #2703 ) ;
#4532 = DIRECTION ( 'NONE',  ( -0.7071067811865520136, 0.0000000000000000000, -0.7071067811865431318 ) ) ;
#4533 = LINE ( 'NONE', #3059, #4348 ) ;
#4534 = CARTESIAN_POINT ( 'NONE',  ( -1.824999999999999956, 3.624702236056390081, -0.8336977386159070136 ) ) ;
#4535 = CARTESIAN_POINT ( 'NONE',  ( 0.1750000000000020151, 1.350000000000000089, 0.1599999999999993650 ) ) ;
#4536 = ORIENTED_EDGE ( 'NONE', *, *, #593, .F. ) ;
#4537 = PLANE ( 'NONE',  #6694 ) ;
#4538 = VECTOR ( 'NONE', #887, 1000.000000000000000 ) ;
#4539 = FILL_AREA_STYLE ('',( #5174 ) ) ;
#4540 = DIRECTION ( 'NONE',  ( 0.0000000000000000000, 0.0000000000000000000, -1.000000000000000000 ) ) ;
#4541 = EDGE_CURVE ( 'NONE', #2607, #2333, #7827, .T. ) ;
#4542 = CARTESIAN_POINT ( 'NONE',  ( 2.602500000000000036, -1.000000000000000000, 0.3299999999999979616 ) ) ;
#4543 = EDGE_CURVE ( 'NONE', #5681, #6773, #5991, .T. ) ;
#4544 = ORIENTED_EDGE ( 'NONE', *, *, #7851, .F. ) ;
#4545 =( NAMED_UNIT ( * ) SI_UNIT ( $, .STERADIAN. ) SOLID_ANGLE_UNIT ( ) );
#4546 = VERTEX_POINT ( 'NONE', #1966 ) ;
#4547 = FACE_OUTER_BOUND ( 'NONE', #2192, .T. ) ;
#4548 = CARTESIAN_POINT ( 'NONE',  ( 1.175000000000000044, 0.9431866336109969717, 0.06541154699933800221 ) ) ;
#4549 = ORIENTED_EDGE ( 'NONE', *, *, #4433, .F. ) ;
#4550 = ORIENTED_EDGE ( 'NONE', *, *, #3551, .F. ) ;
#4551 = UNCERTAINTY_MEASURE_WITH_UNIT (LENGTH_MEASURE( 1.000000000000000082E-05 ), #5988, 'distance_accuracy_value', 'NONE');
#4552 = PLANE ( 'NONE',  #769 ) ;
#4553 = EDGE_LOOP ( 'NONE', ( #6629, #652, #7714, #6037 ) ) ;
#4554 = CARTESIAN_POINT ( 'NONE',  ( -0.5749999999999979572, 0.8499999999999989786, 0.05499999999999920230 ) ) ;
#4555 = ORIENTED_EDGE ( 'NONE', *, *, #4793, .T. ) ;
#4556 = VECTOR ( 'NONE', #4407, 1000.000000000000000 ) ;
#4557 =( NAMED_UNIT ( * ) PLANE_ANGLE_UNIT ( ) SI_UNIT ( $, .RADIAN. ) );
#4558 = PRESENTATION_LAYER_ASSIGNMENT (  '', '', ( #4177 ) ) ;
#4559 = ORIENTED_EDGE ( 'NONE', *, *, #4243, .F. ) ;
#4560 = EDGE_LOOP ( 'NONE', ( #201, #283, #1431, #2559 ) ) ;
#4561 = CARTESIAN_POINT ( 'NONE',  ( -1.324999999999999956, 0.9431866336109966387, 0.06541154699933866834 ) ) ;
#4562 = DIRECTION ( 'NONE',  ( 1.000000000000000000, -5.243344273594249610E-32, -2.289834988289389802E-16 ) ) ;
#4563 = PLANE ( 'NONE',  #759 ) ;
#4564 = FACE_OUTER_BOUND ( 'NONE', #6524, .T. ) ;
#4565 = LINE ( 'NONE', #7757, #7868 ) ;
#4566 = ORIENTED_EDGE ( 'NONE', *, *, #5799, .F. ) ;
#4567 = PLANE ( 'NONE',  #2466 ) ;
#4568 = ORIENTED_EDGE ( 'NONE', *, *, #5720, .F. ) ;
#4569 = VERTEX_POINT ( 'NONE', #6906 ) ;
#4570 = CARTESIAN_POINT ( 'NONE',  ( -7.285000000000001030, -1.100000000000000089, 0.7200000000000009726 ) ) ;
#4571 = ORIENTED_EDGE ( 'NONE', *, *, #2856, .F. ) ;
#4572 = EDGE_CURVE ( 'NONE', #5031, #5912, #7431, .T. ) ;
#4573 = EDGE_CURVE ( 'NONE', #998, #1618, #4346, .T. ) ;
#4574 = VECTOR ( 'NONE', #5072, 1000.000000000000000 ) ;
#4575 = ORIENTED_EDGE ( 'NONE', *, *, #6101, .T. ) ;
#4576 = PLANE ( 'NONE',  #893 ) ;
#4577 = ORIENTED_EDGE ( 'NONE', *, *, #7429, .F. ) ;
#4578 = ORIENTED_EDGE ( 'NONE', *, *, #4685, .T. ) ;
#4579 = LINE ( 'NONE', #7667, #5850 ) ;
#4580 = ORIENTED_EDGE ( 'NONE', *, *, #5347, .F. ) ;
#4581 = DIRECTION ( 'NONE',  ( 2.289834988289389802E-16, -0.0000000000000000000, 1.000000000000000000 ) ) ;
#4582 = LINE ( 'NONE', #421, #7488 ) ;
#4583 = ADVANCED_FACE ( 'NONE', ( #2520 ), #6278, .T. ) ;
#4585 = PRESENTATION_LAYER_ASSIGNMENT (  '', '', ( #2534 ) ) ;
#4584 = CARTESIAN_POINT ( 'NONE',  ( -2.799999999999999378, -0.02000000000000091288, 0.9999999999999991118 ) ) ;
#4586 = SURFACE_STYLE_FILL_AREA ( #671 ) ;
#4587 = EDGE_CURVE ( 'NONE', #891, #6668, #272, .T. ) ;
#4588 = DIRECTION ( 'NONE',  ( -1.000000000000000000, -1.144917494144693668E-16, 1.144917494144857357E-16 ) ) ;
#4589 = CARTESIAN_POINT ( 'NONE',  ( -1.675000000000000044, 0.9199999999999870504, 0.1705002310154649925 ) ) ;
#4590 = DIRECTION ( 'NONE',  ( -0.0000000000000000000, -1.065228634467009955E-16, -1.000000000000000000 ) ) ;
#4591 = EDGE_CURVE ( 'NONE', #7030, #6492, #1937, .T. ) ;
#4592 = ORIENTED_EDGE ( 'NONE', *, *, #6941, .F. ) ;
#4593 = SURFACE_STYLE_FILL_AREA ( #4809 ) ;
#4594 = CARTESIAN_POINT ( 'NONE',  ( 0.8250000000000019540, 0.9499999999999869660, 0.03619548911246076722 ) ) ;
#4595 = VECTOR ( 'NONE', #1031, 1000.000000000000000 ) ;
#4596 =( LENGTH_UNIT ( ) NAMED_UNIT ( * ) SI_UNIT ( .MILLI., .METRE. ) );
#4597 = ORIENTED_EDGE ( 'NONE', *, *, #5283, .F. ) ;
#4598 = EDGE_LOOP ( 'NONE', ( #6074, #4390, #7873, #1158, #2362, #3348, #5024, #1423, #2550, #5906, #1913 ) ) ;
#4599 = PRESENTATION_LAYER_ASSIGNMENT (  '', '', ( #3812 ) ) ;
#4600 = FACE_OUTER_BOUND ( 'NONE', #7671, .T. ) ;
#4601 = DIRECTION ( 'NONE',  ( 0.0000000000000000000, -2.289834988289389802E-16, -1.000000000000000000 ) ) ;
#4602 = CARTESIAN_POINT ( 'NONE',  ( -1.900000000000001465, 0.8499999999999989786, 0.07999999999999767020 ) ) ;
#4603 = EDGE_LOOP ( 'NONE', ( #6887, #2925, #5940, #6129 ) ) ;
#4604 = LINE ( 'NONE', #4056, #3016 ) ;
#4605 = VECTOR ( 'NONE', #885, 1000.000000000000000 ) ;
#4606 = DIRECTION ( 'NONE',  ( 2.749265917143365229E-63, 1.000000000000000000, 1.200639317332289951E-47 ) ) ;
#4607 = UNCERTAINTY_MEASURE_WITH_UNIT (LENGTH_MEASURE( 1.000000000000000082E-05 ), #3828, 'distance_accuracy_value', 'NONE');
#4608 = DIRECTION ( 'NONE',  ( 5.243344273594249610E-32, 1.000000000000000000, -1.200639317332292868E-47 ) ) ;
#4609 = AXIS2_PLACEMENT_3D ( 'NONE', #4941, #3156, #7426 ) ;
#4610 = CARTESIAN_POINT ( 'NONE',  ( -0.1749999999999979905, 0.9199999999999868283, -6.970639343517602685E-16 ) ) ;
#4611 = CARTESIAN_POINT ( 'NONE',  ( -1.175000000000000044, 1.245779075397750235, 0.1705002310154649925 ) ) ;
#4612 = AXIS2_PLACEMENT_3D ( 'NONE', #1932, #1391, #779 ) ;
#4613 = ORIENTED_EDGE ( 'NONE', *, *, #3494, .T. ) ;
#4614 = ORIENTED_EDGE ( 'NONE', *, *, #3152, .T. ) ;
#4615 = FACE_OUTER_BOUND ( 'NONE', #6335, .T. ) ;
#4616 = FACE_OUTER_BOUND ( 'NONE', #6095, .T. ) ;
#4617 = DIRECTION ( 'NONE',  ( 5.243344273594270410E-32, -1.000000000000000000, 2.289834988289389802E-16 ) ) ;
#4618 = CARTESIAN_POINT ( 'NONE',  ( 0.1750000000000019873, 0.9999999999999988898, 0.07999999999999901634 ) ) ;
#4619 = CARTESIAN_POINT ( 'NONE',  ( -2.770000000000000018, 1.650000000000000355, 0.4699999999999994182 ) ) ;
#4620 = VERTEX_POINT ( 'NONE', #4455 ) ;
#4621 = VECTOR ( 'NONE', #3932, 1000.000000000000000 ) ;
#4622 = DIRECTION ( 'NONE',  ( -1.000000000000000000, 5.243344273594249610E-32, 2.289834988289389802E-16 ) ) ;
#4623 = EDGE_CURVE ( 'NONE', #6183, #2748, #1759, .T. ) ;
#4624 = EDGE_CURVE ( 'NONE', #5834, #5038, #5220, .T. ) ;
#4625 = LINE ( 'NONE', #8011, #6482 ) ;
#4626 = CARTESIAN_POINT ( 'NONE',  ( -2.765000000000000124, -1.824999999999989964, 0.3700000000000010503 ) ) ;
#4627 = ADVANCED_FACE ( 'NONE', ( #6679 ), #5121, .F. ) ;
#4628 = CARTESIAN_POINT ( 'NONE',  ( 0.6750000000000010436, 1.299999999999994715, 0.1099999999999980160 ) ) ;
#4629 = VECTOR ( 'NONE', #648, 1000.000000000000000 ) ;
#4630 = ORIENTED_EDGE ( 'NONE', *, *, #7683, .F. ) ;
#4631 = LINE ( 'NONE', #3006, #6090 ) ;
#4632 = COLOUR_RGB ( '',0.3176470588235293935, 0.2470588235294117752, 0.2078431372549019440 ) ;
#4633 = EDGE_CURVE ( 'NONE', #5556, #1420, #3227, .T. ) ;
#4634 = ORIENTED_EDGE ( 'NONE', *, *, #2765, .F. ) ;
#4635 = ORIENTED_EDGE ( 'NONE', *, *, #3428, .F. ) ;
#4636 =( NAMED_UNIT ( * ) PLANE_ANGLE_UNIT ( ) SI_UNIT ( $, .RADIAN. ) );
#4637 = LINE ( 'NONE', #3587, #3050 ) ;
#4638 = DIRECTION ( 'NONE',  ( -0.0000000000000000000, 2.289834988289389802E-16, 1.000000000000000000 ) ) ;
#4639 = LINE ( 'NONE', #3723, #3052 ) ;
#4640 = DIRECTION ( 'NONE',  ( 1.000000000000000000, -0.0000000000000000000, -2.289834988289389802E-16 ) ) ;
#4641 = CARTESIAN_POINT ( 'NONE',  ( -1.324999999999999956, 0.9499999999999869660, 0.03619548911246130152 ) ) ;
#4642 = FILL_AREA_STYLE ('',( #6499 ) ) ;
#4643 = ORIENTED_EDGE ( 'NONE', *, *, #6794, .F. ) ;
#4644 = EDGE_LOOP ( 'NONE', ( #992, #6662, #11, #210 ) ) ;
#4645 =( GEOMETRIC_REPRESENTATION_CONTEXT ( 3 ) GLOBAL_UNCERTAINTY_ASSIGNED_CONTEXT ( ( #848 ) ) GLOBAL_UNIT_ASSIGNED_CONTEXT ( ( #7504, #3842, #84 ) ) REPRESENTATION_CONTEXT ( 'NONE', 'WORKASPACE' ) );
#4646 = DIRECTION ( 'NONE',  ( 0.7071067811865520136, -0.0000000000000000000, 0.7071067811865431318 ) ) ;
#4647 = AXIS2_PLACEMENT_3D ( 'NONE', #136, #7524, #1875 ) ;
#4648 = CARTESIAN_POINT ( 'NONE',  ( 1.324999999999999956, 1.350000000000000089, 0.1705002310154649925 ) ) ;
#4649 = EDGE_CURVE ( 'NONE', #853, #1373, #6479, .T. ) ;
#4650 = ORIENTED_EDGE ( 'NONE', *, *, #6416, .T. ) ;
#4651 = ORIENTED_EDGE ( 'NONE', *, *, #1967, .F. ) ;
#4652 = SURFACE_STYLE_USAGE ( .BOTH. , #337 ) ;
#4653 = CARTESIAN_POINT ( 'NONE',  ( 1.175000000000000044, 1.350000000000000089, 0.1599999999999988376 ) ) ;
#4654 = FACE_OUTER_BOUND ( 'NONE', #2892, .T. ) ;
#4655 = FACE_OUTER_BOUND ( 'NONE', #1588, .T. ) ;
#4656 = ORIENTED_EDGE ( 'NONE', *, *, #2524, .T. ) ;
#4657 = VERTEX_POINT ( 'NONE', #7597 ) ;
#4658 = AXIS2_PLACEMENT_3D ( 'NONE', #7862, #4178, #460 ) ;
#4659 =( GEOMETRIC_REPRESENTATION_CONTEXT ( 3 ) GLOBAL_UNCERTAINTY_ASSIGNED_CONTEXT ( ( #1530 ) ) GLOBAL_UNIT_ASSIGNED_CONTEXT ( ( #1603, #1637, #1683 ) ) REPRESENTATION_CONTEXT ( 'NONE', 'WORKASPACE' ) );
#4660 = DIRECTION ( 'NONE',  ( -2.439197797730288502E-32, 1.000000000000000000, -1.065228634467009955E-16 ) ) ;
#4661 = DIRECTION ( 'NONE',  ( -1.000000000000000000, 0.0000000000000000000, 2.289834988289389802E-16 ) ) ;
#4662 = LINE ( 'NONE', #556, #7764 ) ;
#4663 = PLANE ( 'NONE',  #5310 ) ;
#4664 = ADVANCED_FACE ( 'NONE', ( #1566 ), #3328, .T. ) ;
#4665 = VERTEX_POINT ( 'NONE', #184 ) ;
#4666 = VERTEX_POINT ( 'NONE', #2074 ) ;
#4667 = EDGE_LOOP ( 'NONE', ( #6337, #116, #6685, #7580, #5247, #3713, #4785, #2875, #2957, #2021, #227 ) ) ;
#4668 = CARTESIAN_POINT ( 'NONE',  ( 0.1000000000000005884, 0.9999999999999988898, 0.07999999999999905798 ) ) ;
#4669 = VECTOR ( 'NONE', #217, 1000.000000000000000 ) ;
#4670 = STYLED_ITEM ( 'NONE', ( #3843 ), #7328 ) ;
#4671 = SURFACE_STYLE_FILL_AREA ( #4642 ) ;
#4672 = EDGE_LOOP ( 'NONE', ( #4635, #2784, #5148, #5233 ) ) ;
#4673 = CARTESIAN_POINT ( 'NONE',  ( 0.1625000000000020040, 0.9999999999999988898, 0.07999999999999900246 ) ) ;
#4674 = ORIENTED_EDGE ( 'NONE', *, *, #5583, .F. ) ;
#4675 = DIRECTION ( 'NONE',  ( 0.0000000000000000000, 0.0000000000000000000, -1.000000000000000000 ) ) ;
#4676 = ORIENTED_EDGE ( 'NONE', *, *, #5125, .T. ) ;
#4677 = EDGE_LOOP ( 'NONE', ( #7454, #155, #114, #6719 ) ) ;
#4678 = ORIENTED_EDGE ( 'NONE', *, *, #6748, .F. ) ;
#4679 = CARTESIAN_POINT ( 'NONE',  ( 2.602499999999999591, -1.749999999999999778, 0.1799999999999979672 ) ) ;
#4680 = CARTESIAN_POINT ( 'NONE',  ( -0.8249999999999979572, 1.249999999999990008, -6.661338147750940229E-16 ) ) ;
#4681 = LINE ( 'NONE', #7575, #3097 ) ;
#4682 = CARTESIAN_POINT ( 'NONE',  ( 2.799999999999999822, 0.8999999999999980238, 0.3099999999999979439 ) ) ;
#4683 = ORIENTED_EDGE ( 'NONE', *, *, #3084, .F. ) ;
#4684 = EDGE_CURVE ( 'NONE', #3314, #6340, #1353, .T. ) ;
#4685 = EDGE_CURVE ( 'NONE', #722, #6370, #7719, .T. ) ;
#4686 = ORIENTED_EDGE ( 'NONE', *, *, #5109, .T. ) ;
#4687 = LINE ( 'NONE', #7409, #1424 ) ;
#4688 = VECTOR ( 'NONE', #5665, 1000.000000000000000 ) ;
#4689 = SURFACE_SIDE_STYLE ('',( #5395 ) ) ;
#4690 = DIRECTION ( 'NONE',  ( -5.326143172335051625E-17, -1.000000000000000000, 5.326143172335119418E-17 ) ) ;
#4691 = EDGE_LOOP ( 'NONE', ( #3936, #696, #1450, #6137 ) ) ;
#4692 = VECTOR ( 'NONE', #7731, 1000.000000000000000 ) ;
#4693 = EDGE_CURVE ( 'NONE', #5205, #5902, #7920, .T. ) ;
#4694 = LINE ( 'NONE', #5338, #3110 ) ;
#4695 = FACE_OUTER_BOUND ( 'NONE', #3030, .T. ) ;
#4696 = APPLICATION_PROTOCOL_DEFINITION ( 'draft international standard', 'automotive_design', 1998, #382 ) ;
#4697 = CARTESIAN_POINT ( 'NONE',  ( 1.925000000000000044, 0.8499999999999989786, 0.05499999999999830025 ) ) ;
#4698 = DIRECTION ( 'NONE',  ( -0.7071067811865470176, 0.0000000000000000000, 0.7071067811865480168 ) ) ;
#4699 = EDGE_CURVE ( 'NONE', #5573, #5990, #3033, .T. ) ;
#4700 = ORIENTED_EDGE ( 'NONE', *, *, #5270, .T. ) ;
#4701 =( NAMED_UNIT ( * ) PLANE_ANGLE_UNIT ( ) SI_UNIT ( $, .RADIAN. ) );
#4702 = VECTOR ( 'NONE', #3609, 1000.000000000000000 ) ;
#4703 = SURFACE_STYLE_USAGE ( .BOTH. , #387 ) ;
#4704 = VECTOR ( 'NONE', #6322, 1000.000000000000000 ) ;
#4705 = CARTESIAN_POINT ( 'NONE',  ( 2.770000000000000462, 1.045602317761259892, 0.3099999999999978884 ) ) ;
#4706 = VECTOR ( 'NONE', #1641, 1000.000000000000000 ) ;
#4707 = CARTESIAN_POINT ( 'NONE',  ( 0.6750000000000011546, 0.9999999999999988898, 0.3099999999999985545 ) ) ;
#4708 = DIRECTION ( 'NONE',  ( -0.7071067811865474617, -0.0000000000000000000, 0.7071067811865474617 ) ) ;
#4709 = ADVANCED_FACE ( 'NONE', ( #6081 ), #3378, .T. ) ;
#4710 = CARTESIAN_POINT ( 'NONE',  ( -1.824999999999999956, 0.9499999999999869660, 0.03619548911246143336 ) ) ;
#4711 = ORIENTED_EDGE ( 'NONE', *, *, #7185, .T. ) ;
#4712 = ORIENTED_EDGE ( 'NONE', *, *, #7247, .F. ) ;
#4713 = LINE ( 'NONE', #7021, #3126 ) ;
#4714 = AXIS2_PLACEMENT_3D ( 'NONE', #7678, #6477, #2796 ) ;
#4715 = CARTESIAN_POINT ( 'NONE',  ( 2.769999999999999130, 0.4600000000000005751, 0.8899999999999989031 ) ) ;
#4716 = VERTEX_POINT ( 'NONE', #872 ) ;
#4717 = VERTEX_POINT ( 'NONE', #5207 ) ;
#4718 = DIRECTION ( 'NONE',  ( 0.0000000000000000000, 0.7071067811865440200, 0.7071067811865511255 ) ) ;
#4719 = DIRECTION ( 'NONE',  ( -2.289834988289389802E-16, 0.0000000000000000000, -1.000000000000000000 ) ) ;
#4720 = SURFACE_SIDE_STYLE ('',( #580 ) ) ;
#4721 = AXIS2_PLACEMENT_3D ( 'NONE', #7370, #3707, #7998 ) ;
#4722 = SURFACE_SIDE_STYLE ('',( #4241 ) ) ;
#4723 = ORIENTED_EDGE ( 'NONE', *, *, #969, .F. ) ;
#4724 = VECTOR ( 'NONE', #3799, 1000.000000000000114 ) ;
#4725 = CARTESIAN_POINT ( 'NONE',  ( 0.1750000000000020151, 0.9199999999999866063, 0.03619548911246095457 ) ) ;
#4726 = LINE ( 'NONE', #2950, #7629 ) ;
#4727 = CARTESIAN_POINT ( 'NONE',  ( 6.750000000000000000, 0.5337243177612559508, 0.9399999999999980593 ) ) ;
#4728 = ORIENTED_EDGE ( 'NONE', *, *, #672, .T. ) ;
#4729 = CARTESIAN_POINT ( 'NONE',  ( -1.675000000000000044, 0.9199999999999868283, -3.511311611840519049E-16 ) ) ;
#4730 = EDGE_CURVE ( 'NONE', #5834, #908, #2831, .T. ) ;
#4731 = ORIENTED_EDGE ( 'NONE', *, *, #3020, .T. ) ;
#4732 = EDGE_CURVE ( 'NONE', #891, #12, #4253, .T. ) ;
#4733 = VECTOR ( 'NONE', #861, 1000.000000000000000 ) ;
#4734 = FILL_AREA_STYLE_COLOUR ( '', #1298 ) ;
#4735 = ORIENTED_EDGE ( 'NONE', *, *, #65, .T. ) ;
#4736 = VERTEX_POINT ( 'NONE', #2764 ) ;
#4737 = DIRECTION ( 'NONE',  ( -1.000000000000000000, 5.243344273594249610E-32, 2.289834988289389802E-16 ) ) ;
#4738 = SURFACE_STYLE_FILL_AREA ( #4343 ) ;
#4739 = FILL_AREA_STYLE ('',( #4823 ) ) ;
#4740 = AXIS2_PLACEMENT_3D ( 'NONE', #6086, #2394, #6720 ) ;
#4741 = EDGE_CURVE ( 'NONE', #7453, #1227, #5887, .T. ) ;
#4742 = CARTESIAN_POINT ( 'NONE',  ( -0.8249999999999979572, 1.350000000000000089, 0.1599999999999990041 ) ) ;
#4743 = ORIENTED_EDGE ( 'NONE', *, *, #3756, .F. ) ;
#4744 = EDGE_CURVE ( 'NONE', #572, #1617, #7339, .T. ) ;
#4745 = DIRECTION ( 'NONE',  ( -1.000000000000000000, 5.243344273594249610E-32, -0.0000000000000000000 ) ) ;
#4746 = ORIENTED_EDGE ( 'NONE', *, *, #1196, .F. ) ;
#4747 =( NAMED_UNIT ( * ) PLANE_ANGLE_UNIT ( ) SI_UNIT ( $, .RADIAN. ) );
#4748 = ADVANCED_FACE ( 'NONE', ( #2617 ), #2153, .T. ) ;
#4749 = CARTESIAN_POINT ( 'NONE',  ( 2.770000000000000018, 1.649999999999999911, 0.4699999999999990297 ) ) ;
#4750 = CARTESIAN_POINT ( 'NONE',  ( 1.174999999999999822, 0.9999999999999988898, 0.07999999999999858613 ) ) ;
#4751 = PRESENTATION_STYLE_ASSIGNMENT (( #1023 ) ) ;
#4752 = CARTESIAN_POINT ( 'NONE',  ( 2.770000000000000018, 1.650000000000000355, 0.4699999999999986966 ) ) ;
#4753 = COLOUR_RGB ( '',0.5019607843137254832, 0.5019607843137254832, 0.5019607843137254832 ) ;
#4754 = VERTEX_POINT ( 'NONE', #4561 ) ;
#4755 = ORIENTED_EDGE ( 'NONE', *, *, #5438, .T. ) ;
#4756 = PLANE ( 'NONE',  #3365 ) ;
#4757 = STYLED_ITEM ( 'NONE', ( #6203 ), #910 ) ;
#4758 = EDGE_CURVE ( 'NONE', #2859, #2510, #7160, .T. ) ;
#4759 = CARTESIAN_POINT ( 'NONE',  ( -2.452500000000000124, -1.899999999999999911, 0.02999999999999970399 ) ) ;
#4760 = LINE ( 'NONE', #7486, #4556 ) ;
#4761 = ORIENTED_EDGE ( 'NONE', *, *, #1116, .T. ) ;
#4762 = ORIENTED_EDGE ( 'NONE', *, *, #3452, .F. ) ;
#4763 = DIRECTION ( 'NONE',  ( -0.7071067811865214825, 0.0000000000000000000, 0.7071067811865735520 ) ) ;
#4764 = LINE ( 'NONE', #2269, #7867 ) ;
#4765 = EDGE_LOOP ( 'NONE', ( #833, #521, #3725, #6067 ) ) ;
#4766 = DIRECTION ( 'NONE',  ( 1.000000000000000000, 4.948562843061550213E-17, -2.177367650947074402E-16 ) ) ;
#4767 = ORIENTED_EDGE ( 'NONE', *, *, #7440, .T. ) ;
#4768 = VERTEX_POINT ( 'NONE', #4618 ) ;
#4769 = STYLED_ITEM ( 'NONE', ( #2602 ), #2066 ) ;
#4770 =( NAMED_UNIT ( * ) PLANE_ANGLE_UNIT ( ) SI_UNIT ( $, .RADIAN. ) );
#4771 = VERTEX_POINT ( 'NONE', #298 ) ;
#4772 = LINE ( 'NONE', #7519, #7877 ) ;
#4773 = DIRECTION ( 'NONE',  ( 2.289834988289389802E-16, -0.0000000000000000000, 1.000000000000000000 ) ) ;
#4774 = VERTEX_POINT ( 'NONE', #5870 ) ;
#4775 = ORIENTED_EDGE ( 'NONE', *, *, #3048, .T. ) ;
#4776 = DIRECTION ( 'NONE',  ( -2.289834988289389802E-16, 0.0000000000000000000, -1.000000000000000000 ) ) ;
#4777 = ORIENTED_EDGE ( 'NONE', *, *, #1785, .T. ) ;
#4778 = VECTOR ( 'NONE', #234, 1000.000000000000000 ) ;
#4779 = AXIS2_PLACEMENT_3D ( 'NONE', #1770, #525, #4843 ) ;
#4780 = CARTESIAN_POINT ( 'NONE',  ( -2.265000000000003233, -0.7000000000000067280, 0.6899999999999997247 ) ) ;
#4781 = LINE ( 'NONE', #3389, #6243 ) ;
#4782 = CARTESIAN_POINT ( 'NONE',  ( -0.4499999999999990119, 0.9999999999999988898, 0.02999999999999899969 ) ) ;
#4783 = VECTOR ( 'NONE', #8039, 1000.000000000000000 ) ;
#4784 = CARTESIAN_POINT ( 'NONE',  ( 2.615000000000000657, -1.824999999999989964, 0.1699999999999979861 ) ) ;
#4785 = ORIENTED_EDGE ( 'NONE', *, *, #500, .F. ) ;
#4786 = VECTOR ( 'NONE', #6032, 1000.000000000000000 ) ;
#4787 = CARTESIAN_POINT ( 'NONE',  ( -0.8249999999999979572, 0.9431866336109969717, 0.06541154699933861283 ) ) ;
#4788 = ADVANCED_FACE ( 'NONE', ( #5513 ), #6504, .T. ) ;
#4789 = CARTESIAN_POINT ( 'NONE',  ( 2.452500000000000124, -1.899999999999999911, 0.07999999999999800326 ) ) ;
#4790 = LINE ( 'NONE', #3500, #1542 ) ;
#4791 = EDGE_CURVE ( 'NONE', #2184, #3349, #3894, .T. ) ;
#4792 = CARTESIAN_POINT ( 'NONE',  ( -2.265000000000000568, -1.649999999999998801, 0.7199999999999977529 ) ) ;
#4793 = EDGE_CURVE ( 'NONE', #434, #1738, #762, .T. ) ;
#4794 = ORIENTED_EDGE ( 'NONE', *, *, #443, .T. ) ;
#4795 = ORIENTED_EDGE ( 'NONE', *, *, #3352, .F. ) ;
#4796 = LINE ( 'NONE', #2578, #1740 ) ;
#4797 = DIRECTION ( 'NONE',  ( -0.0000000000000000000, 2.289834988289389802E-16, 1.000000000000000000 ) ) ;
#4798 = CARTESIAN_POINT ( 'NONE',  ( 2.770000000000000018, 1.649999999999999689, 0.3099999999999979439 ) ) ;
#4800 = AXIS2_PLACEMENT_3D ( 'NONE', #2850, #7155, #3478 ) ;
#4799 = CARTESIAN_POINT ( 'NONE',  ( 2.765000000000000124, -1.550000000000000266, -1.776356839400250070E-15 ) ) ;
#4801 = ORIENTED_EDGE ( 'NONE', *, *, #2480, .T. ) ;
#4802 = ORIENTED_EDGE ( 'NONE', *, *, #7792, .T. ) ;
#4803 = LINE ( 'NONE', #321, #7907 ) ;
#4804 = LINE ( 'NONE', #56, #5001 ) ;
#4805 = CARTESIAN_POINT ( 'NONE',  ( 0.3250000000000020095, 0.9431866336109967497, 0.06541154699933829364 ) ) ;
#4806 = EDGE_CURVE ( 'NONE', #2151, #7114, #5692, .T. ) ;
#4807 = SURFACE_STYLE_FILL_AREA ( #7681 ) ;
#4808 = CARTESIAN_POINT ( 'NONE',  ( 1.850000000000000089, 1.673724317761259961, 0.3099999999999979994 ) ) ;
#4809 = FILL_AREA_STYLE ('',( #7279 ) ) ;
#4810 = ORIENTED_EDGE ( 'NONE', *, *, #2480, .F. ) ;
#4811 = VERTEX_POINT ( 'NONE', #5290 ) ;
#4812 = LINE ( 'NONE', #5651, #1560 ) ;
#4813 = CARTESIAN_POINT ( 'NONE',  ( 2.615000000000000213, -1.464196000000000053, 0.1699999999999980138 ) ) ;
#4814 = LINE ( 'NONE', #3275, #5507 ) ;
#4815 = CARTESIAN_POINT ( 'NONE',  ( 2.615000000000000213, -1.000000000000000000, 0.8199999999999989519 ) ) ;
#4816 = CARTESIAN_POINT ( 'NONE',  ( -7.285000000000001030, -0.7000000000000049516, 0.6900000000000009459 ) ) ;
#4817 = PRESENTATION_LAYER_ASSIGNMENT (  '', '', ( #4017 ) ) ;
#4818 =( GEOMETRIC_REPRESENTATION_CONTEXT ( 3 ) GLOBAL_UNCERTAINTY_ASSIGNED_CONTEXT ( ( #7840 ) ) GLOBAL_UNIT_ASSIGNED_CONTEXT ( ( #7286, #7359, #7850 ) ) REPRESENTATION_CONTEXT ( 'NONE', 'WORKASPACE' ) );
#4819 = CLOSED_SHELL ( 'NONE', ( #4257, #794, #1907, #4886, #4869, #4167, #6511, #2596, #4294, #5476, #4829, #379, #3658, #415, #2806, #4401, #596, #4314, #6676, #4090, #2034, #641, #5515, #543, #2296, #2173, #3826, #4890, #3732, #3621, #3501, #6358, #4966, #7980, #7956, #1700, #5532, #6179, #5702, #3321, #1148, #6844, #1837, #910, #1820, #6633, #5056, #4788, #6777, #7934, #131, #2895, #5744, #3194, #289, #3458, #1855, #4197, #3123, #1625, #4709, #3077, #2066, #7713, #3696, #1334, #4436, #1745, #599, #6195, #2257, #561, #4289, #5250, #1190, #6878, #340, #1237, #2474, #3916, #6797, #8016, #6975, #4127, #5498, #581, #3237, #7750, #3013, #6731, #4363, #6468, #6093, #6757, #459, #2472, #3876, #1104, #4475, #5586, #1666, #44, #4627, #717, #5299, #3276, #8015, #1378, #5550, #6555, #4846, #3155, #4583, #7328, #2515, #4010, #7239, #5418, #1839, #2433, #2551, #1585, #7878, #617, #1871, #7348, #7999, #7518, #7166, #7311, #3677, #4055, #2327, #3035, #6812, #6233, #5974, #1258, #2683, #5374, #4269, #5547, #6929, #1944, #1987, #7270, #2388, #3752, #5137, #1213, #6270, #2846, #6052, #6706, #7439, #1170, #677, #5854, #3584, #7383, #6161, #7559, #7603, #7835, #996, #7194, #3058, #5615, #6776, #6134, #7367, #756, #5933, #1798, #4239, #3539, #7363, #7476, #952, #2451, #1215, #2637, #5339, #1035, #2410, #3715, #85, #4664, #2366, #4928, #6309, #1426, #7078, #6596, #4748, #3105, #5662, #2221, #5451, #1293, #3419, #1070, #4910, #3716, #5098, #5, #1546, #7123, #2972, #7919, #1782, #6111, #174, #2935, #6014, #3120, #5891, #3794, #496, #7408, #4330, #7799, #5012, #6156, #4931 ) ) ;
#4820 = DIRECTION ( 'NONE',  ( -0.7071067811865520136, 0.0000000000000000000, -0.7071067811865431318 ) ) ;
#4821 = VECTOR ( 'NONE', #788, 1000.000000000000000 ) ;
#4822 = VECTOR ( 'NONE', #5998, 1000.000000000000000 ) ;
#4823 = FILL_AREA_STYLE_COLOUR ( '', #6269 ) ;
#4824 = FILL_AREA_STYLE_COLOUR ( '', #1821 ) ;
#4825 = ORIENTED_EDGE ( 'NONE', *, *, #2969, .F. ) ;
#4826 = ORIENTED_EDGE ( 'NONE', *, *, #7904, .T. ) ;
#4827 = LINE ( 'NONE', #1796, #1360 ) ;
#4828 = CARTESIAN_POINT ( 'NONE',  ( 4.825000000000000178, 0.9999999999999988898, 0.3099999999999970002 ) ) ;
#4829 = ADVANCED_FACE ( 'NONE', ( #5319 ), #6534, .T. ) ;
#4830 = MECHANICAL_DESIGN_GEOMETRIC_PRESENTATION_REPRESENTATION (  '', ( #688 ), #5256 ) ;
#4831 = CARTESIAN_POINT ( 'NONE',  ( 2.765000000000000124, -1.824999999999989964, 0.3978428499183350175 ) ) ;
#4832 = ORIENTED_EDGE ( 'NONE', *, *, #2320, .T. ) ;
#4833 = VECTOR ( 'NONE', #2940, 1000.000000000000000 ) ;
#4834 = DIRECTION ( 'NONE',  ( -0.2163711612039613263, 0.9520331092974130272, 0.2163711612039585230 ) ) ;
#4835 = CIRCLE ( 'NONE', #2546, 0.04999999999999720640 ) ;
#4836 = CARTESIAN_POINT ( 'NONE',  ( 1.324999999999999956, 0.9999999999999988898, 0.07866077735406359905 ) ) ;
#4837 =( LENGTH_UNIT ( ) NAMED_UNIT ( * ) SI_UNIT ( .MILLI., .METRE. ) );
#4838 = EDGE_CURVE ( 'NONE', #4768, #4546, #3701, .T. ) ;
#4839 = EDGE_CURVE ( 'NONE', #4252, #28, #2229, .T. ) ;
#4840 = ORIENTED_EDGE ( 'NONE', *, *, #5156, .F. ) ;
#4841 = CARTESIAN_POINT ( 'NONE',  ( 1.074999999999999956, 0.9999999999999988898, 0.05499999999999869577 ) ) ;
#4842 = ORIENTED_EDGE ( 'NONE', *, *, #8018, .T. ) ;
#4843 = DIRECTION ( 'NONE',  ( 0.0000000000000000000, 1.065228634467009955E-16, 1.000000000000000000 ) ) ;
#4844 = DIRECTION ( 'NONE',  ( -1.000000000000000000, 0.0000000000000000000, 2.289834988289389802E-16 ) ) ;
#4845 = CARTESIAN_POINT ( 'NONE',  ( -2.765000000000000124, -1.600000000000000089, 0.05000000000000040523 ) ) ;
#4846 = ADVANCED_FACE ( 'NONE', ( #375 ), #2885, .T. ) ;
#4847 = ORIENTED_EDGE ( 'NONE', *, *, #394, .T. ) ;
#4848 = ORIENTED_EDGE ( 'NONE', *, *, #1508, .T. ) ;
#4849 = AXIS2_PLACEMENT_3D ( 'NONE', #3705, #3683, #2462 ) ;
#4850 = EDGE_CURVE ( 'NONE', #3349, #4716, #6184, .T. ) ;
#4851 = VECTOR ( 'NONE', #1381, 1000.000000000000000 ) ;
#4852 = CARTESIAN_POINT ( 'NONE',  ( -0.3999999999999993561, 0.8499999999999989786, 0.07999999999999947431 ) ) ;
#4853 = VECTOR ( 'NONE', #205, 1000.000000000000000 ) ;
#4854 = EDGE_CURVE ( 'NONE', #4303, #7662, #4524, .T. ) ;
#4855 = DIRECTION ( 'NONE',  ( 2.804146475863970139E-32, 1.000000000000000000, -1.065228634467009955E-16 ) ) ;
#4856 = EDGE_LOOP ( 'NONE', ( #3125, #7771, #3270, #6068 ) ) ;
#4857 = ORIENTED_EDGE ( 'NONE', *, *, #5899, .T. ) ;
#4858 = CARTESIAN_POINT ( 'NONE',  ( -1.824999999999999956, 0.9431866336109969717, 0.06541154699933879324 ) ) ;
#4859 = DIRECTION ( 'NONE',  ( 1.000000000000000000, -5.243344273594249610E-32, -2.289834988289389802E-16 ) ) ;
#4860 = UNCERTAINTY_MEASURE_WITH_UNIT (LENGTH_MEASURE( 1.000000000000000082E-05 ), #6304, 'distance_accuracy_value', 'NONE');
#4861 = VECTOR ( 'NONE', #6722, 1000.000000000000000 ) ;
#4862 = ORIENTED_EDGE ( 'NONE', *, *, #2720, .T. ) ;
#4863 = ORIENTED_EDGE ( 'NONE', *, *, #2768, .T. ) ;
#4864 = AXIS2_PLACEMENT_3D ( 'NONE', #5582, #3163, #7435 ) ;
#4865 = DIRECTION ( 'NONE',  ( 5.243344273594249610E-32, 1.000000000000000000, -1.200639317332292868E-47 ) ) ;
#4866 = ORIENTED_EDGE ( 'NONE', *, *, #3352, .T. ) ;
#4867 = DIRECTION ( 'NONE',  ( 0.0000000000000000000, 0.9982048454657787007, 0.05989229072794666903 ) ) ;
#4868 = LINE ( 'NONE', #5150, #7970 ) ;
#4869 = ADVANCED_FACE ( 'NONE', ( #5984 ), #7204, .T. ) ;
#4870 = ORIENTED_EDGE ( 'NONE', *, *, #2076, .F. ) ;
#4871 = ORIENTED_EDGE ( 'NONE', *, *, #66, .T. ) ;
#4872 = ORIENTED_EDGE ( 'NONE', *, *, #4838, .T. ) ;
#4873 = SURFACE_STYLE_USAGE ( .BOTH. , #558 ) ;
#4874 = VERTEX_POINT ( 'NONE', #4137 ) ;
#4875 = VERTEX_POINT ( 'NONE', #5981 ) ;
#4876 = LINE ( 'NONE', #6345, #1626 ) ;
#4877 = VERTEX_POINT ( 'NONE', #2944 ) ;
#4878 = CARTESIAN_POINT ( 'NONE',  ( -2.719999999999999751, 0.4807106781186549216, 0.9400000000000002798 ) ) ;
#4879 = CARTESIAN_POINT ( 'NONE',  ( 0.6750000000000010436, 0.9431866336109966387, 0.06541154699933821037 ) ) ;
#4880 = PLANE ( 'NONE',  #4721 ) ;
#4881 = ORIENTED_EDGE ( 'NONE', *, *, #6682, .T. ) ;
#4882 = VECTOR ( 'NONE', #8005, 1000.000000000000000 ) ;
#4883 = LINE ( 'NONE', #5018, #1638 ) ;
#4884 = EDGE_CURVE ( 'NONE', #7522, #6096, #4340, .T. ) ;
#4885 = EDGE_CURVE ( 'NONE', #913, #2591, #1256, .T. ) ;
#4886 = ADVANCED_FACE ( 'NONE', ( #4164 ), #4756, .T. ) ;
#4887 = ORIENTED_EDGE ( 'NONE', *, *, #4528, .F. ) ;
#4888 = ORIENTED_EDGE ( 'NONE', *, *, #5595, .F. ) ;
#4889 = LINE ( 'NONE', #1579, #6751 ) ;
#4890 = ADVANCED_FACE ( 'NONE', ( #7425 ), #7254, .T. ) ;
#4891 = CARTESIAN_POINT ( 'NONE',  ( -2.719999999999998863, 1.899999999999999689, 0.9399999999999999467 ) ) ;
#4892 = VECTOR ( 'NONE', #7748, 1000.000000000000000 ) ;
#4893 = CARTESIAN_POINT ( 'NONE',  ( -0.3374999999999980238, 0.9999999999999988898, 0.07999999999999909961 ) ) ;
#4894 = FACE_OUTER_BOUND ( 'NONE', #1538, .T. ) ;
#4895 = DIRECTION ( 'NONE',  ( -2.289834988289389802E-16, 0.0000000000000000000, -1.000000000000000000 ) ) ;
#4896 = VERTEX_POINT ( 'NONE', #2290 ) ;
#4897 = LINE ( 'NONE', #1734, #8002 ) ;
#4898 = DIRECTION ( 'NONE',  ( 1.000000000000000000, 0.0000000000000000000, -2.289834988289389802E-16 ) ) ;
#4899 = EDGE_CURVE ( 'NONE', #7832, #5100, #2512, .T. ) ;
#4900 = VECTOR ( 'NONE', #226, 1000.000000000000000 ) ;
#4901 = DIRECTION ( 'NONE',  ( 1.000000000000000000, -5.243344273594249610E-32, 0.0000000000000000000 ) ) ;
#4902 = DIRECTION ( 'NONE',  ( 2.289834988289389802E-16, -0.0000000000000000000, 1.000000000000000000 ) ) ;
#4903 = ORIENTED_EDGE ( 'NONE', *, *, #2827, .T. ) ;
#4904 = LINE ( 'NONE', #1396, #8007 ) ;
#4905 = SURFACE_STYLE_USAGE ( .BOTH. , #587 ) ;
#4906 = PRESENTATION_STYLE_ASSIGNMENT (( #6284 ) ) ;
#4907 = UNCERTAINTY_MEASURE_WITH_UNIT (LENGTH_MEASURE( 1.000000000000000082E-05 ), #1767, 'distance_accuracy_value', 'NONE');
#4908 = CARTESIAN_POINT ( 'NONE',  ( 0.1750000000000019873, 1.249999999999988232, 4.675621868843740830E-16 ) ) ;
#4909 = SURFACE_STYLE_FILL_AREA ( #6339 ) ;
#4910 = ADVANCED_FACE ( 'NONE', ( #2718 ), #7870, .F. ) ;
#4912 = AXIS2_PLACEMENT_3D ( 'NONE', #1591, #5888, #2206 ) ;
#4911 = DIRECTION ( 'NONE',  ( 0.0000000000000000000, 0.9751328557914595851, 0.2216211035889688874 ) ) ;
#4913 = DIRECTION ( 'NONE',  ( 1.000000000000000000, -5.243344273594249610E-32, -2.289834988289389802E-16 ) ) ;
#4914 =( GEOMETRIC_REPRESENTATION_CONTEXT ( 3 ) GLOBAL_UNCERTAINTY_ASSIGNED_CONTEXT ( ( #3760 ) ) GLOBAL_UNIT_ASSIGNED_CONTEXT ( ( #798, #3254, #3411 ) ) REPRESENTATION_CONTEXT ( 'NONE', 'WORKASPACE' ) );
#4915 = ORIENTED_EDGE ( 'NONE', *, *, #244, .F. ) ;
#4916 = VERTEX_POINT ( 'NONE', #4780 ) ;
#4917 = EDGE_CURVE ( 'NONE', #4811, #449, #855, .T. ) ;
#4918 = CARTESIAN_POINT ( 'NONE',  ( -1.662500000000000089, 0.9999999999999988898, 0.07999999999999940492 ) ) ;
#4919 = CARTESIAN_POINT ( 'NONE',  ( 2.265000000000000568, -1.779999999999999805, 0.8933333333333313142 ) ) ;
#4920 = ORIENTED_EDGE ( 'NONE', *, *, #2632, .F. ) ;
#4921 = VECTOR ( 'NONE', #2511, 1000.000000000000000 ) ;
#4922 = CARTESIAN_POINT ( 'NONE',  ( 1.675000000000000044, 0.9499999999999869660, 0.03619548911246030926 ) ) ;
#4923 = AXIS2_PLACEMENT_3D ( 'NONE', #6207, #5011, #5492 ) ;
#4924 = DIRECTION ( 'NONE',  ( -0.7071067811865431318, -7.532303909457119365E-17, -0.7071067811865520136 ) ) ;
#4925 = ORIENTED_EDGE ( 'NONE', *, *, #2588, .T. ) ;
#4926 = EDGE_LOOP ( 'NONE', ( #6267, #4038, #3434, #6955 ) ) ;
#4927 = LINE ( 'NONE', #232, #4733 ) ;
#4928 = ADVANCED_FACE ( 'NONE', ( #5594 ), #3616, .T. ) ;
#4929 = COLOUR_RGB ( '',0.3176470588235293935, 0.2470588235294117752, 0.2078431372549019440 ) ;
#4930 =( NAMED_UNIT ( * ) SI_UNIT ( $, .STERADIAN. ) SOLID_ANGLE_UNIT ( ) );
#4931 = ADVANCED_FACE ( 'NONE', ( #2317 ), #489, .F. ) ;
#4932 = CARTESIAN_POINT ( 'NONE',  ( -0.3999999999999993006, 0.9999999999999988898, 0.07999999999999934941 ) ) ;
#4933 = DIRECTION ( 'NONE',  ( -2.232893331421829163E-16, 0.2216211035889688874, -0.9751328557914595851 ) ) ;
#4934 = DIRECTION ( 'NONE',  ( -2.289834988289389802E-16, 0.0000000000000000000, -1.000000000000000000 ) ) ;
#4935 = VERTEX_POINT ( 'NONE', #6063 ) ;
#4936 = PRESENTATION_LAYER_ASSIGNMENT (  '', '', ( #4519 ) ) ;
#4937 = CARTESIAN_POINT ( 'NONE',  ( 1.750000000000000000, 0.8999999999999980238, 0.2899999999999989808 ) ) ;
#4938 = VECTOR ( 'NONE', #1540, 1000.000000000000000 ) ;
#4939 = ORIENTED_EDGE ( 'NONE', *, *, #2985, .F. ) ;
#4940 = ORIENTED_EDGE ( 'NONE', *, *, #7302, .F. ) ;
#4941 = CARTESIAN_POINT ( 'NONE',  ( -7.285000000000001030, -1.199999999999999956, 0.7200000000000009726 ) ) ;
#4942 = LINE ( 'NONE', #5802, #8037 ) ;
#4943 = DIRECTION ( 'NONE',  ( -5.243344273594249610E-32, -1.000000000000000000, 1.200639317332292868E-47 ) ) ;
#4944 = EDGE_CURVE ( 'NONE', #2316, #5844, #7248, .T. ) ;
#4945 = EDGE_CURVE ( 'NONE', #164, #5266, #666, .T. ) ;
#4946 = DIRECTION ( 'NONE',  ( 0.0000000000000000000, 0.0000000000000000000, 1.000000000000000000 ) ) ;
#4947 = FILL_AREA_STYLE_COLOUR ( '', #7375 ) ;
#4948 = VERTEX_POINT ( 'NONE', #519 ) ;
#4949 = ORIENTED_EDGE ( 'NONE', *, *, #7651, .F. ) ;
#4950 = CARTESIAN_POINT ( 'NONE',  ( 2.265000000000000124, -1.780000000000000027, 0.1888888888888869966 ) ) ;
#4951 = VECTOR ( 'NONE', #1912, 1000.000000000000000 ) ;
#4952 = ORIENTED_EDGE ( 'NONE', *, *, #3803, .T. ) ;
#4953 = ORIENTED_EDGE ( 'NONE', *, *, #4684, .F. ) ;
#4954 = STYLED_ITEM ( 'NONE', ( #4477 ), #3696 ) ;
#4955 = EDGE_CURVE ( 'NONE', #6321, #7073, #5414, .T. ) ;
#4956 = CARTESIAN_POINT ( 'NONE',  ( -2.615000000000000213, -1.550000000000000266, -3.252606517456513302E-16 ) ) ;
#4957 = CARTESIAN_POINT ( 'NONE',  ( -2.765000000000000124, -1.749999999999990008, 0.4700000000000009726 ) ) ;
#4958 = EDGE_CURVE ( 'NONE', #138, #1514, #470, .T. ) ;
#4959 = UNCERTAINTY_MEASURE_WITH_UNIT (LENGTH_MEASURE( 1.000000000000000082E-05 ), #3303, 'distance_accuracy_value', 'NONE');
#4960 = SURFACE_STYLE_FILL_AREA ( #3537 ) ;
#4961 = CARTESIAN_POINT ( 'NONE',  ( -0.1749999999999980460, 1.349999999999999867, 0.3099999999999987210 ) ) ;
#4962 = EDGE_LOOP ( 'NONE', ( #2440, #6451, #4674, #6407 ) ) ;
#4963 = ORIENTED_EDGE ( 'NONE', *, *, #3741, .T. ) ;
#4964 = ORIENTED_EDGE ( 'NONE', *, *, #3831, .T. ) ;
#4965 = ORIENTED_EDGE ( 'NONE', *, *, #1678, .F. ) ;
#4966 = ADVANCED_FACE ( 'NONE', ( #3605 ), #6716, .T. ) ;
#4967 = DIRECTION ( 'NONE',  ( 1.000000000000000000, 0.0000000000000000000, -2.289834988289389802E-16 ) ) ;
#4968 = PRESENTATION_STYLE_ASSIGNMENT (( #7165 ) ) ;
#4969 = ORIENTED_EDGE ( 'NONE', *, *, #3083, .T. ) ;
#4970 = ORIENTED_EDGE ( 'NONE', *, *, #803, .T. ) ;
#4972 = CARTESIAN_POINT ( 'NONE',  ( -0.6749999999999980460, 1.299999999999994715, 0.1099999999999989597 ) ) ;
#4971 = DIRECTION ( 'NONE',  ( -2.232893331421829163E-16, 0.2216211035889688874, -0.9751328557914595851 ) ) ;
#4973 = EDGE_LOOP ( 'NONE', ( #107, #2536, #5607, #5567 ) ) ;
#4974 = LINE ( 'NONE', #3925, #3187 ) ;
#4975 = CARTESIAN_POINT ( 'NONE',  ( -47.60249999999999915, -1.899999999999999911, 0.03000000000001010886 ) ) ;
#4976 = CIRCLE ( 'NONE', #7457, 0.04999999999999720640 ) ;
#4977 = FACE_OUTER_BOUND ( 'NONE', #5181, .T. ) ;
#4978 = CARTESIAN_POINT ( 'NONE',  ( -3.000000000000000000, 0.6948629999999990092, 0.8416139999999999732 ) ) ;
#4979 = CARTESIAN_POINT ( 'NONE',  ( -0.3249999999999980682, 1.245779075397750235, -6.776263578034402713E-16 ) ) ;
#4980 = VERTEX_POINT ( 'NONE', #6221 ) ;
#4981 = CARTESIAN_POINT ( 'NONE',  ( 2.765000000000000124, -1.000000000000000000, 0.5099999999999980105 ) ) ;
#4982 = FACE_OUTER_BOUND ( 'NONE', #2099, .T. ) ;
#4983 = MECHANICAL_DESIGN_GEOMETRIC_PRESENTATION_REPRESENTATION (  '', ( #4177 ), #5419 ) ;
#4984 = CARTESIAN_POINT ( 'NONE',  ( 2.284999999999998810, -1.800000000000000266, 0.9199999999999940448 ) ) ;
#4985 = DIRECTION ( 'NONE',  ( 1.000000000000000000, 4.948562843061550213E-17, -2.177367650947074402E-16 ) ) ;
#4986 = VECTOR ( 'NONE', #7347, 1000.000000000000000 ) ;
#4987 = SURFACE_SIDE_STYLE ('',( #4586 ) ) ;
#4988 = DIRECTION ( 'NONE',  ( 2.289834988289389802E-16, -0.0000000000000000000, 1.000000000000000000 ) ) ;
#4989 =( NAMED_UNIT ( * ) PLANE_ANGLE_UNIT ( ) SI_UNIT ( $, .RADIAN. ) );
#4990 = PLANE ( 'NONE',  #6603 ) ;
#4991 = VERTEX_POINT ( 'NONE', #2527 ) ;
#4992 = ORIENTED_EDGE ( 'NONE', *, *, #5938, .F. ) ;
#4993 = LINE ( 'NONE', #6861, #451 ) ;
#4994 = DIRECTION ( 'NONE',  ( 0.0000000000000000000, 0.0000000000000000000, -1.000000000000000000 ) ) ;
#4995 = VECTOR ( 'NONE', #1089, 1000.000000000000000 ) ;
#4996 = EDGE_CURVE ( 'NONE', #5941, #1878, #2124, .T. ) ;
#4997 = EDGE_CURVE ( 'NONE', #998, #4023, #264, .T. ) ;
#4998 = DIRECTION ( 'NONE',  ( 2.804146475863970139E-32, 1.000000000000000000, -1.065228634467009955E-16 ) ) ;
#4999 = ORIENTED_EDGE ( 'NONE', *, *, #6009, .F. ) ;
#5000 = ORIENTED_EDGE ( 'NONE', *, *, #594, .F. ) ;
#5001 = VECTOR ( 'NONE', #7772, 1000.000000000000000 ) ;
#5002 = FACE_OUTER_BOUND ( 'NONE', #7820, .T. ) ;
#5003 = PLANE ( 'NONE',  #906 ) ;
#5004 = MECHANICAL_DESIGN_GEOMETRIC_PRESENTATION_REPRESENTATION (  '', ( #2534 ), #5434 ) ;
#5005 = ORIENTED_EDGE ( 'NONE', *, *, #2038, .T. ) ;
#5006 = ORIENTED_EDGE ( 'NONE', *, *, #7333, .T. ) ;
#5007 = EDGE_CURVE ( 'NONE', #7984, #5038, #6856, .T. ) ;
#5008 = LINE ( 'NONE', #1311, #6472 ) ;
#5009 = FACE_OUTER_BOUND ( 'NONE', #7879, .T. ) ;
#5010 = EDGE_CURVE ( 'NONE', #2859, #5836, #5008, .T. ) ;
#5011 = DIRECTION ( 'NONE',  ( 0.7071067811865475727, 7.532303909457063898E-17, 0.7071067811865475727 ) ) ;
#5012 = ADVANCED_FACE ( 'NONE', ( #3413 ), #2554, .F. ) ;
#5013 = DIRECTION ( 'NONE',  ( 0.0000000000000000000, 0.0000000000000000000, -1.000000000000000000 ) ) ;
#5014 = DIRECTION ( 'NONE',  ( 2.439197797730288502E-32, -1.000000000000000000, 1.065228634467009955E-16 ) ) ;
#5015 = VERTEX_POINT ( 'NONE', #5596 ) ;
#5016 = VECTOR ( 'NONE', #6338, 1000.000000000000000 ) ;
#5017 = DIRECTION ( 'NONE',  ( -0.7071067811865520136, 0.0000000000000000000, 0.7071067811865431318 ) ) ;
#5018 = CARTESIAN_POINT ( 'NONE',  ( 21.78500000000000369, -1.800000000000000266, 0.9199999999999980416 ) ) ;
#5019 = FILL_AREA_STYLE_COLOUR ( '', #3903 ) ;
#5020 = VECTOR ( 'NONE', #2407, 1000.000000000000000 ) ;
#5021 = DIRECTION ( 'NONE',  ( 2.289834988289389802E-16, -1.200639317332289951E-47, 1.000000000000000000 ) ) ;
#5022 = MECHANICAL_DESIGN_GEOMETRIC_PRESENTATION_REPRESENTATION (  '', ( #3812 ), #5447 ) ;
#5023 = CARTESIAN_POINT ( 'NONE',  ( -0.8374999999999980238, 0.9199999999999990408, 0.07999999999999930778 ) ) ;
#5024 = ORIENTED_EDGE ( 'NONE', *, *, #4955, .T. ) ;
#5025 = ORIENTED_EDGE ( 'NONE', *, *, #3132, .T. ) ;
#5026 = LINE ( 'NONE', #6041, #1769 ) ;
#5027 = CARTESIAN_POINT ( 'NONE',  ( -1.824999999999999956, 0.9199999999999860512, -3.685246552365122542E-16 ) ) ;
#5028 = DIRECTION ( 'NONE',  ( -2.289834988289389802E-16, -2.289834988289389802E-16, -1.000000000000000000 ) ) ;
#5030 = DIRECTION ( 'NONE',  ( 0.0000000000000000000, 0.0000000000000000000, -1.000000000000000000 ) ) ;
#5029 = CARTESIAN_POINT ( 'NONE',  ( -0.9500000000000019540, 0.6999999999999991784, 0.02999999999999916275 ) ) ;
#5031 = VERTEX_POINT ( 'NONE', #4403 ) ;
#5032 = EDGE_LOOP ( 'NONE', ( #8001, #6236, #7958, #2315, #7027, #812, #4723, #4965, #7364, #1067, #732 ) ) ;
#5033 = CARTESIAN_POINT ( 'NONE',  ( 0.9000000000000005773, 0.9199999999999992628, 0.07999999999999876654 ) ) ;
#5034 = CIRCLE ( 'NONE', #75, 0.04999999999999720640 ) ;
#5035 = VECTOR ( 'NONE', #1849, 1000.000000000000000 ) ;
#5036 = CARTESIAN_POINT ( 'NONE',  ( -2.765000000000000124, -1.799999999999990274, 0.4200000000000000400 ) ) ;
#5037 = ORIENTED_EDGE ( 'NONE', *, *, #2720, .F. ) ;
#5038 = VERTEX_POINT ( 'NONE', #7482 ) ;
#5039 = PLANE ( 'NONE',  #6277 ) ;
#5040 = CARTESIAN_POINT ( 'NONE',  ( -0.3249999999999980127, 1.350000000000000089, 0.3100000000000010525 ) ) ;
#5041 = DIRECTION ( 'NONE',  ( -1.000000000000000000, 0.0000000000000000000, -0.0000000000000000000 ) ) ;
#5042 = FILL_AREA_STYLE ('',( #3983 ) ) ;
#5043 = DIRECTION ( 'NONE',  ( -2.289834988289389802E-16, 0.0000000000000000000, -1.000000000000000000 ) ) ;
#5044 = DIRECTION ( 'NONE',  ( 2.439197797730288502E-32, -1.000000000000000000, 1.065228634467009955E-16 ) ) ;
#5045 = EDGE_CURVE ( 'NONE', #5491, #1753, #3221, .T. ) ;
#5046 = EDGE_CURVE ( 'NONE', #6631, #5779, #4812, .T. ) ;
#5047 = VERTEX_POINT ( 'NONE', #5029 ) ;
#5048 = ORIENTED_EDGE ( 'NONE', *, *, #7491, .T. ) ;
#5049 = DIRECTION ( 'NONE',  ( -5.243344273594249610E-32, -1.000000000000000000, 1.200639317332292868E-47 ) ) ;
#5050 = LINE ( 'NONE', #1976, #4851 ) ;
#5051 = DIRECTION ( 'NONE',  ( 1.000000000000000000, -5.243344273594249610E-32, -2.289834988289389802E-16 ) ) ;
#5052 = VECTOR ( 'NONE', #3908, 1000.000000000000000 ) ;
#5053 = DIRECTION ( 'NONE',  ( 0.0000000000000000000, 0.0000000000000000000, -1.000000000000000000 ) ) ;
#5054 = CARTESIAN_POINT ( 'NONE',  ( 0.6750000000000010436, 1.249999999999990008, -9.992007221626412808E-16 ) ) ;
#5055 = ORIENTED_EDGE ( 'NONE', *, *, #7186, .T. ) ;
#5056 = ADVANCED_FACE ( 'NONE', ( #4615 ), #2586, .T. ) ;
#5057 = CARTESIAN_POINT ( 'NONE',  ( 2.477500000000000036, -0.8000000000000010436, 0.1549999999999979727 ) ) ;
#5058 = ORIENTED_EDGE ( 'NONE', *, *, #4380, .T. ) ;
#5059 = CARTESIAN_POINT ( 'NONE',  ( -1.550000000000002043, 0.9999999999999988898, 0.02999999999999748007 ) ) ;
#5060 = EDGE_CURVE ( 'NONE', #7100, #6535, #57, .T. ) ;
#5061 = UNCERTAINTY_MEASURE_WITH_UNIT (LENGTH_MEASURE( 1.000000000000000082E-05 ), #673, 'distance_accuracy_value', 'NONE');
#5062 = CARTESIAN_POINT ( 'NONE',  ( 2.265000000000000568, -1.649999999999999911, 0.7199999999999988631 ) ) ;
#5063 = VECTOR ( 'NONE', #6013, 1000.000000000000000 ) ;
#5064 = COLOUR_RGB ( '',0.3176470588235293935, 0.2470588235294117752, 0.2078431372549019440 ) ;
#5065 = ORIENTED_EDGE ( 'NONE', *, *, #904, .T. ) ;
#5066 = VERTEX_POINT ( 'NONE', #5059 ) ;
#5067 = FILL_AREA_STYLE_COLOUR ( '', #4171 ) ;
#5068 = ORIENTED_EDGE ( 'NONE', *, *, #7978, .T. ) ;
#5069 = CARTESIAN_POINT ( 'NONE',  ( 0.8250000000000019540, 0.9999999999999988898, 0.3099999999999970002 ) ) ;
#5070 =( LENGTH_UNIT ( ) NAMED_UNIT ( * ) SI_UNIT ( .MILLI., .METRE. ) );
#5071 = ORIENTED_EDGE ( 'NONE', *, *, #3939, .F. ) ;
#5072 = DIRECTION ( 'NONE',  ( 0.0000000000000000000, 0.7071067811865432429, 0.7071067811865517916 ) ) ;
#5073 = CARTESIAN_POINT ( 'NONE',  ( 0.1750000000000020151, 1.299999999999994715, 0.1099999999999990152 ) ) ;
#5074 = ORIENTED_EDGE ( 'NONE', *, *, #3599, .T. ) ;
#5075 = ORIENTED_EDGE ( 'NONE', *, *, #1465, .F. ) ;
#5076 = DIRECTION ( 'NONE',  ( 1.000000000000000000, -5.243344273594249610E-32, -2.289834988289389802E-16 ) ) ;
#5077 = EDGE_CURVE ( 'NONE', #3271, #3591, #1346, .T. ) ;
#5078 = ORIENTED_EDGE ( 'NONE', *, *, #5620, .T. ) ;
#5079 = ORIENTED_EDGE ( 'NONE', *, *, #3700, .F. ) ;
#5080 = VECTOR ( 'NONE', #6947, 1000.000000000000000 ) ;
#5081 = ORIENTED_EDGE ( 'NONE', *, *, #5322, .F. ) ;
#5082 = CARTESIAN_POINT ( 'NONE',  ( -0.4500000000000019540, 0.6999999999999991784, 0.02999999999999906214 ) ) ;
#5083 = ORIENTED_EDGE ( 'NONE', *, *, #6637, .T. ) ;
#5084 = VECTOR ( 'NONE', #1230, 1000.000000000000000 ) ;
#5085 = CARTESIAN_POINT ( 'NONE',  ( 1.850000000000000089, 1.350000000000000089, 0.3099999999999980549 ) ) ;
#5086 = AXIS2_PLACEMENT_3D ( 'NONE', #6609, #2936, #7226 ) ;
#5087 = CARTESIAN_POINT ( 'NONE',  ( 0.8250000000000019540, 0.9999999999999988898, 0.07866077735406379334 ) ) ;
#5088 = PRESENTATION_STYLE_ASSIGNMENT (( #3654 ) ) ;
#5089 =( NAMED_UNIT ( * ) SI_UNIT ( $, .STERADIAN. ) SOLID_ANGLE_UNIT ( ) );
#5090 = CARTESIAN_POINT ( 'NONE',  ( -1.825000000000000178, 1.673724317761259961, 0.3099999999999988876 ) ) ;
#5091 = ORIENTED_EDGE ( 'NONE', *, *, #2810, .T. ) ;
#5092 = EDGE_LOOP ( 'NONE', ( #2946, #7308, #7011, #5440 ) ) ;
#5093 = VECTOR ( 'NONE', #6446, 1000.000000000000000 ) ;
#5094 = VECTOR ( 'NONE', #7722, 1000.000000000000000 ) ;
#5095 = VECTOR ( 'NONE', #631, 1000.000000000000000 ) ;
#5096 = DIRECTION ( 'NONE',  ( 0.0000000000000000000, -0.9738685962292472631, -0.2271122129663562805 ) ) ;
#5097 = AXIS2_PLACEMENT_3D ( 'NONE', #6343, #2655, #6976 ) ;
#5098 = ADVANCED_FACE ( 'NONE', ( #4421 ), #7515, .F. ) ;
#5099 = ORIENTED_EDGE ( 'NONE', *, *, #2011, .T. ) ;
#5100 = VERTEX_POINT ( 'NONE', #3880 ) ;
#5101 = VECTOR ( 'NONE', #5390, 1000.000000000000000 ) ;
#5102 =( LENGTH_UNIT ( ) NAMED_UNIT ( * ) SI_UNIT ( .MILLI., .METRE. ) );
#5103 = SURFACE_SIDE_STYLE ('',( #2154 ) ) ;
#5104 = VECTOR ( 'NONE', #312, 1000.000000000000000 ) ;
#5105 = CARTESIAN_POINT ( 'NONE',  ( -0.8249999999999979572, 0.9199999999999870504, 0.1705002310154649925 ) ) ;
#5106 = FILL_AREA_STYLE ('',( #4464 ) ) ;
#5107 = ORIENTED_EDGE ( 'NONE', *, *, #1507, .T. ) ;
#5108 = VECTOR ( 'NONE', #4481, 1000.000000000000000 ) ;
#5109 = EDGE_CURVE ( 'NONE', #5797, #5681, #2822, .T. ) ;
#5110 = EDGE_CURVE ( 'NONE', #4527, #7453, #1144, .T. ) ;
#5111 = LINE ( 'NONE', #7318, #6768 ) ;
#5112 = VECTOR ( 'NONE', #5687, 1000.000000000000114 ) ;
#5113 = CARTESIAN_POINT ( 'NONE',  ( -1.675000000000000044, 0.9499999999999869660, 0.03619548911246139866 ) ) ;
#5114 = CARTESIAN_POINT ( 'NONE',  ( -2.769999999999999574, 1.899999999999999911, 0.8900000000000009015 ) ) ;
#5115 = CARTESIAN_POINT ( 'NONE',  ( 1.675000000000000044, 1.350000000000000089, 0.1705002310154639933 ) ) ;
#5116 = SURFACE_SIDE_STYLE ('',( #7332 ) ) ;
#5117 = ORIENTED_EDGE ( 'NONE', *, *, #5380, .F. ) ;
#5118 = COLOUR_RGB ( '',0.3176470588235293935, 0.2470588235294117752, 0.2078431372549019440 ) ;
#5119 = PLANE ( 'NONE',  #4647 ) ;
#5120 = AXIS2_PLACEMENT_3D ( 'NONE', #1534, #7688, #4009 ) ;
#5121 = PLANE ( 'NONE',  #1421 ) ;
#5122 = EDGE_CURVE ( 'NONE', #4896, #5579, #7715, .T. ) ;
#5123 = DIRECTION ( 'NONE',  ( -1.000000000000000000, 5.243344273594249610E-32, 2.289834988289389802E-16 ) ) ;
#5124 = LINE ( 'NONE', #3139, #3706 ) ;
#5125 = EDGE_CURVE ( 'NONE', #5031, #4384, #2609, .T. ) ;
#5126 = CARTESIAN_POINT ( 'NONE',  ( -0.3999999999999984679, 0.9199999999999981526, 0.07999999999999930778 ) ) ;
#5127 = PLANE ( 'NONE',  #7717 ) ;
#5128 = SURFACE_STYLE_USAGE ( .BOTH. , #796 ) ;
#5129 = CARTESIAN_POINT ( 'NONE',  ( -1.337499999999999911, 0.9199999999999990408, 0.07999999999999940492 ) ) ;
#5130 = ORIENTED_EDGE ( 'NONE', *, *, #2494, .T. ) ;
#5131 = VERTEX_POINT ( 'NONE', #3295 ) ;
#5132 = FACE_OUTER_BOUND ( 'NONE', #3250, .T. ) ;
#5133 = VECTOR ( 'NONE', #3506, 1000.000000000000000 ) ;
#5134 = ORIENTED_EDGE ( 'NONE', *, *, #5954, .T. ) ;
#5135 = ORIENTED_EDGE ( 'NONE', *, *, #6589, .T. ) ;
#5136 = CARTESIAN_POINT ( 'NONE',  ( 0.6750000000000010436, 0.9999999999999988898, 0.07866077735406379334 ) ) ;
#5137 = ADVANCED_FACE ( 'NONE', ( #4070 ), #4449, .T. ) ;
#5138 = VECTOR ( 'NONE', #450, 1000.000000000000000 ) ;
#5139 = DIRECTION ( 'NONE',  ( 0.0000000000000000000, -1.065228634467009955E-16, -1.000000000000000000 ) ) ;
#5140 = PLANE ( 'NONE',  #6292 ) ;
#5141 = FILL_AREA_STYLE ('',( #182 ) ) ;
#5142 = ORIENTED_EDGE ( 'NONE', *, *, #761, .F. ) ;
#5143 = EDGE_LOOP ( 'NONE', ( #6750, #4125, #91, #3524 ) ) ;
#5144 = DIRECTION ( 'NONE',  ( 2.289834988289389802E-16, -1.200639317332289951E-47, 1.000000000000000000 ) ) ;
#5145 = FACE_OUTER_BOUND ( 'NONE', #7950, .T. ) ;
#5146 = CARTESIAN_POINT ( 'NONE',  ( -0.8249999999999980682, 0.9999999999999988898, 0.07999999999999918288 ) ) ;
#5147 = FILL_AREA_STYLE_COLOUR ( '', #2313 ) ;
#5148 = ORIENTED_EDGE ( 'NONE', *, *, #1448, .T. ) ;
#5149 = VERTEX_POINT ( 'NONE', #4510 ) ;
#5150 = CARTESIAN_POINT ( 'NONE',  ( -2.433678328689710124, -0.8000000000000010436, 0.1799999999999999933 ) ) ;
#5151 = DIRECTION ( 'NONE',  ( -1.000000000000000000, 5.243344273594249610E-32, 2.289834988289389802E-16 ) ) ;
#5152 = SURFACE_STYLE_USAGE ( .BOTH. , #5103 ) ;
#5153 = CARTESIAN_POINT ( 'NONE',  ( -0.04999999999999858030, 0.6999999999999977351, 0.02999999999999867356 ) ) ;
#5154 = DIRECTION ( 'NONE',  ( 0.0000000000000000000, 0.0000000000000000000, -1.000000000000000000 ) ) ;
#5155 = EDGE_CURVE ( 'NONE', #5240, #1642, #6765, .T. ) ;
#5156 = EDGE_CURVE ( 'NONE', #106, #4569, #1841, .T. ) ;
#5157 = FACE_OUTER_BOUND ( 'NONE', #4240, .T. ) ;
#5158 = FACE_OUTER_BOUND ( 'NONE', #6319, .T. ) ;
#5159 = ORIENTED_EDGE ( 'NONE', *, *, #7903, .F. ) ;
#5160 = EDGE_LOOP ( 'NONE', ( #6348, #6031, #4453, #462 ) ) ;
#5161 = DIRECTION ( 'NONE',  ( 1.000000000000000000, -5.243344273594249610E-32, -2.289834988289389802E-16 ) ) ;
#5162 = CARTESIAN_POINT ( 'NONE',  ( -0.1749999999999979905, 0.9199999999999870504, 0.1705002310154649925 ) ) ;
#5163 = CARTESIAN_POINT ( 'NONE',  ( 0.3250000000000020095, 0.9499999999999869660, 0.03619548911246096845 ) ) ;
#5164 = FACE_OUTER_BOUND ( 'NONE', #2717, .T. ) ;
#5165 = ORIENTED_EDGE ( 'NONE', *, *, #2689, .F. ) ;
#5166 = ORIENTED_EDGE ( 'NONE', *, *, #8022, .F. ) ;
#5167 = ORIENTED_EDGE ( 'NONE', *, *, #1954, .F. ) ;
#5169 = AXIS2_PLACEMENT_3D ( 'NONE', #4404, #705, #5030 ) ;
#5168 = DIRECTION ( 'NONE',  ( -5.326143172335038067E-17, 1.000000000000000000, -5.326143172335105860E-17 ) ) ;
#5170 = EDGE_CURVE ( 'NONE', #3734, #6157, #3505, .T. ) ;
#5171 = ORIENTED_EDGE ( 'NONE', *, *, #6355, .F. ) ;
#5172 = FILL_AREA_STYLE_COLOUR ( '', #4929 ) ;
#5173 = DIRECTION ( 'NONE',  ( 2.804146475863970139E-32, 1.000000000000000000, -1.065228634467009955E-16 ) ) ;
#5174 = FILL_AREA_STYLE_COLOUR ( '', #7770 ) ;
#5175 = EDGE_CURVE ( 'NONE', #6826, #4774, #4904, .T. ) ;
#5176 = FACE_OUTER_BOUND ( 'NONE', #1316, .T. ) ;
#5177 = ORIENTED_EDGE ( 'NONE', *, *, #7373, .T. ) ;
#5178 = VERTEX_POINT ( 'NONE', #3950 ) ;
#5179 = CARTESIAN_POINT ( 'NONE',  ( -2.265000000000000568, -1.780000000000000249, 0.1888888888888863304 ) ) ;
#5180 = DIRECTION ( 'NONE',  ( 0.0000000000000000000, 0.0000000000000000000, -1.000000000000000000 ) ) ;
#5181 = EDGE_LOOP ( 'NONE', ( #1301, #1505, #5510, #2197, #2371, #2707 ) ) ;
#5182 = LINE ( 'NONE', #7560, #6643 ) ;
#5183 = AXIS2_PLACEMENT_3D ( 'NONE', #3094, #3192, #2565 ) ;
#5184 = DIRECTION ( 'NONE',  ( 2.229998385641999896E-16, -0.2271122129663560585, 0.9738685962292472631 ) ) ;
#5185 = LINE ( 'NONE', #1446, #2685 ) ;
#5186 = CARTESIAN_POINT ( 'NONE',  ( 1.662500000000000089, 0.9999999999999988898, 0.07999999999999829470 ) ) ;
#5187 =( LENGTH_UNIT ( ) NAMED_UNIT ( * ) SI_UNIT ( .MILLI., .METRE. ) );
#5188 = EDGE_CURVE ( 'NONE', #6979, #4665, #4713, .T. ) ;
#5189 = DIRECTION ( 'NONE',  ( -1.000000000000000000, 5.243344273594249610E-32, 2.289834988289389802E-16 ) ) ;
#5190 = ORIENTED_EDGE ( 'NONE', *, *, #7346, .F. ) ;
#5191 = LINE ( 'NONE', #4782, #34 ) ;
#5192 = CARTESIAN_POINT ( 'NONE',  ( 1.175000000000000044, 0.9999999999999988898, 0.07866077735406359905 ) ) ;
#5193 = VECTOR ( 'NONE', #2382, 1000.000000000000000 ) ;
#5194 = CARTESIAN_POINT ( 'NONE',  ( 2.799999999999999822, 0.2899999999999989808, 0.3099999999999979994 ) ) ;
#5195 = DIRECTION ( 'NONE',  ( -0.7071067811865431318, -7.532303909457119365E-17, -0.7071067811865520136 ) ) ;
#5196 = ORIENTED_EDGE ( 'NONE', *, *, #5985, .T. ) ;
#5197 = VERTEX_POINT ( 'NONE', #5787 ) ;
#5198 = VECTOR ( 'NONE', #2051, 1000.000000000000114 ) ;
#5199 = PLANE ( 'NONE',  #528 ) ;
#5200 = AXIS2_PLACEMENT_3D ( 'NONE', #5242, #4501, #5970 ) ;
#5201 = LINE ( 'NONE', #7874, #3596 ) ;
#5202 = CARTESIAN_POINT ( 'NONE',  ( 0.8250000000000019540, 1.299999999999994715, 0.1099999999999979605 ) ) ;
#5203 = DIRECTION ( 'NONE',  ( 0.7071067811865431318, -7.532303909457139086E-17, -0.7071067811865520136 ) ) ;
#5204 = DIRECTION ( 'NONE',  ( -2.289834988289389802E-16, 0.0000000000000000000, -1.000000000000000000 ) ) ;
#5205 = VERTEX_POINT ( 'NONE', #7616 ) ;
#5206 = ORIENTED_EDGE ( 'NONE', *, *, #4730, .F. ) ;
#5207 = CARTESIAN_POINT ( 'NONE',  ( -3.000000000000001332, 0.9999999999999988898, 1.000000000000000222 ) ) ;
#5208 = FACE_OUTER_BOUND ( 'NONE', #3573, .T. ) ;
#5209 = CARTESIAN_POINT ( 'NONE',  ( -2.799999999999999822, 0.6948629999999990092, 0.8416139999999999732 ) ) ;
#5210 = EDGE_CURVE ( 'NONE', #8013, #4169, #6574, .T. ) ;
#5211 = CARTESIAN_POINT ( 'NONE',  ( 1.824999999999999956, 0.9999999999999988898, 0.07999999999999790612 ) ) ;
#5212 =( NAMED_UNIT ( * ) PLANE_ANGLE_UNIT ( ) SI_UNIT ( $, .RADIAN. ) );
#5213 = ORIENTED_EDGE ( 'NONE', *, *, #1925, .F. ) ;
#5214 = VERTEX_POINT ( 'NONE', #6408 ) ;
#5215 = VECTOR ( 'NONE', #7, 1000.000000000000114 ) ;
#5216 = LINE ( 'NONE', #5385, #59 ) ;
#5217 = EDGE_CURVE ( 'NONE', #3926, #5178, #1453, .T. ) ;
#5218 = ORIENTED_EDGE ( 'NONE', *, *, #4685, .F. ) ;
#5219 = EDGE_CURVE ( 'NONE', #241, #1746, #6176, .T. ) ;
#5220 = LINE ( 'NONE', #2646, #3415 ) ;
#5221 = VECTOR ( 'NONE', #4763, 1000.000000000000227 ) ;
#5222 = MANIFOLD_SOLID_BREP ( 'Imported1', #4819 ) ;
#5223 = FILL_AREA_STYLE_COLOUR ( '', #7050 ) ;
#5224 = ORIENTED_EDGE ( 'NONE', *, *, #3084, .T. ) ;
#5225 = VECTOR ( 'NONE', #2168, 1000.000000000000341 ) ;
#5226 = PLANE ( 'NONE',  #4468 ) ;
#5227 = DIRECTION ( 'NONE',  ( 0.2163711612039582177, 0.9520331092974136933, 0.2163711612039584120 ) ) ;
#5228 = SURFACE_STYLE_FILL_AREA ( #791 ) ;
#5229 = DIRECTION ( 'NONE',  ( 0.0000000000000000000, 0.0000000000000000000, -1.000000000000000000 ) ) ;
#5230 = AXIS2_PLACEMENT_3D ( 'NONE', #725, #976, #1034 ) ;
#5231 = CARTESIAN_POINT ( 'NONE',  ( -0.3249999999999980127, 1.673724317761259961, 0.3099999999999984990 ) ) ;
#5232 = EDGE_CURVE ( 'NONE', #883, #908, #2310, .T. ) ;
#5233 = ORIENTED_EDGE ( 'NONE', *, *, #7081, .F. ) ;
#5234 =( NAMED_UNIT ( * ) SI_UNIT ( $, .STERADIAN. ) SOLID_ANGLE_UNIT ( ) );
#5235 = ORIENTED_EDGE ( 'NONE', *, *, #2075, .T. ) ;
#5236 = LINE ( 'NONE', #5895, #1950 ) ;
#5237 = LINE ( 'NONE', #5277, #6874 ) ;
#5238 = CARTESIAN_POINT ( 'NONE',  ( -2.527499999999999858, -1.824999999999999956, 0.1799999999999990219 ) ) ;
#5239 = DIRECTION ( 'NONE',  ( -1.000000000000000000, 0.0000000000000000000, -0.0000000000000000000 ) ) ;
#5240 = VERTEX_POINT ( 'NONE', #4584 ) ;
#5241 = ORIENTED_EDGE ( 'NONE', *, *, #3951, .F. ) ;
#5242 = CARTESIAN_POINT ( 'NONE',  ( 0.6625000000000019762, 0.9199999999999990408, 0.07999999999999900246 ) ) ;
#5243 = VECTOR ( 'NONE', #2836, 999.9999999999998863 ) ;
#5244 = MECHANICAL_DESIGN_GEOMETRIC_PRESENTATION_REPRESENTATION (  '', ( #4017 ), #5648 ) ;
#5245 = PLANE ( 'NONE',  #4912 ) ;
#5246 = CARTESIAN_POINT ( 'NONE',  ( 1.175000000000000044, 0.9199999999999870504, 0.1705002310154649925 ) ) ;
#5247 = ORIENTED_EDGE ( 'NONE', *, *, #6288, .F. ) ;
#5248 = CARTESIAN_POINT ( 'NONE',  ( 4.325000000000000178, 0.9999999999999988898, 0.07999999999999890532 ) ) ;
#5249 = EDGE_LOOP ( 'NONE', ( #710, #6272, #3461, #5815 ) ) ;
#5250 = ADVANCED_FACE ( 'NONE', ( #2926 ), #5199, .F. ) ;
#5251 = CARTESIAN_POINT ( 'NONE',  ( 7.084999999999999964, -0.6000000000000009770, 0.3299999999999970179 ) ) ;
#5252 = LINE ( 'NONE', #3730, #6704 ) ;
#5253 = FILL_AREA_STYLE ('',( #3424 ) ) ;
#5254 = DIRECTION ( 'NONE',  ( 1.000000000000000000, -5.243344273594249610E-32, 0.0000000000000000000 ) ) ;
#5255 = CIRCLE ( 'NONE', #3834, 0.05000000000000070360 ) ;
#5256 =( GEOMETRIC_REPRESENTATION_CONTEXT ( 3 ) GLOBAL_UNCERTAINTY_ASSIGNED_CONTEXT ( ( #7253 ) ) GLOBAL_UNIT_ASSIGNED_CONTEXT ( ( #3127, #7395, #3727 ) ) REPRESENTATION_CONTEXT ( 'NONE', 'WORKASPACE' ) );
#5257 = ORIENTED_EDGE ( 'NONE', *, *, #6154, .F. ) ;
#5258 = ORIENTED_EDGE ( 'NONE', *, *, #5721, .F. ) ;
#5259 = DIRECTION ( 'NONE',  ( -1.000000000000000000, 5.243344273594249610E-32, 2.289834988289389802E-16 ) ) ;
#5260 = CARTESIAN_POINT ( 'NONE',  ( -0.1749999999999979905, 1.299999999999990274, 0.04999999999999988481 ) ) ;
#5261 = LINE ( 'NONE', #7283, #5063 ) ;
#5262 = VECTOR ( 'NONE', #2331, 1000.000000000000000 ) ;
#5263 = DIRECTION ( 'NONE',  ( 0.0000000000000000000, -2.289834988289389802E-16, -1.000000000000000000 ) ) ;
#5264 = DIRECTION ( 'NONE',  ( -2.289834988289389802E-16, -2.289834988289389802E-16, -1.000000000000000000 ) ) ;
#5265 = ORIENTED_EDGE ( 'NONE', *, *, #16, .T. ) ;
#5266 = VERTEX_POINT ( 'NONE', #892 ) ;
#5267 =( NAMED_UNIT ( * ) SI_UNIT ( $, .STERADIAN. ) SOLID_ANGLE_UNIT ( ) );
#5268 = VERTEX_POINT ( 'NONE', #4610 ) ;
#5269 = EDGE_CURVE ( 'NONE', #2591, #5015, #3212, .T. ) ;
#5270 = EDGE_CURVE ( 'NONE', #2256, #6741, #1747, .T. ) ;
#5271 = FACE_OUTER_BOUND ( 'NONE', #5160, .T. ) ;
#5272 = ORIENTED_EDGE ( 'NONE', *, *, #5541, .T. ) ;
#5273 = VERTEX_POINT ( 'NONE', #7723 ) ;
#5274 = ORIENTED_EDGE ( 'NONE', *, *, #6374, .F. ) ;
#5275 = VERTEX_POINT ( 'NONE', #6497 ) ;
#5276 = VERTEX_POINT ( 'NONE', #3441 ) ;
#5277 = CARTESIAN_POINT ( 'NONE',  ( -1.337499999999999911, 0.9999999999999988898, 0.07999999999999930778 ) ) ;
#5278 = VECTOR ( 'NONE', #3704, 1000.000000000000000 ) ;
#5280 = AXIS2_PLACEMENT_3D ( 'NONE', #6793, #6187, #2491 ) ;
#5279 = CARTESIAN_POINT ( 'NONE',  ( -1.675000000000000044, 0.9999999999999988898, 0.07866077735406450111 ) ) ;
#5281 = LINE ( 'NONE', #1974, #2002 ) ;
#5282 = EDGE_LOOP ( 'NONE', ( #6736, #2189, #7140, #6331, #2348, #4081 ) ) ;
#5283 = EDGE_CURVE ( 'NONE', #854, #6487, #4604, .T. ) ;
#5284 = DIRECTION ( 'NONE',  ( 1.000000000000000000, -5.243344273594249610E-32, -2.289834988289389802E-16 ) ) ;
#5285 = CARTESIAN_POINT ( 'NONE',  ( -2.770000000000000018, 1.899999999999999911, -0.7947080000000009692 ) ) ;
#5286 = SURFACE_STYLE_USAGE ( .BOTH. , #958 ) ;
#5287 = EDGE_CURVE ( 'NONE', #4262, #7301, #6259, .T. ) ;
#5288 = VERTEX_POINT ( 'NONE', #1570 ) ;
#5289 = LINE ( 'NONE', #577, #344 ) ;
#5290 = CARTESIAN_POINT ( 'NONE',  ( -2.602500000000000480, -1.000000000000000000, 1.000000000000000222 ) ) ;
#5291 = CARTESIAN_POINT ( 'NONE',  ( 2.265000000000000568, -1.630000000000000338, 0.2999999999999982681 ) ) ;
#5292 = LINE ( 'NONE', #2351, #547 ) ;
#5293 = SURFACE_SIDE_STYLE ('',( #559 ) ) ;
#5294 = ORIENTED_EDGE ( 'NONE', *, *, #3083, .F. ) ;
#5295 = VERTEX_POINT ( 'NONE', #5892 ) ;
#5296 = PRESENTATION_LAYER_ASSIGNMENT (  '', '', ( #6114 ) ) ;
#5297 = LINE ( 'NONE', #2767, #6064 ) ;
#5298 =( NAMED_UNIT ( * ) PLANE_ANGLE_UNIT ( ) SI_UNIT ( $, .RADIAN. ) );
#5299 = ADVANCED_FACE ( 'NONE', ( #1338 ), #2209, .F. ) ;
#5300 = VECTOR ( 'NONE', #287, 1000.000000000000000 ) ;
#5301 = AXIS2_PLACEMENT_3D ( 'NONE', #5036, #1345, #5657 ) ;
#5302 = LINE ( 'NONE', #4333, #1829 ) ;
#5303 = ORIENTED_EDGE ( 'NONE', *, *, #1030, .F. ) ;
#5304 = VERTEX_POINT ( 'NONE', #6525 ) ;
#5305 = CARTESIAN_POINT ( 'NONE',  ( 0.8250000000000019540, 1.249999999999988676, 2.766197282807094538E-16 ) ) ;
#5306 = VECTOR ( 'NONE', #3556, 1000.000000000000000 ) ;
#5307 = VECTOR ( 'NONE', #196, 1000.000000000000000 ) ;
#5308 = CARTESIAN_POINT ( 'NONE',  ( 0.1750000000000019873, 0.9999999999999988898, 0.07866077735406409865 ) ) ;
#5309 = CARTESIAN_POINT ( 'NONE',  ( -0.8249999999999979572, 1.350000000000000089, 0.1599999999999993650 ) ) ;
#5310 = AXIS2_PLACEMENT_3D ( 'NONE', #5913, #2232, #6551 ) ;
#5311 = ORIENTED_EDGE ( 'NONE', *, *, #713, .F. ) ;
#5312 = ORIENTED_EDGE ( 'NONE', *, *, #2603, .T. ) ;
#5313 = LINE ( 'NONE', #7458, #368 ) ;
#5314 = FILL_AREA_STYLE ('',( #2848 ) ) ;
#5315 = LINE ( 'NONE', #5069, #369 ) ;
#5316 = CARTESIAN_POINT ( 'NONE',  ( -0.6749999999999980460, 0.9999999999999988898, 0.1705002310154649925 ) ) ;
#5317 = ORIENTED_EDGE ( 'NONE', *, *, #1955, .F. ) ;
#5318 = ORIENTED_EDGE ( 'NONE', *, *, #7806, .T. ) ;
#5319 = FACE_OUTER_BOUND ( 'NONE', #5622, .T. ) ;
#5320 = CARTESIAN_POINT ( 'NONE',  ( 0.6750000000000010436, 1.350000000000000089, 0.1599999999999990041 ) ) ;
#5321 = EDGE_CURVE ( 'NONE', #2608, #2191, #4803, .T. ) ;
#5322 = EDGE_CURVE ( 'NONE', #753, #5288, #6069, .T. ) ;
#5323 = VECTOR ( 'NONE', #4227, 1000.000000000000000 ) ;
#5324 = STYLED_ITEM ( 'NONE', ( #1495 ), #6850 ) ;
#5325 = CARTESIAN_POINT ( 'NONE',  ( 0.8250000000000019540, 0.9431866336109967497, 0.06541154699933815486 ) ) ;
#5326 = DIRECTION ( 'NONE',  ( -1.000000000000000000, 0.0000000000000000000, 2.289834988289389802E-16 ) ) ;
#5327 = DIRECTION ( 'NONE',  ( 0.0000000000000000000, 0.0000000000000000000, 1.000000000000000000 ) ) ;
#5328 = VERTEX_POINT ( 'NONE', #2233 ) ;
#5329 = LINE ( 'NONE', #3676, #6783 ) ;
#5330 = LINE ( 'NONE', #7464, #3708 ) ;
#5331 = AXIS2_PLACEMENT_3D ( 'NONE', #5927, #2246, #6566 ) ;
#5332 = EDGE_CURVE ( 'NONE', #4216, #6486, #1136, .T. ) ;
#5333 =( LENGTH_UNIT ( ) NAMED_UNIT ( * ) SI_UNIT ( .MILLI., .METRE. ) );
#5334 = EDGE_LOOP ( 'NONE', ( #1097, #4376, #3698, #342 ) ) ;
#5335 = CARTESIAN_POINT ( 'NONE',  ( -2.765000000000000124, -1.149999999999999911, 0.06782713613135760156 ) ) ;
#5336 = ORIENTED_EDGE ( 'NONE', *, *, #4791, .F. ) ;
#5337 = CYLINDRICAL_SURFACE ( 'NONE', #7546, 0.02999999999999989481 ) ;
#5338 = CARTESIAN_POINT ( 'NONE',  ( -0.9500000000000019540, 0.6999999999999990674, 0.02999999999999913500 ) ) ;
#5339 = ADVANCED_FACE ( 'NONE', ( #4414 ), #5915, .T. ) ;
#5340 = DIRECTION ( 'NONE',  ( 0.0000000000000000000, 0.7071067811865220376, -0.7071067811865729968 ) ) ;
#5341 = CARTESIAN_POINT ( 'NONE',  ( 0.6750000000000011546, 0.9999999999999988898, 0.3099999999999979994 ) ) ;
#5342 = CARTESIAN_POINT ( 'NONE',  ( -47.60249999999999915, 0.9999999999999988898, 0.03000000000000980008 ) ) ;
#5343 = ORIENTED_EDGE ( 'NONE', *, *, #6712, .F. ) ;
#5344 = ORIENTED_EDGE ( 'NONE', *, *, #6426, .T. ) ;
#5345 = VECTOR ( 'NONE', #3382, 1000.000000000000000 ) ;
#5346 =( NAMED_UNIT ( * ) PLANE_ANGLE_UNIT ( ) SI_UNIT ( $, .RADIAN. ) );
#5347 = EDGE_CURVE ( 'NONE', #6846, #1110, #2815, .T. ) ;
#5348 = ORIENTED_EDGE ( 'NONE', *, *, #2927, .F. ) ;
#5349 = VERTEX_POINT ( 'NONE', #6582 ) ;
#5350 = DIRECTION ( 'NONE',  ( -1.000000000000000000, 0.0000000000000000000, 2.289834988289389802E-16 ) ) ;
#5351 = VECTOR ( 'NONE', #1598, 1000.000000000000000 ) ;
#5352 = CARTESIAN_POINT ( 'NONE',  ( -0.3249999999999980127, 1.350000000000000089, 0.1599999999999993650 ) ) ;
#5353 = ORIENTED_EDGE ( 'NONE', *, *, #5683, .T. ) ;
#5354 = EDGE_LOOP ( 'NONE', ( #4214, #7561, #3604, #225 ) ) ;
#5355 = CARTESIAN_POINT ( 'NONE',  ( -47.60249999999999915, 0.6999999999999990674, 0.03000000000000983130 ) ) ;
#5356 = STYLED_ITEM ( 'NONE', ( #4906 ), #1839 ) ;
#5357 = CARTESIAN_POINT ( 'NONE',  ( 0.6750000000000010436, 0.9499999999999869660, 0.03619548911246080192 ) ) ;
#5358 = LINE ( 'NONE', #5523, #7010 ) ;
#5359 = ORIENTED_EDGE ( 'NONE', *, *, #3652, .T. ) ;
#5360 = ORIENTED_EDGE ( 'NONE', *, *, #2190, .F. ) ;
#5361 =( LENGTH_UNIT ( ) NAMED_UNIT ( * ) SI_UNIT ( .MILLI., .METRE. ) );
#5362 = DIRECTION ( 'NONE',  ( 0.7071067811865520136, 0.0000000000000000000, -0.7071067811865431318 ) ) ;
#5363 = MECHANICAL_DESIGN_GEOMETRIC_PRESENTATION_REPRESENTATION (  '', ( #4519 ), #5771 ) ;
#5364 = LINE ( 'NONE', #5867, #7016 ) ;
#5365 = ORIENTED_EDGE ( 'NONE', *, *, #6143, .T. ) ;
#5366 = DIRECTION ( 'NONE',  ( -2.232893331421829163E-16, 0.2216211035889688874, -0.9751328557914595851 ) ) ;
#5367 = VERTEX_POINT ( 'NONE', #2259 ) ;
#5368 = CARTESIAN_POINT ( 'NONE',  ( 3.000000000000001332, -1.000000000000000000, 0.9999999999999988898 ) ) ;
#5369 = VERTEX_POINT ( 'NONE', #7197 ) ;
#5370 = CARTESIAN_POINT ( 'NONE',  ( 7.799999999999999822, -0.02000000000000092329, 0.8400000000000099609 ) ) ;
#5371 = ORIENTED_EDGE ( 'NONE', *, *, #6315, .F. ) ;
#5372 = SURFACE_SIDE_STYLE ('',( #4960 ) ) ;
#5373 = FACE_OUTER_BOUND ( 'NONE', #6813, .T. ) ;
#5374 = ADVANCED_FACE ( 'NONE', ( #7706 ), #2910, .T. ) ;
#5375 = VECTOR ( 'NONE', #1558, 1000.000000000000000 ) ;
#5376 = PLANE ( 'NONE',  #4350 ) ;
#5377 = ORIENTED_EDGE ( 'NONE', *, *, #5620, .F. ) ;
#5378 = CARTESIAN_POINT ( 'NONE',  ( -1.550000000000000488, 0.9999999999999988898, 0.02999999999999601250 ) ) ;
#5379 = ORIENTED_EDGE ( 'NONE', *, *, #4184, .T. ) ;
#5380 = EDGE_CURVE ( 'NONE', #5268, #2324, #3688, .T. ) ;
#5381 = EDGE_CURVE ( 'NONE', #185, #6668, #2022, .T. ) ;
#5382 = ORIENTED_EDGE ( 'NONE', *, *, #3690, .F. ) ;
#5383 = VECTOR ( 'NONE', #5673, 1000.000000000000114 ) ;
#5384 = DIRECTION ( 'NONE',  ( -1.000000000000000000, 0.0000000000000000000, 2.289834988289389802E-16 ) ) ;
#5385 = CARTESIAN_POINT ( 'NONE',  ( -2.769999999999999574, 1.603724317761259899, 0.8900000000000005684 ) ) ;
#5386 = FILL_AREA_STYLE_COLOUR ( '', #7691 ) ;
#5387 = CARTESIAN_POINT ( 'NONE',  ( -2.602500000000000036, -1.749999999999999778, 1.000000000000000444 ) ) ;
#5388 = ORIENTED_EDGE ( 'NONE', *, *, #406, .T. ) ;
#5389 = LINE ( 'NONE', #411, #445 ) ;
#5391 = AXIS2_PLACEMENT_3D ( 'NONE', #3347, #7621, #3953 ) ;
#5390 = DIRECTION ( 'NONE',  ( -0.0000000000000000000, -1.065228634467009955E-16, -1.000000000000000000 ) ) ;
#5392 =( NAMED_UNIT ( * ) SI_UNIT ( $, .STERADIAN. ) SOLID_ANGLE_UNIT ( ) );
#5393 = EDGE_CURVE ( 'NONE', #7276, #3314, #361, .T. ) ;
#5394 = VECTOR ( 'NONE', #2352, 1000.000000000000000 ) ;
#5395 = SURFACE_STYLE_FILL_AREA ( #376 ) ;
#5396 = DIRECTION ( 'NONE',  ( 1.000000000000000000, -5.243344273594249610E-32, -2.289834988289389802E-16 ) ) ;
#5397 = CARTESIAN_POINT ( 'NONE',  ( -2.615000000000000213, -1.824999999999989964, 0.3752010000000010059 ) ) ;
#5398 = EDGE_CURVE ( 'NONE', #1973, #6508, #6759, .T. ) ;
#5399 = VERTEX_POINT ( 'NONE', #7251 ) ;
#5400 = ORIENTED_EDGE ( 'NONE', *, *, #4744, .F. ) ;
#5401 = DIRECTION ( 'NONE',  ( -0.7071067811865431318, -7.532303909457119365E-17, -0.7071067811865520136 ) ) ;
#5402 = FACE_OUTER_BOUND ( 'NONE', #6608, .T. ) ;
#5403 = CARTESIAN_POINT ( 'NONE',  ( 1.950000000000000178, 0.6999999999999999556, 0.02999999999999839601 ) ) ;
#5404 = PLANE ( 'NONE',  #1457 ) ;
#5405 = VECTOR ( 'NONE', #441, 1000.000000000000000 ) ;
#5406 = ORIENTED_EDGE ( 'NONE', *, *, #4351, .T. ) ;
#5407 = DIRECTION ( 'NONE',  ( -1.000000000000000000, -1.144917494144693668E-16, 1.144917494144857357E-16 ) ) ;
#5408 = PRESENTATION_STYLE_ASSIGNMENT (( #2145 ) ) ;
#5409 = AXIS2_PLACEMENT_3D ( 'NONE', #5423, #6667, #2996 ) ;
#5410 = PLANE ( 'NONE',  #5745 ) ;
#5411 = FACE_OUTER_BOUND ( 'NONE', #786, .T. ) ;
#5412 = ORIENTED_EDGE ( 'NONE', *, *, #2236, .F. ) ;
#5413 = EDGE_LOOP ( 'NONE', ( #1077, #5588, #2481, #1972 ) ) ;
#5414 = LINE ( 'NONE', #5478, #7059 ) ;
#5415 = LINE ( 'NONE', #3051, #3607 ) ;
#5416 = CARTESIAN_POINT ( 'NONE',  ( -0.8249999999999979572, 1.249999999999988232, 6.990845258005494433E-16 ) ) ;
#5417 = CARTESIAN_POINT ( 'NONE',  ( 2.765000000000000124, -1.649999999999999911, 0.1699999999999979028 ) ) ;
#5418 = ADVANCED_FACE ( 'NONE', ( #6563 ), #2960, .T. ) ;
#5419 =( GEOMETRIC_REPRESENTATION_CONTEXT ( 3 ) GLOBAL_UNCERTAINTY_ASSIGNED_CONTEXT ( ( #2013 ) ) GLOBAL_UNIT_ASSIGNED_CONTEXT ( ( #2039, #6347, #2658 ) ) REPRESENTATION_CONTEXT ( 'NONE', 'WORKASPACE' ) );
#5420 = DIRECTION ( 'NONE',  ( 0.0000000000000000000, -0.9738685962292471521, -0.2271122129663560307 ) ) ;
#5421 = VERTEX_POINT ( 'NONE', #6001 ) ;
#5422 = CARTESIAN_POINT ( 'NONE',  ( 0.3250000000000019540, 1.299999999999990274, 0.04999999999999969746 ) ) ;
#5423 = CARTESIAN_POINT ( 'NONE',  ( 2.765000000000000124, -1.824999999999989964, 0.1699999999999980138 ) ) ;
#5424 = DIRECTION ( 'NONE',  ( 2.439197797730288502E-32, -1.000000000000000000, 1.065228634467009955E-16 ) ) ;
#5425 = VERTEX_POINT ( 'NONE', #6024 ) ;
#5426 = CARTESIAN_POINT ( 'NONE',  ( -2.765000000000000124, -1.147779969318960092, 0.01787644580804709921 ) ) ;
#5427 = EDGE_CURVE ( 'NONE', #5691, #7704, #4897, .T. ) ;
#5428 = EDGE_CURVE ( 'NONE', #2889, #3931, #3307, .T. ) ;
#5429 = DIRECTION ( 'NONE',  ( -1.000000000000000000, 5.243344273594249610E-32, 2.289834988289389802E-16 ) ) ;
#5430 = ORIENTED_EDGE ( 'NONE', *, *, #5825, .T. ) ;
#5431 = ORIENTED_EDGE ( 'NONE', *, *, #5886, .T. ) ;
#5432 = LINE ( 'NONE', #6639, #285 ) ;
#5433 = LINE ( 'NONE', #5246, #3627 ) ;
#5434 =( GEOMETRIC_REPRESENTATION_CONTEXT ( 3 ) GLOBAL_UNCERTAINTY_ASSIGNED_CONTEXT ( ( #3990 ) ) GLOBAL_UNIT_ASSIGNED_CONTEXT ( ( #455, #4770, #1076 ) ) REPRESENTATION_CONTEXT ( 'NONE', 'WORKASPACE' ) );
#5435 = EDGE_CURVE ( 'NONE', #2414, #889, #150, .T. ) ;
#5436 = CARTESIAN_POINT ( 'NONE',  ( 2.250000000000000444, 0.5100000000000000089, 0.8899999999999991251 ) ) ;
#5437 = ORIENTED_EDGE ( 'NONE', *, *, #364, .F. ) ;
#5438 = EDGE_CURVE ( 'NONE', #632, #492, #3498, .T. ) ;
#5439 = CARTESIAN_POINT ( 'NONE',  ( -2.615000000000000213, -1.000000000000000000, 0.3300000000000000155 ) ) ;
#5440 = ORIENTED_EDGE ( 'NONE', *, *, #4058, .F. ) ;
#5441 = DIRECTION ( 'NONE',  ( -0.0000000000000000000, -1.065228634467009955E-16, -1.000000000000000000 ) ) ;
#5442 = LINE ( 'NONE', #7214, #690 ) ;
#5443 = PLANE ( 'NONE',  #2597 ) ;
#5444 = EDGE_LOOP ( 'NONE', ( #795, #7912, #4575, #1711 ) ) ;
#5445 = VERTEX_POINT ( 'NONE', #6053 ) ;
#5446 = DIRECTION ( 'NONE',  ( -5.243344273594249610E-32, -1.000000000000000000, 1.200639317332289951E-47 ) ) ;
#5447 =( GEOMETRIC_REPRESENTATION_CONTEXT ( 3 ) GLOBAL_UNCERTAINTY_ASSIGNED_CONTEXT ( ( #7485 ) ) GLOBAL_UNIT_ASSIGNED_CONTEXT ( ( #7096, #7152, #7646 ) ) REPRESENTATION_CONTEXT ( 'NONE', 'WORKASPACE' ) );
#5448 = SURFACE_STYLE_USAGE ( .BOTH. , #1114 ) ;
#5449 = FACE_OUTER_BOUND ( 'NONE', #6121, .T. ) ;
#5450 = DIRECTION ( 'NONE',  ( 0.0000000000000000000, 1.065228634467009955E-16, 1.000000000000000000 ) ) ;
#5451 = ADVANCED_FACE ( 'NONE', ( #6169 ), #3014, .F. ) ;
#5452 = ORIENTED_EDGE ( 'NONE', *, *, #4958, .T. ) ;
#5453 = ORIENTED_EDGE ( 'NONE', *, *, #2225, .F. ) ;
#5454 = CARTESIAN_POINT ( 'NONE',  ( 0.8250000000000019540, 1.673724317761259961, 0.3099999999999982214 ) ) ;
#5455 = LINE ( 'NONE', #2971, #2169 ) ;
#5456 = VECTOR ( 'NONE', #2962, 1000.000000000000000 ) ;
#5457 = AXIS2_PLACEMENT_3D ( 'NONE', #655, #4331, #4967 ) ;
#5458 = DIRECTION ( 'NONE',  ( 0.0000000000000000000, 1.000000000000000000, -2.289834988289389802E-16 ) ) ;
#5459 = ORIENTED_EDGE ( 'NONE', *, *, #6923, .F. ) ;
#5460 = ORIENTED_EDGE ( 'NONE', *, *, #5951, .F. ) ;
#5461 = AXIS2_PLACEMENT_3D ( 'NONE', #2539, #1321, #5626 ) ;
#5462 = ORIENTED_EDGE ( 'NONE', *, *, #773, .T. ) ;
#5463 = DIRECTION ( 'NONE',  ( 2.804146475863970139E-32, 1.000000000000000000, -1.065228634467009955E-16 ) ) ;
#5464 = CARTESIAN_POINT ( 'NONE',  ( -1.824999999999999956, 1.350000000000000089, 0.3100000000000019962 ) ) ;
#5465 = FACE_OUTER_BOUND ( 'NONE', #1385, .T. ) ;
#5466 = CARTESIAN_POINT ( 'NONE',  ( 3.325000000000000178, 0.9999999999999988898, 0.07999999999999909961 ) ) ;
#5467 = CIRCLE ( 'NONE', #1245, 0.05000000000000071054 ) ;
#5468 = VERTEX_POINT ( 'NONE', #4226 ) ;
#5469 = ORIENTED_EDGE ( 'NONE', *, *, #1288, .T. ) ;
#5470 = ORIENTED_EDGE ( 'NONE', *, *, #6842, .T. ) ;
#5471 = CARTESIAN_POINT ( 'NONE',  ( -2.265000000000000124, -1.800000000000000266, 0.2999999999999999334 ) ) ;
#5472 = ORIENTED_EDGE ( 'NONE', *, *, #6748, .T. ) ;
#5473 = EDGE_CURVE ( 'NONE', #7301, #8006, #6362, .T. ) ;
#5474 = EDGE_CURVE ( 'NONE', #6773, #4362, #4508, .T. ) ;
#5475 = AXIS2_PLACEMENT_3D ( 'NONE', #3326, #3927, #180 ) ;
#5476 = ADVANCED_FACE ( 'NONE', ( #7605 ), #6709, .T. ) ;
#5477 = ORIENTED_EDGE ( 'NONE', *, *, #1449, .T. ) ;
#5478 = CARTESIAN_POINT ( 'NONE',  ( -2.452500000000000124, 0.9999999999999988898, 0.3099999999999979994 ) ) ;
#5479 = SURFACE_STYLE_FILL_AREA ( #6162 ) ;
#5480 = CARTESIAN_POINT ( 'NONE',  ( 0.3250000000000019540, 1.673724317761259961, 0.3099999999999983324 ) ) ;
#5481 = LINE ( 'NONE', #720, #7127 ) ;
#5482 = ORIENTED_EDGE ( 'NONE', *, *, #6713, .F. ) ;
#5483 =( NAMED_UNIT ( * ) SI_UNIT ( $, .STERADIAN. ) SOLID_ANGLE_UNIT ( ) );
#5484 = ORIENTED_EDGE ( 'NONE', *, *, #2266, .F. ) ;
#5485 = VECTOR ( 'NONE', #7329, 1000.000000000000000 ) ;
#5486 = PLANE ( 'NONE',  #6899 ) ;
#5487 = VECTOR ( 'NONE', #1898, 1000.000000000000000 ) ;
#5488 = VECTOR ( 'NONE', #4797, 1000.000000000000000 ) ;
#5489 = EDGE_CURVE ( 'NONE', #1010, #2502, #7805, .T. ) ;
#5490 = ORIENTED_EDGE ( 'NONE', *, *, #4466, .T. ) ;
#5491 = VERTEX_POINT ( 'NONE', #7323 ) ;
#5492 = DIRECTION ( 'NONE',  ( 0.7071067811865474617, 0.0000000000000000000, -0.7071067811865474617 ) ) ;
#5493 = DIRECTION ( 'NONE',  ( -5.326143172335051625E-17, -1.000000000000000000, 5.326143172335119418E-17 ) ) ;
#5494 = VECTOR ( 'NONE', #7695, 1000.000000000000000 ) ;
#5495 = DIRECTION ( 'NONE',  ( 1.000000000000000000, -5.243344273594249610E-32, -2.289834988289389802E-16 ) ) ;
#5496 = VECTOR ( 'NONE', #5527, 1000.000000000000000 ) ;
#5497 = DIRECTION ( 'NONE',  ( -5.243344273594249610E-32, -1.000000000000000000, 1.200639317332292868E-47 ) ) ;
#5498 = ADVANCED_FACE ( 'NONE', ( #2698 ), #6107, .T. ) ;
#5499 = ORIENTED_EDGE ( 'NONE', *, *, #6426, .F. ) ;
#5500 = ORIENTED_EDGE ( 'NONE', *, *, #7136, .T. ) ;
#5501 = AXIS2_PLACEMENT_3D ( 'NONE', #3895, #2807, #3761 ) ;
#5502 = EDGE_CURVE ( 'NONE', #388, #1165, #5971, .T. ) ;
#5503 = CIRCLE ( 'NONE', #5331, 0.05000000000000430489 ) ;
#5504 = DIRECTION ( 'NONE',  ( 0.0000000000000000000, 0.9990138064662085204, 0.04440061362072340173 ) ) ;
#5505 = VERTEX_POINT ( 'NONE', #3686 ) ;
#5506 = CARTESIAN_POINT ( 'NONE',  ( -2.433678328689710124, -0.8000000000000010436, 0.07999999999999966860 ) ) ;
#5507 = VECTOR ( 'NONE', #6734, 1000.000000000000000 ) ;
#5508 = VECTOR ( 'NONE', #3223, 1000.000000000000000 ) ;
#5509 = CARTESIAN_POINT ( 'NONE',  ( 1.175000000000000044, 1.249999999999988010, 9.712644461849330687E-17 ) ) ;
#5510 = ORIENTED_EDGE ( 'NONE', *, *, #4192, .F. ) ;
#5511 = ORIENTED_EDGE ( 'NONE', *, *, #1867, .F. ) ;
#5512 =( NAMED_UNIT ( * ) PLANE_ANGLE_UNIT ( ) SI_UNIT ( $, .RADIAN. ) );
#5513 = FACE_OUTER_BOUND ( 'NONE', #729, .T. ) ;
#5514 = LINE ( 'NONE', #698, #2618 ) ;
#5515 = ADVANCED_FACE ( 'NONE', ( #7414 ), #4270, .T. ) ;
#5516 = CARTESIAN_POINT ( 'NONE',  ( -2.850000000000000089, 0.9499999999999990674, 0.6750000000000000444 ) ) ;
#5517 = ORIENTED_EDGE ( 'NONE', *, *, #1117, .F. ) ;
#5518 = LINE ( 'NONE', #2427, #579 ) ;
#5519 = UNCERTAINTY_MEASURE_WITH_UNIT (LENGTH_MEASURE( 1.000000000000000082E-05 ), #4596, 'distance_accuracy_value', 'NONE');
#5520 = SURFACE_SIDE_STYLE ('',( #6653 ) ) ;
#5521 = PRESENTATION_LAYER_ASSIGNMENT (  '', '', ( #4670 ) ) ;
#5522 = DIRECTION ( 'NONE',  ( 0.0000000000000000000, 1.065228634467009955E-16, 1.000000000000000000 ) ) ;
#5523 = CARTESIAN_POINT ( 'NONE',  ( -2.765000000000000124, -1.100000000000000089, 0.4600000000000000200 ) ) ;
#5524 = ORIENTED_EDGE ( 'NONE', *, *, #7236, .F. ) ;
#5525 = ORIENTED_EDGE ( 'NONE', *, *, #7601, .T. ) ;
#5526 = VECTOR ( 'NONE', #4473, 1000.000000000000000 ) ;
#5527 = DIRECTION ( 'NONE',  ( -1.000000000000000000, 2.804146475863970139E-32, -2.987057121330055487E-48 ) ) ;
#5528 = EDGE_CURVE ( 'NONE', #4134, #1623, #3116, .T. ) ;
#5529 = EDGE_CURVE ( 'NONE', #4362, #6636, #4151, .T. ) ;
#5530 = ORIENTED_EDGE ( 'NONE', *, *, #2062, .F. ) ;
#5531 = ORIENTED_EDGE ( 'NONE', *, *, #5780, .F. ) ;
#5532 = ADVANCED_FACE ( 'NONE', ( #2498 ), #8000, .T. ) ;
#5533 = VECTOR ( 'NONE', #6597, 1000.000000000000000 ) ;
#5534 = ORIENTED_EDGE ( 'NONE', *, *, #4693, .T. ) ;
#5535 = ORIENTED_EDGE ( 'NONE', *, *, #5473, .F. ) ;
#5536 = FILL_AREA_STYLE ('',( #6256 ) ) ;
#5537 = STYLED_ITEM ( 'NONE', ( #4968 ), #3584 ) ;
#5538 = EDGE_CURVE ( 'NONE', #4980, #1833, #1044, .T. ) ;
#5539 = FILL_AREA_STYLE_COLOUR ( '', #338 ) ;
#5540 =( NAMED_UNIT ( * ) PLANE_ANGLE_UNIT ( ) SI_UNIT ( $, .RADIAN. ) );
#5541 = EDGE_CURVE ( 'NONE', #3435, #7167, #5580, .T. ) ;
#5542 = DIRECTION ( 'NONE',  ( -1.000000000000000000, -5.064598682745559595E-17, 2.171725397418661469E-16 ) ) ;
#5543 = DIRECTION ( 'NONE',  ( 1.000000000000000000, -5.243344273594249610E-32, -2.289834988289389802E-16 ) ) ;
#5544 = ORIENTED_EDGE ( 'NONE', *, *, #6822, .F. ) ;
#5545 = VERTEX_POINT ( 'NONE', #6798 ) ;
#5546 = CARTESIAN_POINT ( 'NONE',  ( -2.452500000000000124, -0.8000000000000020428, 0.02999999999999970399 ) ) ;
#5547 = ADVANCED_FACE ( 'NONE', ( #5402 ), #8024, .T. ) ;
#5548 = VECTOR ( 'NONE', #3263, 999.9999999999998863 ) ;
#5549 = ORIENTED_EDGE ( 'NONE', *, *, #2855, .T. ) ;
#5550 = ADVANCED_FACE ( 'NONE', ( #7045 ), #5569, .T. ) ;
#5551 = CARTESIAN_POINT ( 'NONE',  ( -1.324999999999999956, 0.9499999999999869660, 0.03619548911246130152 ) ) ;
#5552 = ORIENTED_EDGE ( 'NONE', *, *, #1728, .F. ) ;
#5553 = AXIS2_PLACEMENT_3D ( 'NONE', #2853, #7157, #3482 ) ;
#5554 = DIRECTION ( 'NONE',  ( 0.0000000000000000000, 0.0000000000000000000, -1.000000000000000000 ) ) ;
#5555 = LINE ( 'NONE', #3997, #2274 ) ;
#5556 = VERTEX_POINT ( 'NONE', #1254 ) ;
#5557 = ORIENTED_EDGE ( 'NONE', *, *, #1248, .T. ) ;
#5558 = ORIENTED_EDGE ( 'NONE', *, *, #2535, .F. ) ;
#5559 = VERTEX_POINT ( 'NONE', #2496 ) ;
#5560 = PLANE ( 'NONE',  #2997 ) ;
#5561 = FACE_OUTER_BOUND ( 'NONE', #7554, .T. ) ;
#5562 = AXIS2_PLACEMENT_3D ( 'NONE', #1220, #2463, #6795 ) ;
#5563 = VECTOR ( 'NONE', #2773, 1000.000000000000000 ) ;
#5564 = VERTEX_POINT ( 'NONE', #1879 ) ;
#5565 = ORIENTED_EDGE ( 'NONE', *, *, #3284, .T. ) ;
#5566 = PLANE ( 'NONE',  #6311 ) ;
#5567 = ORIENTED_EDGE ( 'NONE', *, *, #6087, .T. ) ;
#5568 = LINE ( 'NONE', #5057, #5760 ) ;
#5569 = PLANE ( 'NONE',  #4509 ) ;
#5570 = FACE_OUTER_BOUND ( 'NONE', #5639, .T. ) ;
#5571 = EDGE_CURVE ( 'NONE', #5738, #4717, #2108, .T. ) ;
#5572 = EDGE_CURVE ( 'NONE', #1373, #434, #3962, .T. ) ;
#5573 = VERTEX_POINT ( 'NONE', #3149 ) ;
#5574 = CARTESIAN_POINT ( 'NONE',  ( 2.765000000000000124, -1.824999999999989964, 0.3699999999999989964 ) ) ;
#5575 = VECTOR ( 'NONE', #1103, 1000.000000000000000 ) ;
#5576 = FACE_OUTER_BOUND ( 'NONE', #2663, .T. ) ;
#5577 = SURFACE_SIDE_STYLE ('',( #1002 ) ) ;
#5578 = ORIENTED_EDGE ( 'NONE', *, *, #2869, .F. ) ;
#5579 = VERTEX_POINT ( 'NONE', #4961 ) ;
#5580 = LINE ( 'NONE', #2467, #653 ) ;
#5581 = AXIS2_PLACEMENT_3D ( 'NONE', #1861, #6177, #2478 ) ;
#5582 = CARTESIAN_POINT ( 'NONE',  ( 0.1625000000000020040, 0.9999999999999988898, 0.07999999999999900246 ) ) ;
#5583 = EDGE_CURVE ( 'NONE', #6636, #2228, #3777, .T. ) ;
#5584 = FACE_OUTER_BOUND ( 'NONE', #4123, .T. ) ;
#5585 = EDGE_CURVE ( 'NONE', #5593, #911, #3593, .T. ) ;
#5586 = ADVANCED_FACE ( 'NONE', ( #6657 ), #4371, .T. ) ;
#5587 = ORIENTED_EDGE ( 'NONE', *, *, #1816, .F. ) ;
#5588 = ORIENTED_EDGE ( 'NONE', *, *, #7008, .T. ) ;
#5589 = CARTESIAN_POINT ( 'NONE',  ( 1.175000000000000044, 1.299999999999990274, 0.04999999999999939909 ) ) ;
#5590 = VECTOR ( 'NONE', #1027, 1000.000000000000000 ) ;
#5591 = FACE_OUTER_BOUND ( 'NONE', #4207, .T. ) ;
#5592 = PRESENTATION_LAYER_ASSIGNMENT (  '', '', ( #4757 ) ) ;
#5593 = VERTEX_POINT ( 'NONE', #2545 ) ;
#5594 = FACE_OUTER_BOUND ( 'NONE', #7690, .T. ) ;
#5595 = EDGE_CURVE ( 'NONE', #6615, #1041, #253, .T. ) ;
#5596 = CARTESIAN_POINT ( 'NONE',  ( 2.265000000000000124, -0.6000000000000009770, 0.3299999999999985167 ) ) ;
#5597 = CARTESIAN_POINT ( 'NONE',  ( -2.765000000000000124, -1.649999999999999911, 0.1699999999999994293 ) ) ;
#5598 = AXIS2_PLACEMENT_3D ( 'NONE', #2264, #6588, #2920 ) ;
#5599 = PRESENTATION_LAYER_ASSIGNMENT (  '', '', ( #4769 ) ) ;
#5600 = ORIENTED_EDGE ( 'NONE', *, *, #866, .T. ) ;
#5601 = DIRECTION ( 'NONE',  ( 0.0000000000000000000, -0.9738685962292471521, -0.2271122129663564748 ) ) ;
#5602 = DIRECTION ( 'NONE',  ( -1.000000000000000000, 5.243344273594249610E-32, 2.289834988289389802E-16 ) ) ;
#5603 =( LENGTH_UNIT ( ) NAMED_UNIT ( * ) SI_UNIT ( .MILLI., .METRE. ) );
#5604 = CARTESIAN_POINT ( 'NONE',  ( -1.675000000000000044, 1.350000000000000089, 0.1705002310154649925 ) ) ;
#5605 = ORIENTED_EDGE ( 'NONE', *, *, #5886, .F. ) ;
#5606 = EDGE_CURVE ( 'NONE', #5674, #1623, #4993, .T. ) ;
#5607 = ORIENTED_EDGE ( 'NONE', *, *, #4917, .T. ) ;
#5608 = VECTOR ( 'NONE', #2660, 1000.000000000000000 ) ;
#5609 = STYLED_ITEM ( 'NONE', ( #2456 ), #7750 ) ;
#5610 = DIRECTION ( 'NONE',  ( 2.289834988289389802E-16, 0.0000000000000000000, 1.000000000000000000 ) ) ;
#5611 = LINE ( 'NONE', #1483, #7843 ) ;
#5612 = ORIENTED_EDGE ( 'NONE', *, *, #2156, .F. ) ;
#5613 = CARTESIAN_POINT ( 'NONE',  ( 0.1750000000000020151, 0.9499999999999869660, 0.03619548911246100314 ) ) ;
#5614 = ORIENTED_EDGE ( 'NONE', *, *, #4591, .T. ) ;
#5615 = ADVANCED_FACE ( 'NONE', ( #40 ), #4990, .T. ) ;
#5616 = DIRECTION ( 'NONE',  ( 0.0000000000000000000, 0.0000000000000000000, -1.000000000000000000 ) ) ;
#5617 = VECTOR ( 'NONE', #852, 1000.000000000000000 ) ;
#5618 = DIRECTION ( 'NONE',  ( -1.840013376412420326E-16, 0.5952275506257370674, -0.8035571933447460680 ) ) ;
#5619 = EDGE_CURVE ( 'NONE', #7114, #2859, #4796, .T. ) ;
#5620 = EDGE_CURVE ( 'NONE', #6361, #5822, #6453, .T. ) ;
#5621 = DIRECTION ( 'NONE',  ( 0.0000000000000000000, -0.8872168012345952315, -0.4613527366419891140 ) ) ;
#5622 = EDGE_LOOP ( 'NONE', ( #5996, #4047, #3737, #2152, #4507, #7480, #2865, #6853, #5177, #7020, #463 ) ) ;
#5623 = VERTEX_POINT ( 'NONE', #1951 ) ;
#5624 = CARTESIAN_POINT ( 'NONE',  ( 0.8250000000000019540, 0.9999999999999988898, 0.07866077735406387661 ) ) ;
#5625 = LINE ( 'NONE', #2849, #3640 ) ;
#5626 = DIRECTION ( 'NONE',  ( 0.0000000000000000000, 0.9751328557914595851, 0.2216211035889688874 ) ) ;
#5627 = ORIENTED_EDGE ( 'NONE', *, *, #3691, .T. ) ;
#5628 = ORIENTED_EDGE ( 'NONE', *, *, #3429, .F. ) ;
#5629 = AXIS2_PLACEMENT_3D ( 'NONE', #7784, #384, #4698 ) ;
#5630 = PLANE ( 'NONE',  #2622 ) ;
#5631 = CARTESIAN_POINT ( 'NONE',  ( -1.675000000000000266, 1.349999999999999867, 0.3099999999999989431 ) ) ;
#5632 = CARTESIAN_POINT ( 'NONE',  ( -1.325000000000000178, 0.9999999999999988898, 0.07999999999999930778 ) ) ;
#5633 = EDGE_CURVE ( 'NONE', #4620, #4874, #3207, .T. ) ;
#5634 = CARTESIAN_POINT ( 'NONE',  ( -2.615000000000000657, -1.824999999999989964, 0.1699999999999994849 ) ) ;
#5635 = CARTESIAN_POINT ( 'NONE',  ( -2.264999999999999680, -0.6000000000000009770, 0.4874554975804329948 ) ) ;
#5636 = LINE ( 'NONE', #6585, #2357 ) ;
#5637 = ORIENTED_EDGE ( 'NONE', *, *, #484, .T. ) ;
#5638 = ORIENTED_EDGE ( 'NONE', *, *, #6941, .T. ) ;
#5639 = EDGE_LOOP ( 'NONE', ( #685, #6005, #5382, #1601 ) ) ;
#5640 = DIRECTION ( 'NONE',  ( 0.7071067811865520136, -0.0000000000000000000, 0.7071067811865431318 ) ) ;
#5641 = CARTESIAN_POINT ( 'NONE',  ( 2.765000000000000124, -1.799999999999990274, 0.4699999999999999734 ) ) ;
#5642 = ORIENTED_EDGE ( 'NONE', *, *, #2688, .F. ) ;
#5643 = CARTESIAN_POINT ( 'NONE',  ( -1.324999999999999734, 1.349999999999999867, 0.3099999999999988320 ) ) ;
#5644 = DIRECTION ( 'NONE',  ( -1.000000000000000000, 0.0000000000000000000, 2.289834988289389802E-16 ) ) ;
#5645 = CARTESIAN_POINT ( 'NONE',  ( 0.9499999999999995115, 0.9999999999999988898, 0.02999999999999868397 ) ) ;
#5646 = VECTOR ( 'NONE', #2029, 1000.000000000000000 ) ;
#5647 = ORIENTED_EDGE ( 'NONE', *, *, #3510, .T. ) ;
#5648 =( GEOMETRIC_REPRESENTATION_CONTEXT ( 3 ) GLOBAL_UNCERTAINTY_ASSIGNED_CONTEXT ( ( #2347 ) ) GLOBAL_UNIT_ASSIGNED_CONTEXT ( ( #6438, #2755, #7066 ) ) REPRESENTATION_CONTEXT ( 'NONE', 'WORKASPACE' ) );
#5649 = ORIENTED_EDGE ( 'NONE', *, *, #7740, .T. ) ;
#5650 = EDGE_LOOP ( 'NONE', ( #1808, #1459, #1212, #6886 ) ) ;
#5652 = DIRECTION ( 'NONE',  ( 2.289834988289389802E-16, -0.0000000000000000000, 1.000000000000000000 ) ) ;
#5651 = CARTESIAN_POINT ( 'NONE',  ( -2.770000000000000018, 1.900000000000000355, 0.5999999999999992006 ) ) ;
#5653 = ORIENTED_EDGE ( 'NONE', *, *, #4300, .T. ) ;
#5654 = DIRECTION ( 'NONE',  ( -2.804146475863970139E-32, -1.000000000000000000, 1.065228634467009955E-16 ) ) ;
#5655 = ORIENTED_EDGE ( 'NONE', *, *, #750, .F. ) ;
#5656 = VECTOR ( 'NONE', #4737, 1000.000000000000000 ) ;
#5657 = DIRECTION ( 'NONE',  ( 0.0000000000000000000, 0.0000000000000000000, 1.000000000000000000 ) ) ;
#5658 = DIRECTION ( 'NONE',  ( 0.0000000000000000000, -2.289834988289389802E-16, -1.000000000000000000 ) ) ;
#5659 = ORIENTED_EDGE ( 'NONE', *, *, #5994, .T. ) ;
#5660 = LINE ( 'NONE', #3668, #7131 ) ;
#5661 = AXIS2_PLACEMENT_3D ( 'NONE', #1945, #6260, #2569 ) ;
#5662 = ADVANCED_FACE ( 'NONE', ( #4600 ), #7697, .T. ) ;
#5663 = DIRECTION ( 'NONE',  ( 0.0000000000000000000, 2.289834988289389802E-16, 1.000000000000000000 ) ) ;
#5664 = LINE ( 'NONE', #3763, #5857 ) ;
#5665 = DIRECTION ( 'NONE',  ( -5.243344273594249610E-32, -1.000000000000000000, 1.200639317332292868E-47 ) ) ;
#5666 = EDGE_LOOP ( 'NONE', ( #1014, #5517, #5171, #4452 ) ) ;
#5667 = DIRECTION ( 'NONE',  ( -1.000000000000000000, -1.015698121961848388E-17, 2.285320774414003636E-16 ) ) ;
#5668 = CARTESIAN_POINT ( 'NONE',  ( 7.264999999999999680, -1.629999999999998339, 0.2999999999999981015 ) ) ;
#5669 = VECTOR ( 'NONE', #6754, 1000.000000000000000 ) ;
#5670 = EDGE_CURVE ( 'NONE', #7941, #209, #6253, .T. ) ;
#5671 = EDGE_CURVE ( 'NONE', #343, #425, #1331, .T. ) ;
#5672 = DIRECTION ( 'NONE',  ( -1.000000000000000000, 0.0000000000000000000, 2.289834988289389802E-16 ) ) ;
#5673 = DIRECTION ( 'NONE',  ( -0.2163711612039600773, -0.9520331092974135823, -0.2163711612039572463 ) ) ;
#5674 = VERTEX_POINT ( 'NONE', #5146 ) ;
#5675 = ORIENTED_EDGE ( 'NONE', *, *, #5269, .F. ) ;
#5676 = CARTESIAN_POINT ( 'NONE',  ( 2.765000000000000124, -1.050000000000000044, 0.4599999999999980216 ) ) ;
#5677 = CYLINDRICAL_SURFACE ( 'NONE', #3296, 0.05000000000000071054 ) ;
#5678 = CARTESIAN_POINT ( 'NONE',  ( -3.000000000000000000, 0.9999999999999988898, 0.07999999999999950206 ) ) ;
#5679 = STYLED_ITEM ( 'NONE', ( #6440 ), #3237 ) ;
#5680 = ORIENTED_EDGE ( 'NONE', *, *, #5528, .T. ) ;
#5681 = VERTEX_POINT ( 'NONE', #3329 ) ;
#5682 = SURFACE_SIDE_STYLE ('',( #1061 ) ) ;
#5683 = EDGE_CURVE ( 'NONE', #7357, #6478, #2804, .T. ) ;
#5684 = VECTOR ( 'NONE', #7562, 1000.000000000000000 ) ;
#5685 = LINE ( 'NONE', #1269, #754 ) ;
#5686 = EDGE_CURVE ( 'NONE', #2748, #1551, #7900, .T. ) ;
#5687 = DIRECTION ( 'NONE',  ( 0.7071067811865474617, 0.7071067811865474617, 0.0000000000000000000 ) ) ;
#5688 = LINE ( 'NONE', #2564, #7156 ) ;
#5689 = SURFACE_STYLE_USAGE ( .BOTH. , #562 ) ;
#5690 = ORIENTED_EDGE ( 'NONE', *, *, #5381, .F. ) ;
#5691 = VERTEX_POINT ( 'NONE', #4542 ) ;
#5692 = CIRCLE ( 'NONE', #5553, 0.05000000000000430489 ) ;
#5693 = DIRECTION ( 'NONE',  ( -1.000000000000000000, -0.0000000000000000000, -0.0000000000000000000 ) ) ;
#5694 = CARTESIAN_POINT ( 'NONE',  ( -2.799999999999999822, 0.8999999999999990230, 0.8400000000000101830 ) ) ;
#5695 = VECTOR ( 'NONE', #3839, 1000.000000000000000 ) ;
#5696 = AXIS2_PLACEMENT_3D ( 'NONE', #1001, #5911, #4661 ) ;
#5697 = CARTESIAN_POINT ( 'NONE',  ( -1.675000000000000044, 0.9999999999999988898, 0.1705002310154649925 ) ) ;
#5698 = AXIS2_PLACEMENT_3D ( 'NONE', #4978, #6855, #3190 ) ;
#5699 = VERTEX_POINT ( 'NONE', #5179 ) ;
#5700 = CARTESIAN_POINT ( 'NONE',  ( 1.550000000000000711, 0.9999999999999988898, 0.02999999999999990175 ) ) ;
#5701 = DIRECTION ( 'NONE',  ( 1.000000000000000000, 0.0000000000000000000, -2.289834988289389802E-16 ) ) ;
#5702 = ADVANCED_FACE ( 'NONE', ( #1125 ), #846, .T. ) ;
#5703 = DIRECTION ( 'NONE',  ( 0.0000000000000000000, 1.065228634467009955E-16, 1.000000000000000000 ) ) ;
#5704 = DIRECTION ( 'NONE',  ( 0.0000000000000000000, -0.9738685962292474851, -0.2271122129663544764 ) ) ;
#5705 = ORIENTED_EDGE ( 'NONE', *, *, #4744, .T. ) ;
#5706 = ORIENTED_EDGE ( 'NONE', *, *, #7343, .T. ) ;
#5707 = LINE ( 'NONE', #146, #2432 ) ;
#5708 = UNCERTAINTY_MEASURE_WITH_UNIT (LENGTH_MEASURE( 1.000000000000000082E-05 ), #7939, 'distance_accuracy_value', 'NONE');
#5709 = CARTESIAN_POINT ( 'NONE',  ( 1.175000000000000044, 1.249999999999990008, -1.221245327087670025E-15 ) ) ;
#5710 = CARTESIAN_POINT ( 'NONE',  ( -1.174999999999999822, 1.673724317761259961, 0.3099999999999987210 ) ) ;
#5711 = VECTOR ( 'NONE', #4588, 1000.000000000000000 ) ;
#5712 = AXIS2_PLACEMENT_3D ( 'NONE', #6607, #2934, #7223 ) ;
#5713 = DIRECTION ( 'NONE',  ( -2.439197797730288502E-32, 1.000000000000000000, -1.065228634467009955E-16 ) ) ;
#5714 = VERTEX_POINT ( 'NONE', #5819 ) ;
#5715 = VERTEX_POINT ( 'NONE', #2131 ) ;
#5716 = LINE ( 'NONE', #5964, #4094 ) ;
#5717 =( NAMED_UNIT ( * ) SI_UNIT ( $, .STERADIAN. ) SOLID_ANGLE_UNIT ( ) );
#5718 = DIRECTION ( 'NONE',  ( 2.439197797730288502E-32, -1.000000000000000000, 1.065228634467009955E-16 ) ) ;
#5719 = SURFACE_STYLE_USAGE ( .BOTH. , #1414 ) ;
#5720 = EDGE_CURVE ( 'NONE', #1016, #5969, #2016, .T. ) ;
#5721 = EDGE_CURVE ( 'NONE', #7558, #7303, #5297, .T. ) ;
#5722 = PRESENTATION_LAYER_ASSIGNMENT (  '', '', ( #5324 ) ) ;
#5723 = ORIENTED_EDGE ( 'NONE', *, *, #3712, .F. ) ;
#5724 = EDGE_LOOP ( 'NONE', ( #611, #7084, #1440, #4392 ) ) ;
#5725 = FACE_OUTER_BOUND ( 'NONE', #426, .T. ) ;
#5726 = CARTESIAN_POINT ( 'NONE',  ( 2.615000000000000213, -1.824999999999989964, 0.3752009999999990075 ) ) ;
#5727 = DIRECTION ( 'NONE',  ( 0.0000000000000000000, 0.0000000000000000000, 1.000000000000000000 ) ) ;
#5728 = ORIENTED_EDGE ( 'NONE', *, *, #77, .F. ) ;
#5729 = DIRECTION ( 'NONE',  ( 2.289834988289389802E-16, -0.0000000000000000000, 1.000000000000000000 ) ) ;
#5730 = ORIENTED_EDGE ( 'NONE', *, *, #1235, .T. ) ;
#5732 = AXIS2_PLACEMENT_3D ( 'NONE', #3486, #7763, #4082 ) ;
#5731 =( LENGTH_UNIT ( ) NAMED_UNIT ( * ) SI_UNIT ( .MILLI., .METRE. ) );
#5733 = EDGE_CURVE ( 'NONE', #3379, #6182, #3679, .T. ) ;
#5734 = DIRECTION ( 'NONE',  ( -1.000000000000000000, 5.243344273594249610E-32, 2.289834988289389802E-16 ) ) ;
#5735 = VECTOR ( 'NONE', #4336, 1000.000000000000000 ) ;
#5736 = CARTESIAN_POINT ( 'NONE',  ( -1.675000000000000044, 1.350000000000000089, 0.1099999999999990014 ) ) ;
#5737 = VECTOR ( 'NONE', #7946, 1000.000000000000000 ) ;
#5738 = VERTEX_POINT ( 'NONE', #4003 ) ;
#5739 = ORIENTED_EDGE ( 'NONE', *, *, #6728, .F. ) ;
#5740 = DIRECTION ( 'NONE',  ( -2.289834988289389802E-16, 0.0000000000000000000, -1.000000000000000000 ) ) ;
#5741 = CARTESIAN_POINT ( 'NONE',  ( -1.824999999999999734, 0.9999999999999991118, 0.07866077735406451499 ) ) ;
#5742 = DIRECTION ( 'NONE',  ( -2.439197797730288502E-32, 1.000000000000000000, -1.065228634467009955E-16 ) ) ;
#5743 = CIRCLE ( 'NONE', #3733, 0.05000000000000070360 ) ;
#5744 = ADVANCED_FACE ( 'NONE', ( #4234 ), #1554, .T. ) ;
#5745 = AXIS2_PLACEMENT_3D ( 'NONE', #6015, #2321, #6654 ) ;
#5746 = ORIENTED_EDGE ( 'NONE', *, *, #1196, .T. ) ;
#5747 =( NAMED_UNIT ( * ) PLANE_ANGLE_UNIT ( ) SI_UNIT ( $, .RADIAN. ) );
#5748 = CARTESIAN_POINT ( 'NONE',  ( -1.175000000000000044, 0.9999999999999988898, 0.07866077735406440397 ) ) ;
#5749 = ORIENTED_EDGE ( 'NONE', *, *, #6822, .T. ) ;
#5750 = ORIENTED_EDGE ( 'NONE', *, *, #5899, .F. ) ;
#5751 = CARTESIAN_POINT ( 'NONE',  ( -0.1749999999999980183, 1.245779075397750235, -6.776263578034402713E-16 ) ) ;
#5752 = EDGE_CURVE ( 'NONE', #7576, #7325, #1824, .T. ) ;
#5753 = DIRECTION ( 'NONE',  ( -1.000000000000000000, -0.0000000000000000000, -0.0000000000000000000 ) ) ;
#5754 = VERTEX_POINT ( 'NONE', #901 ) ;
#5755 = LINE ( 'NONE', #1295, #627 ) ;
#5756 = FACE_OUTER_BOUND ( 'NONE', #4212, .T. ) ;
#5757 = ORIENTED_EDGE ( 'NONE', *, *, #4342, .T. ) ;
#5758 = CARTESIAN_POINT ( 'NONE',  ( -0.8249999999999979572, 0.9999999999999988898, 0.07866077735406430682 ) ) ;
#5759 = VERTEX_POINT ( 'NONE', #7707 ) ;
#5760 = VECTOR ( 'NONE', #1363, 1000.000000000000000 ) ;
#5761 = COLOUR_RGB ( '',0.3176470588235293935, 0.2470588235294117752, 0.2078431372549019440 ) ;
#5762 = AXIS2_PLACEMENT_3D ( 'NONE', #674, #1299, #5610 ) ;
#5763 = AXIS2_PLACEMENT_3D ( 'NONE', #5516, #7545, #1099 ) ;
#5764 = LINE ( 'NONE', #6130, #7221 ) ;
#5765 = DIRECTION ( 'NONE',  ( -0.7071067811865441310, 0.7071067811865510144, 0.0000000000000000000 ) ) ;
#5766 = SURFACE_STYLE_USAGE ( .BOTH. , #1464 ) ;
#5767 = ORIENTED_EDGE ( 'NONE', *, *, #2115, .F. ) ;
#5768 = LINE ( 'NONE', #7857, #7410 ) ;
#5769 = CARTESIAN_POINT ( 'NONE',  ( -1.324999999999999956, 1.245779075397750235, -4.336808689942017736E-16 ) ) ;
#5770 = VECTOR ( 'NONE', #4076, 1000.000000000000000 ) ;
#5771 =( GEOMETRIC_REPRESENTATION_CONTEXT ( 3 ) GLOBAL_UNCERTAINTY_ASSIGNED_CONTEXT ( ( #2205 ) ) GLOBAL_UNIT_ASSIGNED_CONTEXT ( ( #966, #5298, #1610 ) ) REPRESENTATION_CONTEXT ( 'NONE', 'WORKASPACE' ) );
#5772 = ORIENTED_EDGE ( 'NONE', *, *, #4684, .T. ) ;
#5773 = ORIENTED_EDGE ( 'NONE', *, *, #1955, .T. ) ;
#5774 = VECTOR ( 'NONE', #6135, 999.9999999999998863 ) ;
#5775 = DIRECTION ( 'NONE',  ( 1.000000000000000000, -5.243344273594249610E-32, -2.289834988289389802E-16 ) ) ;
#5776 = CARTESIAN_POINT ( 'NONE',  ( -1.175000000000000044, 0.9999999999999988898, 0.1705002310154649925 ) ) ;
#5777 = FACE_OUTER_BOUND ( 'NONE', #4352, .T. ) ;
#5778 = VERTEX_POINT ( 'NONE', #4034 ) ;
#5779 = VERTEX_POINT ( 'NONE', #4619 ) ;
#5780 = EDGE_CURVE ( 'NONE', #4736, #3854, #3299, .T. ) ;
#5781 = EDGE_CURVE ( 'NONE', #6872, #1642, #4889, .T. ) ;
#5782 = VECTOR ( 'NONE', #7964, 1000.000000000000000 ) ;
#5783 = DIRECTION ( 'NONE',  ( -5.326143172335038067E-17, 1.000000000000000000, -5.326143172335105860E-17 ) ) ;
#5784 = CYLINDRICAL_SURFACE ( 'NONE', #1155, 0.05000000000000070360 ) ;
#5785 = CARTESIAN_POINT ( 'NONE',  ( -1.824999999999999956, 1.299999999999990496, -0.8336977386159070136 ) ) ;
#5786 = DIRECTION ( 'NONE',  ( 0.0000000000000000000, 0.0000000000000000000, -1.000000000000000000 ) ) ;
#5787 = CARTESIAN_POINT ( 'NONE',  ( -2.615000000000000213, -1.649999999999999911, 0.1699999999999994016 ) ) ;
#5788 = ORIENTED_EDGE ( 'NONE', *, *, #1083, .T. ) ;
#5789 = VERTEX_POINT ( 'NONE', #2188 ) ;
#5790 = VECTOR ( 'NONE', #4834, 1000.000000000000114 ) ;
#5791 = DIRECTION ( 'NONE',  ( 0.0000000000000000000, -0.9738685962292472631, -0.2271122129663562805 ) ) ;
#5792 = CARTESIAN_POINT ( 'NONE',  ( 1.675000000000000044, 0.9999999999999988898, 0.07866077735406329374 ) ) ;
#5793 = PRESENTATION_LAYER_ASSIGNMENT (  '', '', ( #4954 ) ) ;
#5794 = ORIENTED_EDGE ( 'NONE', *, *, #936, .F. ) ;
#5795 = EDGE_CURVE ( 'NONE', #5100, #5491, #6350, .T. ) ;
#5796 = FILL_AREA_STYLE ('',( #2709 ) ) ;
#5797 = VERTEX_POINT ( 'NONE', #3451 ) ;
#5798 = VECTOR ( 'NONE', #7514, 1000.000000000000000 ) ;
#5799 = EDGE_CURVE ( 'NONE', #5759, #4, #7993, .T. ) ;
#5800 = FACE_OUTER_BOUND ( 'NONE', #2136, .T. ) ;
#5801 = DIRECTION ( 'NONE',  ( 1.000000000000000000, -5.243344273594249610E-32, -2.289834988289389802E-16 ) ) ;
#5802 = CARTESIAN_POINT ( 'NONE',  ( 2.770000000000000018, 0.4600000000000000200, -0.7947080000000019684 ) ) ;
#5803 = CARTESIAN_POINT ( 'NONE',  ( -1.675000000000000044, 0.9199999999999860512, -3.330669073875470114E-16 ) ) ;
#5804 = ORIENTED_EDGE ( 'NONE', *, *, #4230, .T. ) ;
#5805 = FACE_OUTER_BOUND ( 'NONE', #1572, .T. ) ;
#5806 = EDGE_LOOP ( 'NONE', ( #4775, #98, #5788, #820 ) ) ;
#5807 = VECTOR ( 'NONE', #2825, 1000.000000000000114 ) ;
#5808 = DIRECTION ( 'NONE',  ( -2.289834988289389802E-16, -1.065228634467009955E-16, -1.000000000000000000 ) ) ;
#5809 = UNCERTAINTY_MEASURE_WITH_UNIT (LENGTH_MEASURE( 1.000000000000000082E-05 ), #1219, 'distance_accuracy_value', 'NONE');
#5810 = LINE ( 'NONE', #2612, #4357 ) ;
#5811 = SURFACE_SIDE_STYLE ('',( #1657 ) ) ;
#5812 = CARTESIAN_POINT ( 'NONE',  ( -2.615000000000000657, -1.899999999999999911, 0.5200000000000001288 ) ) ;
#5813 = PLANE ( 'NONE',  #752 ) ;
#5814 = CARTESIAN_POINT ( 'NONE',  ( 1.175000000000000044, 1.245779075397750235, 0.1705002310154649925 ) ) ;
#5815 = ORIENTED_EDGE ( 'NONE', *, *, #5428, .F. ) ;
#5816 = VERTEX_POINT ( 'NONE', #1604 ) ;
#5817 = DIRECTION ( 'NONE',  ( -1.000000000000000000, 2.804146475863970139E-32, -2.987057121330055487E-48 ) ) ;
#5818 = VECTOR ( 'NONE', #772, 1000.000000000000000 ) ;
#5819 = CARTESIAN_POINT ( 'NONE',  ( 0.4500000000000011213, 0.9999999999999988898, 0.02999999999999923214 ) ) ;
#5820 = SHAPE_DEFINITION_REPRESENTATION ( #3471, #6850 ) ;
#5821 = FILL_AREA_STYLE_COLOUR ( '', #7910 ) ;
#5822 = VERTEX_POINT ( 'NONE', #7134 ) ;
#5823 = ORIENTED_EDGE ( 'NONE', *, *, #804, .T. ) ;
#5824 = DIRECTION ( 'NONE',  ( 2.289834988289389802E-16, -0.0000000000000000000, 1.000000000000000000 ) ) ;
#5825 = EDGE_CURVE ( 'NONE', #6478, #3854, #3109, .T. ) ;
#5826 = EDGE_CURVE ( 'NONE', #5990, #7030, #6554, .T. ) ;
#5827 = VECTOR ( 'NONE', #2619, 1000.000000000000000 ) ;
#5828 = ORIENTED_EDGE ( 'NONE', *, *, #1071, .F. ) ;
#5829 = ORIENTED_EDGE ( 'NONE', *, *, #969, .T. ) ;
#5830 = SURFACE_SIDE_STYLE ('',( #5872 ) ) ;
#5831 = DIRECTION ( 'NONE',  ( 1.000000000000000000, -5.243344273594249610E-32, -2.289834988289389802E-16 ) ) ;
#5832 = CARTESIAN_POINT ( 'NONE',  ( -1.824999999999999956, 0.9199999999999868283, -0.8336977386159070136 ) ) ;
#5833 = FACE_OUTER_BOUND ( 'NONE', #5444, .T. ) ;
#5834 = VERTEX_POINT ( 'NONE', #5898 ) ;
#5835 = VERTEX_POINT ( 'NONE', #5291 ) ;
#5836 = VERTEX_POINT ( 'NONE', #989 ) ;
#5837 = SURFACE_SIDE_STYLE ('',( #1249 ) ) ;
#5838 = EDGE_CURVE ( 'NONE', #1772, #7968, #7596, .T. ) ;
#5839 = ORIENTED_EDGE ( 'NONE', *, *, #6245, .F. ) ;
#5840 = DIRECTION ( 'NONE',  ( -1.000000000000000000, 5.243344273594249610E-32, 2.289834988289389802E-16 ) ) ;
#5841 = DIRECTION ( 'NONE',  ( -1.000000000000000000, 0.0000000000000000000, 2.289834988289389802E-16 ) ) ;
#5842 = EDGE_CURVE ( 'NONE', #2502, #6615, #2909, .T. ) ;
#5843 = VECTOR ( 'NONE', #5932, 1000.000000000000000 ) ;
#5844 = VERTEX_POINT ( 'NONE', #6564 ) ;
#5845 = ORIENTED_EDGE ( 'NONE', *, *, #5321, .F. ) ;
#5846 = DIRECTION ( 'NONE',  ( 0.7071067811865470176, -7.532303909457079922E-17, -0.7071067811865480168 ) ) ;
#5847 = EDGE_LOOP ( 'NONE', ( #3181, #4857, #4163, #2286 ) ) ;
#5848 = DIRECTION ( 'NONE',  ( 0.0000000000000000000, 0.0000000000000000000, 1.000000000000000000 ) ) ;
#5849 = ORIENTED_EDGE ( 'NONE', *, *, #3741, .F. ) ;
#5850 = VECTOR ( 'NONE', #4581, 1000.000000000000000 ) ;
#5851 = ORIENTED_EDGE ( 'NONE', *, *, #1715, .T. ) ;
#5852 = CARTESIAN_POINT ( 'NONE',  ( 0.8250000000000019540, 0.9999999999999988898, 0.1705002310154649925 ) ) ;
#5853 = FACE_OUTER_BOUND ( 'NONE', #1814, .T. ) ;
#5854 = ADVANCED_FACE ( 'NONE', ( #7796 ), #7762, .T. ) ;
#5855 = CARTESIAN_POINT ( 'NONE',  ( -0.8249999999999979572, 1.299999999999990274, 0.1099999999999990014 ) ) ;
#5856 = ORIENTED_EDGE ( 'NONE', *, *, #2012, .T. ) ;
#5857 = VECTOR ( 'NONE', #8041, 1000.000000000000000 ) ;
#5858 = DIRECTION ( 'NONE',  ( -1.000000000000000000, 0.0000000000000000000, 2.289834988289389802E-16 ) ) ;
#5859 = CARTESIAN_POINT ( 'NONE',  ( 0.6750000000000010436, 0.9199999999999860512, -9.236361675490904752E-16 ) ) ;
#5860 = ORIENTED_EDGE ( 'NONE', *, *, #2631, .F. ) ;
#5861 = EDGE_LOOP ( 'NONE', ( #5757, #5942, #4795, #2085, #7747, #3141, #4224, #2271, #686, #3115, #1310 ) ) ;
#5862 = COLOUR_RGB ( '',0.3176470588235293935, 0.2470588235294117752, 0.2078431372549019440 ) ;
#5863 = PRESENTATION_LAYER_ASSIGNMENT (  '', '', ( #6703 ) ) ;
#5864 = LINE ( 'NONE', #6118, #5669 ) ;
#5865 = FILL_AREA_STYLE_COLOUR ( '', #7354 ) ;
#5866 = SURFACE_STYLE_USAGE ( .BOTH. , #1574 ) ;
#5867 = CARTESIAN_POINT ( 'NONE',  ( -2.765000000000000124, -1.100000000000000089, 0.06782713613135761543 ) ) ;
#5868 = ORIENTED_EDGE ( 'NONE', *, *, #4183, .F. ) ;
#5869 = ORIENTED_EDGE ( 'NONE', *, *, #1179, .F. ) ;
#5870 = CARTESIAN_POINT ( 'NONE',  ( -2.765000000000000124, -1.824999999999989964, 0.1699999999999993738 ) ) ;
#5871 = VECTOR ( 'NONE', #1655, 1000.000000000000000 ) ;
#5872 = SURFACE_STYLE_FILL_AREA ( #7471 ) ;
#5873 = CARTESIAN_POINT ( 'NONE',  ( 0.1750000000000020151, 1.299999999999990274, 0.04999999999999969746 ) ) ;
#5874 = EDGE_CURVE ( 'NONE', #1492, #4216, #7036, .T. ) ;
#5875 = EDGE_CURVE ( 'NONE', #5421, #1010, #5389, .T. ) ;
#5876 = CARTESIAN_POINT ( 'NONE',  ( 2.384999999999998010, -1.899999999999999911, 1.050000000000000044 ) ) ;
#5877 = CARTESIAN_POINT ( 'NONE',  ( 1.824999999999999956, 1.249999999999990008, -1.328147661294742932E-15 ) ) ;
#5878 = DIRECTION ( 'NONE',  ( 2.804146475863970139E-32, 1.000000000000000000, -1.065228634467009955E-16 ) ) ;
#5879 = VERTEX_POINT ( 'NONE', #7206 ) ;
#5880 = ORIENTED_EDGE ( 'NONE', *, *, #125, .F. ) ;
#5881 = VECTOR ( 'NONE', #758, 1000.000000000000000 ) ;
#5882 = CARTESIAN_POINT ( 'NONE',  ( 1.850000000000000089, 1.350000000000000089, 0.3099999999999980549 ) ) ;
#5883 = FACE_OUTER_BOUND ( 'NONE', #3072, .T. ) ;
#5884 = ORIENTED_EDGE ( 'NONE', *, *, #3712, .T. ) ;
#5885 = VERTEX_POINT ( 'NONE', #5368 ) ;
#5886 = EDGE_CURVE ( 'NONE', #3670, #6266, #3768, .T. ) ;
#5887 = CIRCLE ( 'NONE', #3111, 0.02999999999999989828 ) ;
#5888 = DIRECTION ( 'NONE',  ( -2.289834988289389802E-16, -2.289834988289389802E-16, -1.000000000000000000 ) ) ;
#5889 = VECTOR ( 'NONE', #5450, 1000.000000000000000 ) ;
#5890 = DIRECTION ( 'NONE',  ( 0.0000000000000000000, -2.289834988289389802E-16, -1.000000000000000000 ) ) ;
#5891 = ADVANCED_FACE ( 'NONE', ( #6835 ), #2292, .F. ) ;
#5892 = CARTESIAN_POINT ( 'NONE',  ( 2.765000000000000124, -1.799999999999990274, 0.5199999999999994627 ) ) ;
#5893 = ORIENTED_EDGE ( 'NONE', *, *, #5619, .T. ) ;
#5894 = FILL_AREA_STYLE ('',( #5865 ) ) ;
#5895 = CARTESIAN_POINT ( 'NONE',  ( 1.675000000000000044, 0.9199999999999870504, 0.1705002310154639933 ) ) ;
#5896 =( NAMED_UNIT ( * ) PLANE_ANGLE_UNIT ( ) SI_UNIT ( $, .RADIAN. ) );
#5897 = AXIS2_PLACEMENT_3D ( 'NONE', #5054, #1361, #5672 ) ;
#5898 = CARTESIAN_POINT ( 'NONE',  ( 0.6750000000000011546, 0.9999999999999988898, 0.07999999999999890532 ) ) ;
#5899 = EDGE_CURVE ( 'NONE', #511, #5914, #2100, .T. ) ;
#5900 = ORIENTED_EDGE ( 'NONE', *, *, #4183, .T. ) ;
#5901 =( LENGTH_UNIT ( ) NAMED_UNIT ( * ) SI_UNIT ( .MILLI., .METRE. ) );
#5902 = VERTEX_POINT ( 'NONE', #1066 ) ;
#5903 = VECTOR ( 'NONE', #3875, 1000.000000000000000 ) ;
#5904 = LINE ( 'NONE', #841, #4264 ) ;
#5905 = EDGE_LOOP ( 'NONE', ( #5955, #5452, #2251, #1544 ) ) ;
#5906 = ORIENTED_EDGE ( 'NONE', *, *, #1680, .F. ) ;
#5907 = ORIENTED_EDGE ( 'NONE', *, *, #126, .F. ) ;
#5908 = LINE ( 'NONE', #2249, #2639 ) ;
#5909 = AXIS2_PLACEMENT_3D ( 'NONE', #2243, #2797, #2919 ) ;
#5910 = CARTESIAN_POINT ( 'NONE',  ( 2.765000000000000124, -1.749999999999990008, 0.4699999999999999734 ) ) ;
#5911 = DIRECTION ( 'NONE',  ( -2.289834988289389802E-16, -2.289834988289389802E-16, -1.000000000000000000 ) ) ;
#5912 = VERTEX_POINT ( 'NONE', #440 ) ;
#5913 = CARTESIAN_POINT ( 'NONE',  ( 3.325000000000000178, 0.9999999999999988898, 0.3099999999999979994 ) ) ;
#5914 = VERTEX_POINT ( 'NONE', #5403 ) ;
#5915 = PLANE ( 'NONE',  #2613 ) ;
#5916 = LINE ( 'NONE', #882, #997 ) ;
#5917 = SURFACE_SIDE_STYLE ('',( #4087 ) ) ;
#5918 = SURFACE_STYLE_USAGE ( .BOTH. , #1629 ) ;
#5919 = PLANE ( 'NONE',  #3046 ) ;
#5920 = FACE_OUTER_BOUND ( 'NONE', #6012, .T. ) ;
#5921 = CARTESIAN_POINT ( 'NONE',  ( 0.05000000000000143219, 0.9999999999999988898, 0.02999999999999888520 ) ) ;
#5922 = MECHANICAL_DESIGN_GEOMETRIC_PRESENTATION_REPRESENTATION (  '', ( #4670 ), #6342 ) ;
#5923 = EDGE_LOOP ( 'NONE', ( #5406, #1887, #3739, #7718 ) ) ;
#5924 = ORIENTED_EDGE ( 'NONE', *, *, #5606, .F. ) ;
#5925 = DIRECTION ( 'NONE',  ( 2.289834988289389802E-16, -0.0000000000000000000, 1.000000000000000000 ) ) ;
#5926 = PLANE ( 'NONE',  #5909 ) ;
#5927 = CARTESIAN_POINT ( 'NONE',  ( -2.615000000000000213, -1.149999999999999911, 0.06782713613135755992 ) ) ;
#5928 = LINE ( 'NONE', #602, #4288 ) ;
#5929 = CARTESIAN_POINT ( 'NONE',  ( 2.265000000000000568, -1.649999999999999245, 0.7199999999999974198 ) ) ;
#5930 = LINE ( 'NONE', #3047, #1003 ) ;
#5931 = CARTESIAN_POINT ( 'NONE',  ( 0.6750000000000010436, 0.9199999999999866063, 0.03619548911246080192 ) ) ;
#5932 = DIRECTION ( 'NONE',  ( -1.000000000000000000, 2.804146475863970139E-32, -2.987057121330055487E-48 ) ) ;
#5933 = ADVANCED_FACE ( 'NONE', ( #4982 ), #1710, .F. ) ;
#5934 = ORIENTED_EDGE ( 'NONE', *, *, #2765, .T. ) ;
#5935 = ORIENTED_EDGE ( 'NONE', *, *, #3403, .F. ) ;
#5936 = DIRECTION ( 'NONE',  ( 0.0000000000000000000, 1.065228634467009955E-16, 1.000000000000000000 ) ) ;
#5937 = EDGE_CURVE ( 'NONE', #7974, #1973, #242, .T. ) ;
#5938 = EDGE_CURVE ( 'NONE', #7012, #2165, #5191, .T. ) ;
#5939 = FACE_OUTER_BOUND ( 'NONE', #4691, .T. ) ;
#5940 = ORIENTED_EDGE ( 'NONE', *, *, #1032, .T. ) ;
#5941 = VERTEX_POINT ( 'NONE', #1088 ) ;
#5942 = ORIENTED_EDGE ( 'NONE', *, *, #167, .F. ) ;
#5943 =( NAMED_UNIT ( * ) SI_UNIT ( $, .STERADIAN. ) SOLID_ANGLE_UNIT ( ) );
#5944 = ORIENTED_EDGE ( 'NONE', *, *, #7852, .F. ) ;
#5945 = DIRECTION ( 'NONE',  ( 0.0000000000000000000, 0.7071067811865474617, 0.7071067811865474617 ) ) ;
#5946 = LINE ( 'NONE', #4956, #1418 ) ;
#5948 = AXIS2_PLACEMENT_3D ( 'NONE', #6484, #5264, #1584 ) ;
#5947 = CARTESIAN_POINT ( 'NONE',  ( 1.675000000000000044, 0.9199999999999860512, 0.03619548911246030926 ) ) ;
#5949 = VECTOR ( 'NONE', #3359, 1000.000000000000000 ) ;
#5950 = ORIENTED_EDGE ( 'NONE', *, *, #3391, .T. ) ;
#5951 = EDGE_CURVE ( 'NONE', #6963, #5885, #1733, .T. ) ;
#5952 = CARTESIAN_POINT ( 'NONE',  ( -2.765000000000000124, -1.050000000000000044, 0.5100000000000000089 ) ) ;
#5953 = CARTESIAN_POINT ( 'NONE',  ( -0.8249999999999979572, 1.245779075397750235, -5.421010862427522170E-16 ) ) ;
#5954 = EDGE_CURVE ( 'NONE', #5273, #1134, #3393, .T. ) ;
#5955 = ORIENTED_EDGE ( 'NONE', *, *, #192, .F. ) ;
#5956 = VECTOR ( 'NONE', #3179, 1000.000000000000114 ) ;
#5957 = DIRECTION ( 'NONE',  ( 0.0000000000000000000, 1.000000000000000000, -2.289834988289389802E-16 ) ) ;
#5958 = LINE ( 'NONE', #2626, #1028 ) ;
#5959 = LINE ( 'NONE', #7915, #7405 ) ;
#5960 = SURFACE_SIDE_STYLE ('',( #3119 ) ) ;
#5961 = EDGE_LOOP ( 'NONE', ( #6188, #7120, #3246, #4614 ) ) ;
#5962 = ORIENTED_EDGE ( 'NONE', *, *, #1827, .F. ) ;
#5963 = VECTOR ( 'NONE', #1639, 1000.000000000000000 ) ;
#5964 = CARTESIAN_POINT ( 'NONE',  ( -2.719999999999999307, 0.5337243177612559508, 0.9400000000000001688 ) ) ;
#5965 = VECTOR ( 'NONE', #2283, 1000.000000000000000 ) ;
#5966 = AXIS2_PLACEMENT_3D ( 'NONE', #7102, #2829, #7132 ) ;
#5967 = LINE ( 'NONE', #6898, #7411 ) ;
#5968 = VERTEX_POINT ( 'NONE', #4206 ) ;
#5969 = VERTEX_POINT ( 'NONE', #7901 ) ;
#5970 = DIRECTION ( 'NONE',  ( 0.0000000000000000000, 0.9751328557914595851, 0.2216211035889688874 ) ) ;
#5971 = LINE ( 'NONE', #7349, #4326 ) ;
#5972 = VECTOR ( 'NONE', #1481, 1000.000000000000000 ) ;
#5973 = CARTESIAN_POINT ( 'NONE',  ( 1.174999999999999822, 0.9999999999999988898, 0.3099999999999970002 ) ) ;
#5974 = ADVANCED_FACE ( 'NONE', ( #6444 ), #1741, .T. ) ;
#5975 =( NAMED_UNIT ( * ) SI_UNIT ( $, .STERADIAN. ) SOLID_ANGLE_UNIT ( ) );
#5976 = ORIENTED_EDGE ( 'NONE', *, *, #4424, .F. ) ;
#5977 = ORIENTED_EDGE ( 'NONE', *, *, #672, .F. ) ;
#5978 = PRESENTATION_STYLE_ASSIGNMENT (( #2121 ) ) ;
#5979 = FACE_OUTER_BOUND ( 'NONE', #3412, .T. ) ;
#5980 = CARTESIAN_POINT ( 'NONE',  ( 1.324999999999999956, 0.9199999999999868283, -1.206494395130281764E-15 ) ) ;
#5981 = CARTESIAN_POINT ( 'NONE',  ( -2.770000000000000018, 0.9999999999999988898, 0.3099999999999995537 ) ) ;
#5982 = ORIENTED_EDGE ( 'NONE', *, *, #4280, .F. ) ;
#5983 = ORIENTED_EDGE ( 'NONE', *, *, #7758, .F. ) ;
#5984 = FACE_OUTER_BOUND ( 'NONE', #6103, .T. ) ;
#5985 = EDGE_CURVE ( 'NONE', #1703, #4877, #7893, .T. ) ;
#5986 = EDGE_CURVE ( 'NONE', #7662, #478, #3193, .T. ) ;
#5987 = VECTOR ( 'NONE', #520, 1000.000000000000000 ) ;
#5988 =( LENGTH_UNIT ( ) NAMED_UNIT ( * ) SI_UNIT ( .MILLI., .METRE. ) );
#5989 = CARTESIAN_POINT ( 'NONE',  ( 1.675000000000000044, 0.9999999999999988898, 0.3099999999999980549 ) ) ;
#5990 = VERTEX_POINT ( 'NONE', #4235 ) ;
#5991 = LINE ( 'NONE', #712, #2727 ) ;
#5992 = FACE_OUTER_BOUND ( 'NONE', #3678, .T. ) ;
#5993 = CARTESIAN_POINT ( 'NONE',  ( -2.765000000000000124, -1.050000000000000044, 0.4600000000000000200 ) ) ;
#5994 = EDGE_CURVE ( 'NONE', #2165, #524, #4048, .T. ) ;
#5995 = DIRECTION ( 'NONE',  ( -2.285724380627539830E-16, 0.05989229072794666903, -0.9982048454657787007 ) ) ;
#5996 = ORIENTED_EDGE ( 'NONE', *, *, #1607, .T. ) ;
#5997 = FACE_OUTER_BOUND ( 'NONE', #2742, .T. ) ;
#5998 = DIRECTION ( 'NONE',  ( -1.000000000000000000, -0.0000000000000000000, 2.289834988289389802E-16 ) ) ;
#5999 = EDGE_CURVE ( 'NONE', #6340, #2915, #5660, .T. ) ;
#6000 = VECTOR ( 'NONE', #431, 1000.000000000000000 ) ;
#6001 = CARTESIAN_POINT ( 'NONE',  ( -0.5499999999999979350, 0.9999999999999988898, 0.02999999999999847927 ) ) ;
#6002 = UNCERTAINTY_MEASURE_WITH_UNIT (LENGTH_MEASURE( 1.000000000000000082E-05 ), #1178, 'distance_accuracy_value', 'NONE');
#6003 = DIRECTION ( 'NONE',  ( -1.000000000000000000, 5.243344273594249610E-32, 2.289834988289389802E-16 ) ) ;
#6004 = EDGE_LOOP ( 'NONE', ( #5627, #7358, #3397, #7976 ) ) ;
#6005 = ORIENTED_EDGE ( 'NONE', *, *, #2479, .F. ) ;
#6006 = LINE ( 'NONE', #2465, #7641 ) ;
#6007 = DIRECTION ( 'NONE',  ( -0.7071067811865520136, 0.0000000000000000000, 0.7071067811865431318 ) ) ;
#6008 = MECHANICAL_DESIGN_GEOMETRIC_PRESENTATION_REPRESENTATION (  '', ( #4757 ), #6422 ) ;
#6009 = EDGE_CURVE ( 'NONE', #7085, #5468, #733, .T. ) ;
#6010 = DIRECTION ( 'NONE',  ( -2.289834988289389802E-16, 0.0000000000000000000, -1.000000000000000000 ) ) ;
#6011 = ORIENTED_EDGE ( 'NONE', *, *, #2938, .F. ) ;
#6012 = EDGE_LOOP ( 'NONE', ( #2697, #5078, #7655, #4440 ) ) ;
#6013 = DIRECTION ( 'NONE',  ( -2.289834988289389802E-16, 0.0000000000000000000, -1.000000000000000000 ) ) ;
#6014 = ADVANCED_FACE ( 'NONE', ( #3861 ), #1812, .F. ) ;
#6015 = CARTESIAN_POINT ( 'NONE',  ( -0.8374999999999980238, 0.9999999999999988898, 0.07999999999999919675 ) ) ;
#6016 = ORIENTED_EDGE ( 'NONE', *, *, #3452, .T. ) ;
#6017 = VERTEX_POINT ( 'NONE', #4258 ) ;
#6018 = MECHANICAL_DESIGN_GEOMETRIC_PRESENTATION_REPRESENTATION (  '', ( #4769 ), #6439 ) ;
#6019 = DIRECTION ( 'NONE',  ( 1.000000000000000000, -5.243344273594249610E-32, -2.289834988289389802E-16 ) ) ;
#6020 = VECTOR ( 'NONE', #736, 1000.000000000000000 ) ;
#6021 = CARTESIAN_POINT ( 'NONE',  ( -0.1749999999999979905, 1.350000000000000089, 0.1099999999999989597 ) ) ;
#6022 = EDGE_LOOP ( 'NONE', ( #4408, #1012, #1087, #1840 ) ) ;
#6023 = EDGE_LOOP ( 'NONE', ( #7617, #4310, #1412, #6934 ) ) ;
#6024 = CARTESIAN_POINT ( 'NONE',  ( -1.324999999999999956, 1.299999999999994715, 0.1099999999999990152 ) ) ;
#6025 = DIRECTION ( 'NONE',  ( 0.0000000000000000000, 0.7071067811865980879, 0.7071067811864969466 ) ) ;
#6026 = EDGE_CURVE ( 'NONE', #2262, #3534, #2199, .T. ) ;
#6027 = AXIS2_PLACEMENT_3D ( 'NONE', #7381, #1863, #6178 ) ;
#6028 = LINE ( 'NONE', #5397, #3835 ) ;
#6029 = EDGE_LOOP ( 'NONE', ( #7058, #3755, #5558, #5880 ) ) ;
#6030 = DIRECTION ( 'NONE',  ( -1.000000000000000000, 5.243344273594249610E-32, 2.289834988289389802E-16 ) ) ;
#6031 = ORIENTED_EDGE ( 'NONE', *, *, #4146, .T. ) ;
#6032 = DIRECTION ( 'NONE',  ( -5.243344273594249610E-32, -1.000000000000000000, 1.200639317332292868E-47 ) ) ;
#6033 = EDGE_LOOP ( 'NONE', ( #5303, #3572, #311, #1255 ) ) ;
#6034 = CARTESIAN_POINT ( 'NONE',  ( 1.850000000000000089, 0.9999999999999988898, 0.3099999999999980549 ) ) ;
#6035 = ORIENTED_EDGE ( 'NONE', *, *, #6255, .F. ) ;
#6036 = PRESENTATION_STYLE_ASSIGNMENT (( #770 ) ) ;
#6037 = ORIENTED_EDGE ( 'NONE', *, *, #6089, .F. ) ;
#6038 = PLANE ( 'NONE',  #6071 ) ;
#6039 = VERTEX_POINT ( 'NONE', #3079 ) ;
#6040 = EDGE_CURVE ( 'NONE', #7941, #4875, #6927, .T. ) ;
#6041 = CARTESIAN_POINT ( 'NONE',  ( 1.824999999999999956, 1.350000000000000089, 0.1705002310154639933 ) ) ;
#6042 = EDGE_CURVE ( 'NONE', #3231, #2607, #5289, .T. ) ;
#6043 = VERTEX_POINT ( 'NONE', #4891 ) ;
#6044 = VECTOR ( 'NONE', #3367, 1000.000000000000000 ) ;
#6045 = ORIENTED_EDGE ( 'NONE', *, *, #1032, .F. ) ;
#6046 = LINE ( 'NONE', #7080, #4398 ) ;
#6047 = DIRECTION ( 'NONE',  ( -0.0000000000000000000, -1.065228634467009955E-16, -1.000000000000000000 ) ) ;
#6048 = DIRECTION ( 'NONE',  ( -1.000000000000000000, 5.243344273594249610E-32, 2.289834988289389802E-16 ) ) ;
#6049 = CARTESIAN_POINT ( 'NONE',  ( 0.05000000000000077299, 0.9999999999999988898, 0.03000000000000017930 ) ) ;
#6050 = ORIENTED_EDGE ( 'NONE', *, *, #2525, .F. ) ;
#6051 = DIRECTION ( 'NONE',  ( 0.0000000000000000000, 0.0000000000000000000, 1.000000000000000000 ) ) ;
#6052 = ADVANCED_FACE ( 'NONE', ( #3480 ), #2447, .T. ) ;
#6054 = AXIS2_PLACEMENT_3D ( 'NONE', #7229, #3558, #7838 ) ;
#6053 = CARTESIAN_POINT ( 'NONE',  ( -2.615000000000000213, -1.100000000000000089, 0.06782713613135758768 ) ) ;
#6055 = DIRECTION ( 'NONE',  ( -1.619157848017760137E-16, 0.7071067811864969466, -0.7071067811865980879 ) ) ;
#6056 = AXIS2_PLACEMENT_3D ( 'NONE', #1949, #1978, #1990 ) ;
#6057 = CYLINDRICAL_SURFACE ( 'NONE', #3798, 0.02999999999999989828 ) ;
#6058 = SURFACE_STYLE_USAGE ( .BOTH. , #1760 ) ;
#6059 = EDGE_CURVE ( 'NONE', #2059, #1713, #129, .T. ) ;
#6060 = UNCERTAINTY_MEASURE_WITH_UNIT (LENGTH_MEASURE( 1.000000000000000082E-05 ), #1442, 'distance_accuracy_value', 'NONE');
#6061 = ORIENTED_EDGE ( 'NONE', *, *, #3547, .F. ) ;
#6062 = ORIENTED_EDGE ( 'NONE', *, *, #2810, .F. ) ;
#6063 = CARTESIAN_POINT ( 'NONE',  ( 2.502499999999999947, -0.8000000000000010436, 0.1799999999999979117 ) ) ;
#6064 = VECTOR ( 'NONE', #7680, 1000.000000000000000 ) ;
#6065 =( NAMED_UNIT ( * ) PLANE_ANGLE_UNIT ( ) SI_UNIT ( $, .RADIAN. ) );
#6066 = CARTESIAN_POINT ( 'NONE',  ( -1.324999999999999956, 0.9199999999999860512, -4.795469576990272673E-16 ) ) ;
#6067 = ORIENTED_EDGE ( 'NONE', *, *, #7947, .T. ) ;
#6068 = ORIENTED_EDGE ( 'NONE', *, *, #554, .F. ) ;
#6069 = CIRCLE ( 'NONE', #946, 0.05000000000000070360 ) ;
#6070 = STYLED_ITEM ( 'NONE', ( #5408 ), #5250 ) ;
#6071 = AXIS2_PLACEMENT_3D ( 'NONE', #7959, #7989, #473 ) ;
#6072 = LINE ( 'NONE', #6351, #7708 ) ;
#6073 = PLANE ( 'NONE',  #3324 ) ;
#6074 = ORIENTED_EDGE ( 'NONE', *, *, #6040, .T. ) ;
#6075 = ORIENTED_EDGE ( 'NONE', *, *, #3184, .F. ) ;
#6076 = VECTOR ( 'NONE', #1993, 1000.000000000000000 ) ;
#6077 = CARTESIAN_POINT ( 'NONE',  ( 6.250000000000000000, 0.4600000000000010192, 0.8900000000000000133 ) ) ;
#6078 = VECTOR ( 'NONE', #5601, 1000.000000000000000 ) ;
#6079 = DIRECTION ( 'NONE',  ( 1.000000000000000000, -5.243344273594249610E-32, -2.289834988289389802E-16 ) ) ;
#6080 = ORIENTED_EDGE ( 'NONE', *, *, #3900, .T. ) ;
#6081 = FACE_OUTER_BOUND ( 'NONE', #3943, .T. ) ;
#6082 = DIRECTION ( 'NONE',  ( -5.326143172335038067E-17, 1.000000000000000000, -5.326143172335105860E-17 ) ) ;
#6083 = LINE ( 'NONE', #4141, #1152 ) ;
#6084 = DIRECTION ( 'NONE',  ( 2.439197797730288502E-32, -1.000000000000000000, 1.065228634467009955E-16 ) ) ;
#6085 = VECTOR ( 'NONE', #1273, 1000.000000000000000 ) ;
#6086 = CARTESIAN_POINT ( 'NONE',  ( 0.1750000000000020151, 1.299999999999990274, 0.1099999999999990014 ) ) ;
#6087 = EDGE_CURVE ( 'NONE', #449, #3746, #1818, .T. ) ;
#6088 = ORIENTED_EDGE ( 'NONE', *, *, #5232, .F. ) ;
#6089 = EDGE_CURVE ( 'NONE', #7832, #5295, #6549, .T. ) ;
#6090 = VECTOR ( 'NONE', #6727, 1000.000000000000000 ) ;
#6091 = CYLINDRICAL_SURFACE ( 'NONE', #6541, 0.05000000000000429101 ) ;
#6092 = CARTESIAN_POINT ( 'NONE',  ( 0.1750000000000020151, 0.9199999999999860512, -8.126138650865743281E-16 ) ) ;
#6093 = ADVANCED_FACE ( 'NONE', ( #6341 ), #3104, .T. ) ;
#6094 = FILL_AREA_STYLE_COLOUR ( '', #4432 ) ;
#6095 = EDGE_LOOP ( 'NONE', ( #7460, #6772, #5081, #5274, #2803, #1415, #695, #774, #3582, #6318, #4746 ) ) ;
#6096 = VERTEX_POINT ( 'NONE', #8027 ) ;
#6097 = FACE_OUTER_BOUND ( 'NONE', #2995, .T. ) ;
#6098 = LINE ( 'NONE', #5882, #4443 ) ;
#6099 = DIRECTION ( 'NONE',  ( -2.289834988289389802E-16, 0.0000000000000000000, -1.000000000000000000 ) ) ;
#6100 = PRESENTATION_LAYER_ASSIGNMENT (  '', '', ( #5679 ) ) ;
#6101 = EDGE_CURVE ( 'NONE', #4131, #6787, #4687, .T. ) ;
#6102 = DIRECTION ( 'NONE',  ( -2.439197797730288502E-32, 1.000000000000000000, -1.065228634467009955E-16 ) ) ;
#6103 = EDGE_LOOP ( 'NONE', ( #2775, #2952, #6907, #4549 ) ) ;
#6104 = EDGE_CURVE ( 'NONE', #4991, #6773, #3673, .T. ) ;
#6105 = PLANE ( 'NONE',  #5562 ) ;
#6106 = ORIENTED_EDGE ( 'NONE', *, *, #979, .F. ) ;
#6107 = PLANE ( 'NONE',  #1207 ) ;
#6108 = CARTESIAN_POINT ( 'NONE',  ( -1.324999999999999956, 1.249999999999988676, 8.357391746242432642E-16 ) ) ;
#6109 = LINE ( 'NONE', #7521, #7548 ) ;
#6110 = CARTESIAN_POINT ( 'NONE',  ( 1.850000000000000089, 1.350000000000000089, 0.3099999999999980549 ) ) ;
#6111 = ADVANCED_FACE ( 'NONE', ( #7786 ), #2501, .T. ) ;
#6112 = ORIENTED_EDGE ( 'NONE', *, *, #5125, .F. ) ;
#6113 = ORIENTED_EDGE ( 'NONE', *, *, #1277, .T. ) ;
#6114 = STYLED_ITEM ( 'NONE', ( #1362 ), #1237 ) ;
#6115 = DIRECTION ( 'NONE',  ( 2.283421870080620790E-16, 0.07478994824163433253, 0.9971993098884563977 ) ) ;
#6116 = VECTOR ( 'NONE', #5693, 1000.000000000000000 ) ;
#6117 = STYLED_ITEM ( 'NONE', ( #860 ), #4583 ) ;
#6118 = CARTESIAN_POINT ( 'NONE',  ( -19.12071951488119836, -0.6000000000000009770, 0.6899999999999989475 ) ) ;
#6119 = VECTOR ( 'NONE', #238, 1000.000000000000000 ) ;
#6120 = CARTESIAN_POINT ( 'NONE',  ( 0.3250000000000020095, 1.349999999999999867, 0.3099999999999986100 ) ) ;
#6121 = EDGE_LOOP ( 'NONE', ( #5750, #5869, #1892, #7553 ) ) ;
#6122 = ORIENTED_EDGE ( 'NONE', *, *, #484, .F. ) ;
#6123 = FILL_AREA_STYLE ('',( #2425 ) ) ;
#6124 = LINE ( 'NONE', #1203, #2872 ) ;
#6125 = VECTOR ( 'NONE', #3636, 1000.000000000000000 ) ;
#6126 = AXIS2_PLACEMENT_3D ( 'NONE', #7192, #399, #4719 ) ;
#6127 = CARTESIAN_POINT ( 'NONE',  ( 0.6750000000000010436, 0.9999999999999988898, 0.07866077735406398763 ) ) ;
#6128 = ORIENTED_EDGE ( 'NONE', *, *, #4806, .T. ) ;
#6129 = ORIENTED_EDGE ( 'NONE', *, *, #4854, .F. ) ;
#6130 = CARTESIAN_POINT ( 'NONE',  ( -2.765000000000000124, -1.799999999999990274, 0.5200000000000006839 ) ) ;
#6131 = CARTESIAN_POINT ( 'NONE',  ( 2.452500000000004121, -1.899999999999999245, 0.9999999999999993339 ) ) ;
#6132 =( LENGTH_UNIT ( ) NAMED_UNIT ( * ) SI_UNIT ( .MILLI., .METRE. ) );
#6133 = VECTOR ( 'NONE', #7658, 1000.000000000000000 ) ;
#6134 = ADVANCED_FACE ( 'NONE', ( #2900 ), #6196, .F. ) ;
#6135 = DIRECTION ( 'NONE',  ( 0.7071067811865520136, -0.0000000000000000000, 0.7071067811865431318 ) ) ;
#6136 = FACE_OUTER_BOUND ( 'NONE', #5861, .T. ) ;
#6137 = ORIENTED_EDGE ( 'NONE', *, *, #5733, .F. ) ;
#6138 = ORIENTED_EDGE ( 'NONE', *, *, #4083, .T. ) ;
#6139 = ORIENTED_EDGE ( 'NONE', *, *, #821, .T. ) ;
#6140 = PLANE ( 'NONE',  #3449 ) ;
#6141 = ORIENTED_EDGE ( 'NONE', *, *, #7758, .T. ) ;
#6142 = EDGE_CURVE ( 'NONE', #2471, #6669, #7987, .T. ) ;
#6143 = EDGE_CURVE ( 'NONE', #2582, #7513, #6150, .T. ) ;
#6144 = MECHANICAL_DESIGN_GEOMETRIC_PRESENTATION_REPRESENTATION (  '', ( #5324 ), #6569 ) ;
#6145 = LINE ( 'NONE', #1851, #7779 ) ;
#6146 = DIRECTION ( 'NONE',  ( -2.289834988289389802E-16, 0.0000000000000000000, -1.000000000000000000 ) ) ;
#6147 = VECTOR ( 'NONE', #218, 1000.000000000000000 ) ;
#6148 = ORIENTED_EDGE ( 'NONE', *, *, #4184, .F. ) ;
#6149 = ORIENTED_EDGE ( 'NONE', *, *, #5606, .T. ) ;
#6150 = LINE ( 'NONE', #2526, #5956 ) ;
#6151 = CARTESIAN_POINT ( 'NONE',  ( 2.765000000000000124, -1.899999999999999911, 0.5199999999999990186 ) ) ;
#6152 = LINE ( 'NONE', #103, #4315 ) ;
#6153 = STYLED_ITEM ( 'NONE', ( #6172 ), #2551 ) ;
#6154 = EDGE_CURVE ( 'NONE', #4397, #3363, #1222, .T. ) ;
#6155 = CARTESIAN_POINT ( 'NONE',  ( 1.675000000000000044, 1.350000000000000089, 0.1599999999999983658 ) ) ;
#6156 = ADVANCED_FACE ( 'NONE', ( #7400 ), #35, .T. ) ;
#6157 = VERTEX_POINT ( 'NONE', #3795 ) ;
#6158 = ORIENTED_EDGE ( 'NONE', *, *, #4001, .T. ) ;
#6159 = VECTOR ( 'NONE', #6536, 1000.000000000000000 ) ;
#6160 = DIRECTION ( 'NONE',  ( -2.289834988289389802E-16, 0.0000000000000000000, -1.000000000000000000 ) ) ;
#6161 = ADVANCED_FACE ( 'NONE', ( #7587 ), #2482, .T. ) ;
#6162 = FILL_AREA_STYLE ('',( #5539 ) ) ;
#6163 = CIRCLE ( 'NONE', #5712, 0.02999999999999989828 ) ;
#6164 = CIRCLE ( 'NONE', #5169, 0.05000000000000070360 ) ;
#6165 =( NAMED_UNIT ( * ) SI_UNIT ( $, .STERADIAN. ) SOLID_ANGLE_UNIT ( ) );
#6166 = ORIENTED_EDGE ( 'NONE', *, *, #3791, .T. ) ;
#6167 = ORIENTED_EDGE ( 'NONE', *, *, #3899, .F. ) ;
#6168 = AXIS2_PLACEMENT_3D ( 'NONE', #3540, #4011, #101 ) ;
#6169 = FACE_OUTER_BOUND ( 'NONE', #7384, .T. ) ;
#6170 = VECTOR ( 'NONE', #2549, 1000.000000000000000 ) ;
#6171 = EDGE_CURVE ( 'NONE', #492, #6998, #4313, .T. ) ;
#6172 = PRESENTATION_STYLE_ASSIGNMENT (( #2265 ) ) ;
#6173 = DIRECTION ( 'NONE',  ( 1.000000000000000000, -5.243344273594249610E-32, -2.289834988289389802E-16 ) ) ;
#6174 = ORIENTED_EDGE ( 'NONE', *, *, #2280, .F. ) ;
#6175 = ORIENTED_EDGE ( 'NONE', *, *, #3020, .F. ) ;
#6176 = LINE ( 'NONE', #236, #6373 ) ;
#6177 = DIRECTION ( 'NONE',  ( 2.804146475863970139E-32, 1.000000000000000000, -1.065228634467009955E-16 ) ) ;
#6178 = DIRECTION ( 'NONE',  ( -1.000000000000000000, 0.0000000000000000000, 2.289834988289389802E-16 ) ) ;
#6179 = ADVANCED_FACE ( 'NONE', ( #827 ), #7477, .T. ) ;
#6180 = STYLED_ITEM ( 'NONE', ( #939 ), #5702 ) ;
#6181 = PRESENTATION_LAYER_ASSIGNMENT (  '', '', ( #5356 ) ) ;
#6182 = VERTEX_POINT ( 'NONE', #702 ) ;
#6183 = VERTEX_POINT ( 'NONE', #1959 ) ;
#6184 = LINE ( 'NONE', #2917, #7821 ) ;
#6185 = VECTOR ( 'NONE', #299, 1000.000000000000000 ) ;
#6186 = CARTESIAN_POINT ( 'NONE',  ( 2.850000000000000089, 0.9499999999999990674, 0.6749999999999980460 ) ) ;
#6187 = DIRECTION ( 'NONE',  ( 2.804146475863970139E-32, 1.000000000000000000, -1.065228634467009955E-16 ) ) ;
#6188 = ORIENTED_EDGE ( 'NONE', *, *, #1403, .F. ) ;
#6189 = VECTOR ( 'NONE', #4386, 1000.000000000000000 ) ;
#6190 = DIRECTION ( 'NONE',  ( 0.7071067811865510144, -0.7071067811865441310, -1.454462294001240516E-30 ) ) ;
#6191 = CYLINDRICAL_SURFACE ( 'NONE', #3216, 0.05000000000000070360 ) ;
#6192 = DIRECTION ( 'NONE',  ( 0.0000000000000000000, 1.065228634467009955E-16, 1.000000000000000000 ) ) ;
#6193 = VERTEX_POINT ( 'NONE', #2584 ) ;
#6194 = VECTOR ( 'NONE', #7694, 1000.000000000000000 ) ;
#6195 = ADVANCED_FACE ( 'NONE', ( #7219 ), #3817, .T. ) ;
#6196 = PLANE ( 'NONE',  #5457 ) ;
#6197 = DIRECTION ( 'NONE',  ( 0.0000000000000000000, 0.0000000000000000000, -1.000000000000000000 ) ) ;
#6198 = EDGE_CURVE ( 'NONE', #494, #4935, #5568, .T. ) ;
#6199 = EDGE_CURVE ( 'NONE', #216, #7633, #4135, .T. ) ;
#6200 = ORIENTED_EDGE ( 'NONE', *, *, #4944, .T. ) ;
#6201 = ORIENTED_EDGE ( 'NONE', *, *, #3800, .T. ) ;
#6202 =( LENGTH_UNIT ( ) NAMED_UNIT ( * ) SI_UNIT ( .MILLI., .METRE. ) );
#6203 = PRESENTATION_STYLE_ASSIGNMENT (( #3332 ) ) ;
#6204 = DIRECTION ( 'NONE',  ( -0.2163711612039600773, 0.9520331092974135823, 0.2163711612039572463 ) ) ;
#6205 = ORIENTED_EDGE ( 'NONE', *, *, #2689, .T. ) ;
#6206 = ORIENTED_EDGE ( 'NONE', *, *, #2444, .T. ) ;
#6207 = CARTESIAN_POINT ( 'NONE',  ( -2.477500000000000036, -1.350000000000000089, 0.1549999999999999989 ) ) ;
#6208 = MECHANICAL_DESIGN_GEOMETRIC_PRESENTATION_REPRESENTATION (  '', ( #4954 ), #6634 ) ;
#6209 = EDGE_CURVE ( 'NONE', #5276, #5816, #3948, .T. ) ;
#6210 = FILL_AREA_STYLE_COLOUR ( '', #7689 ) ;
#6211 = EDGE_CURVE ( 'NONE', #1787, #2653, #7031, .T. ) ;
#6212 = FILL_AREA_STYLE_COLOUR ( '', #2201 ) ;
#6213 = ORIENTED_EDGE ( 'NONE', *, *, #803, .F. ) ;
#6214 = ORIENTED_EDGE ( 'NONE', *, *, #5155, .F. ) ;
#6215 = CARTESIAN_POINT ( 'NONE',  ( -47.60249999999999915, 0.6999999999999990674, 0.03000000000000983130 ) ) ;
#6216 = FACE_OUTER_BOUND ( 'NONE', #4973, .T. ) ;
#6217 = VECTOR ( 'NONE', #3396, 1000.000000000000000 ) ;
#6218 = ORIENTED_EDGE ( 'NONE', *, *, #2574, .T. ) ;
#6219 = ORIENTED_EDGE ( 'NONE', *, *, #5541, .F. ) ;
#6220 = AXIS2_PLACEMENT_3D ( 'NONE', #7899, #5446, #1765 ) ;
#6221 = CARTESIAN_POINT ( 'NONE',  ( -2.452500000000000124, -0.8000000000000019318, 0.07999999999999955758 ) ) ;
#6222 = VECTOR ( 'NONE', #2923, 1000.000000000000000 ) ;
#6223 = LINE ( 'NONE', #5921, #4382 ) ;
#6224 = VERTEX_POINT ( 'NONE', #86 ) ;
#6225 = VERTEX_POINT ( 'NONE', #6930 ) ;
#6226 = ORIENTED_EDGE ( 'NONE', *, *, #1327, .T. ) ;
#6227 = PLANE ( 'NONE',  #5698 ) ;
#6228 = ORIENTED_EDGE ( 'NONE', *, *, #761, .T. ) ;
#6229 = CARTESIAN_POINT ( 'NONE',  ( -2.770000000000000018, 1.673724317761259961, 0.3099999999999990541 ) ) ;
#6230 = FACE_OUTER_BOUND ( 'NONE', #6023, .T. ) ;
#6231 = AXIS2_PLACEMENT_3D ( 'NONE', #4525, #832, #5154 ) ;
#6232 = DIRECTION ( 'NONE',  ( 0.0000000000000000000, 2.289834988289389802E-16, 1.000000000000000000 ) ) ;
#6233 = ADVANCED_FACE ( 'NONE', ( #2289 ), #113, .F. ) ;
#6234 = ORIENTED_EDGE ( 'NONE', *, *, #4997, .F. ) ;
#6235 =( NAMED_UNIT ( * ) SI_UNIT ( $, .STERADIAN. ) SOLID_ANGLE_UNIT ( ) );
#6236 = ORIENTED_EDGE ( 'NONE', *, *, #7913, .F. ) ;
#6237 = CARTESIAN_POINT ( 'NONE',  ( 6.169999999999999929, 1.899999999999999911, 0.9399999999999980593 ) ) ;
#6238 = DIRECTION ( 'NONE',  ( 1.619157848017760137E-16, -0.7071067811864969466, 0.7071067811865980879 ) ) ;
#6239 = ORIENTED_EDGE ( 'NONE', *, *, #1168, .F. ) ;
#6240 = FACE_OUTER_BOUND ( 'NONE', #3749, .T. ) ;
#6241 = ORIENTED_EDGE ( 'NONE', *, *, #3832, .T. ) ;
#6242 = CARTESIAN_POINT ( 'NONE',  ( -0.6749999999999980460, 0.9999999999999988898, 0.07866077735406430682 ) ) ;
#6243 = VECTOR ( 'NONE', #1537, 1000.000000000000000 ) ;
#6244 = CIRCLE ( 'NONE', #4057, 0.02999999999999989828 ) ;
#6245 = EDGE_CURVE ( 'NONE', #6043, #4131, #437, .T. ) ;
#6246 = EDGE_CURVE ( 'NONE', #5369, #5674, #6827, .T. ) ;
#6247 = ORIENTED_EDGE ( 'NONE', *, *, #5122, .F. ) ;
#6248 = COLOUR_RGB ( '',0.3176470588235293935, 0.2470588235294117752, 0.2078431372549019440 ) ;
#6249 = DIRECTION ( 'NONE',  ( -1.000000000000000000, -1.144917494144693668E-16, 1.144917494144857357E-16 ) ) ;
#6250 = VECTOR ( 'NONE', #1057, 1000.000000000000000 ) ;
#6251 = ORIENTED_EDGE ( 'NONE', *, *, #7585, .F. ) ;
#6252 = ORIENTED_EDGE ( 'NONE', *, *, #2428, .F. ) ;
#6253 = LINE ( 'NONE', #4517, #3010 ) ;
#6254 = EDGE_CURVE ( 'NONE', #3440, #1703, #5182, .T. ) ;
#6255 = EDGE_CURVE ( 'NONE', #1080, #2706, #3574, .T. ) ;
#6256 = FILL_AREA_STYLE_COLOUR ( '', #3317 ) ;
#6257 = ORIENTED_EDGE ( 'NONE', *, *, #4996, .T. ) ;
#6258 = ORIENTED_EDGE ( 'NONE', *, *, #7709, .T. ) ;
#6259 = LINE ( 'NONE', #5279, #46 ) ;
#6260 = DIRECTION ( 'NONE',  ( -1.000000000000000000, 5.243344273594249610E-32, 2.289834988289389802E-16 ) ) ;
#6261 = CARTESIAN_POINT ( 'NONE',  ( 2.615000000000000213, -1.000000000000000000, 0.5099999999999988987 ) ) ;
#6262 = FACE_OUTER_BOUND ( 'NONE', #6539, .T. ) ;
#6263 = CARTESIAN_POINT ( 'NONE',  ( -0.3249999999999980127, 0.9199999999999860512, 0.03619548911246100314 ) ) ;
#6264 = CARTESIAN_POINT ( 'NONE',  ( 2.615000000000000213, -1.464196000000000053, 0.3699999999999989964 ) ) ;
#6265 = STYLED_ITEM ( 'NONE', ( #3339 ), #1170 ) ;
#6266 = VERTEX_POINT ( 'NONE', #6359 ) ;
#6267 = ORIENTED_EDGE ( 'NONE', *, *, #4158, .T. ) ;
#6268 = VECTOR ( 'NONE', #5704, 1000.000000000000227 ) ;
#6269 = COLOUR_RGB ( '',0.3176470588235293935, 0.2470588235294117752, 0.2078431372549019440 ) ;
#6270 = ADVANCED_FACE ( 'NONE', ( #1723 ), #4476, .T. ) ;
#6271 = DIRECTION ( 'NONE',  ( -2.289834988289389802E-16, -6.488950002325740340E-17, -1.000000000000000000 ) ) ;
#6272 = ORIENTED_EDGE ( 'NONE', *, *, #5347, .T. ) ;
#6273 = VECTOR ( 'NONE', #3300, 1000.000000000000000 ) ;
#6274 = FACE_OUTER_BOUND ( 'NONE', #5961, .T. ) ;
#6275 = CARTESIAN_POINT ( 'NONE',  ( -2.765000000000000124, -1.824999999999989964, 0.3752010000000010059 ) ) ;
#6276 = AXIS2_PLACEMENT_3D ( 'NONE', #4375, #4998, #1308 ) ;
#6277 = AXIS2_PLACEMENT_3D ( 'NONE', #7492, #1347, #5658 ) ;
#6278 = PLANE ( 'NONE',  #578 ) ;
#6279 = LINE ( 'NONE', #5635, #4629 ) ;
#6280 = EDGE_LOOP ( 'NONE', ( #7089, #7170, #1905, #3078 ) ) ;
#6281 = FACE_OUTER_BOUND ( 'NONE', #1247, .T. ) ;
#6282 = DIRECTION ( 'NONE',  ( 0.0000000000000000000, 1.065228634467009955E-16, 1.000000000000000000 ) ) ;
#6283 = FACE_OUTER_BOUND ( 'NONE', #1392, .T. ) ;
#6284 = SURFACE_STYLE_USAGE ( .BOTH. , #7245 ) ;
#6285 = CARTESIAN_POINT ( 'NONE',  ( 1.824999999999999956, 0.9431866336109967497, 0.06541154699933758587 ) ) ;
#6286 = DIRECTION ( 'NONE',  ( 0.0000000000000000000, 1.000000000000000000, -2.289834988289389802E-16 ) ) ;
#6287 = EDGE_LOOP ( 'NONE', ( #6205, #4826, #1221, #4014 ) ) ;
#6288 = EDGE_CURVE ( 'NONE', #1399, #7974, #29, .T. ) ;
#6289 = ORIENTED_EDGE ( 'NONE', *, *, #333, .F. ) ;
#6290 = EDGE_CURVE ( 'NONE', #7459, #2397, #4974, .T. ) ;
#6291 = LINE ( 'NONE', #7174, #1581 ) ;
#6292 = AXIS2_PLACEMENT_3D ( 'NONE', #4512, #7593, #5765 ) ;
#6293 = FACE_OUTER_BOUND ( 'NONE', #6287, .T. ) ;
#6294 = CARTESIAN_POINT ( 'NONE',  ( -2.602500000000000036, 0.07493623042063669859, 1.000000000000000000 ) ) ;
#6295 = ORIENTED_EDGE ( 'NONE', *, *, #6842, .F. ) ;
#6296 = ORIENTED_EDGE ( 'NONE', *, *, #168, .F. ) ;
#6297 = CARTESIAN_POINT ( 'NONE',  ( 1.100000000000000755, 0.8499999999999989786, 0.07999999999999905798 ) ) ;
#6298 = DIRECTION ( 'NONE',  ( -1.000000000000000000, 5.243344273594249610E-32, 2.289834988289389802E-16 ) ) ;
#6299 = EDGE_CURVE ( 'NONE', #1227, #7472, #6433, .T. ) ;
#6300 = UNCERTAINTY_MEASURE_WITH_UNIT (LENGTH_MEASURE( 1.000000000000000082E-05 ), #5731, 'distance_accuracy_value', 'NONE');
#6301 = CARTESIAN_POINT ( 'NONE',  ( -0.3249999999999980127, 1.350000000000000089, 0.1705002310154649925 ) ) ;
#6302 = ORIENTED_EDGE ( 'NONE', *, *, #4004, .F. ) ;
#6303 = ORIENTED_EDGE ( 'NONE', *, *, #1168, .T. ) ;
#6304 =( LENGTH_UNIT ( ) NAMED_UNIT ( * ) SI_UNIT ( .MILLI., .METRE. ) );
#6305 = VECTOR ( 'NONE', #2541, 1000.000000000000000 ) ;
#6306 = VECTOR ( 'NONE', #5791, 999.9999999999998863 ) ;
#6307 = PLANE ( 'NONE',  #204 ) ;
#6308 = ORIENTED_EDGE ( 'NONE', *, *, #3285, .T. ) ;
#6309 = ADVANCED_FACE ( 'NONE', ( #6240 ), #1314, .F. ) ;
#6310 = ORIENTED_EDGE ( 'NONE', *, *, #1017, .F. ) ;
#6311 = AXIS2_PLACEMENT_3D ( 'NONE', #6237, #3806, #3868 ) ;
#6312 = CARTESIAN_POINT ( 'NONE',  ( -2.900000000000000355, 0.9999999999999993339, 1.000000000000000222 ) ) ;
#6313 = DIRECTION ( 'NONE',  ( 2.289834988289389802E-16, 2.289834988289389802E-16, 1.000000000000000000 ) ) ;
#6314 = CARTESIAN_POINT ( 'NONE',  ( 0.3250000000000021205, 0.9999999999999988898, 0.3099999999999986100 ) ) ;
#6315 = EDGE_CURVE ( 'NONE', #3926, #3836, #2994, .T. ) ;
#6316 = CARTESIAN_POINT ( 'NONE',  ( -2.615000000000000213, -1.147779969318961868, 0.01787644580804497937 ) ) ;
#6317 = VECTOR ( 'NONE', #4867, 1000.000000000000000 ) ;
#6318 = ORIENTED_EDGE ( 'NONE', *, *, #4158, .F. ) ;
#6319 = EDGE_LOOP ( 'NONE', ( #775, #7682, #2065, #2139 ) ) ;
#6320 = CARTESIAN_POINT ( 'NONE',  ( 1.175000000000000044, 1.350000000000000089, 0.1599999999999990041 ) ) ;
#6321 = VERTEX_POINT ( 'NONE', #6384 ) ;
#6322 = DIRECTION ( 'NONE',  ( -2.289834988289389802E-16, 0.0000000000000000000, -1.000000000000000000 ) ) ;
#6323 = PLANE ( 'NONE',  #6744 ) ;
#6324 = LINE ( 'NONE', #5238, #7572 ) ;
#6325 = LINE ( 'NONE', #7566, #3086 ) ;
#6326 = EDGE_LOOP ( 'NONE', ( #1718, #1890, #2916, #7675 ) ) ;
#6327 = AXIS2_PLACEMENT_3D ( 'NONE', #1059, #1081, #5420 ) ;
#6328 = VERTEX_POINT ( 'NONE', #7615 ) ;
#6329 = ORIENTED_EDGE ( 'NONE', *, *, #2488, .T. ) ;
#6330 = AXIS2_PLACEMENT_3D ( 'NONE', #1183, #2954, #2486 ) ;
#6331 = ORIENTED_EDGE ( 'NONE', *, *, #1252, .F. ) ;
#6332 = DIRECTION ( 'NONE',  ( -1.000000000000000000, 0.0000000000000000000, 2.289834988289389802E-16 ) ) ;
#6333 = DIRECTION ( 'NONE',  ( -1.000000000000000000, 5.243344273594249610E-32, 2.289834988289389802E-16 ) ) ;
#6334 = CARTESIAN_POINT ( 'NONE',  ( 0.6750000000000011546, 1.673724317761259961, 0.3099999999999982769 ) ) ;
#6335 = EDGE_LOOP ( 'NONE', ( #358, #6638, #5058, #4337 ) ) ;
#6336 = LINE ( 'NONE', #5129, #7781 ) ;
#6337 = ORIENTED_EDGE ( 'NONE', *, *, #750, .T. ) ;
#6338 = DIRECTION ( 'NONE',  ( 2.289834988289389802E-16, -0.0000000000000000000, 1.000000000000000000 ) ) ;
#6339 = FILL_AREA_STYLE ('',( #3273 ) ) ;
#6340 = VERTEX_POINT ( 'NONE', #4535 ) ;
#6341 = FACE_OUTER_BOUND ( 'NONE', #3662, .T. ) ;
#6342 =( GEOMETRIC_REPRESENTATION_CONTEXT ( 3 ) GLOBAL_UNCERTAINTY_ASSIGNED_CONTEXT ( ( #6060 ) ) GLOBAL_UNIT_ASSIGNED_CONTEXT ( ( #1442, #5747, #2056 ) ) REPRESENTATION_CONTEXT ( 'NONE', 'WORKASPACE' ) );
#6343 = CARTESIAN_POINT ( 'NONE',  ( 0.6750000000000010436, 1.299999999999990274, 0.1099999999999980022 ) ) ;
#6344 = CIRCLE ( 'NONE', #2101, 0.04999999999999980849 ) ;
#6345 = CARTESIAN_POINT ( 'NONE',  ( -2.765000000000000124, -1.464196000000000053, 0.1699999999999990130 ) ) ;
#6346 = PLANE ( 'NONE',  #7158 ) ;
#6347 =( NAMED_UNIT ( * ) PLANE_ANGLE_UNIT ( ) SI_UNIT ( $, .RADIAN. ) );
#6348 = ORIENTED_EDGE ( 'NONE', *, *, #2968, .T. ) ;
#6349 = VERTEX_POINT ( 'NONE', #2094 ) ;
#6350 = LINE ( 'NONE', #935, #4692 ) ;
#6351 = CARTESIAN_POINT ( 'NONE',  ( 0.8250000000000019540, 1.299999999999990274, 0.1705002310154649925 ) ) ;
#6352 = VECTOR ( 'NONE', #4690, 1000.000000000000000 ) ;
#6353 = VECTOR ( 'NONE', #4943, 1000.000000000000000 ) ;
#6354 = EDGE_CURVE ( 'NONE', #5699, #7696, #1529, .T. ) ;
#6355 = EDGE_CURVE ( 'NONE', #5778, #4142, #7684, .T. ) ;
#6356 = UNCERTAINTY_MEASURE_WITH_UNIT (LENGTH_MEASURE( 1.000000000000000082E-05 ), #7086, 'distance_accuracy_value', 'NONE');
#6357 = CARTESIAN_POINT ( 'NONE',  ( 0.6750000000000010436, 1.249999999999990008, -1.002887009549091601E-15 ) ) ;
#6358 = ADVANCED_FACE ( 'NONE', ( #1111 ), #3971, .T. ) ;
#6359 = CARTESIAN_POINT ( 'NONE',  ( -2.615000000000000657, -1.550000000000000266, -3.332946708873024489E-16 ) ) ;
#6360 = ORIENTED_EDGE ( 'NONE', *, *, #5838, .F. ) ;
#6361 = VERTEX_POINT ( 'NONE', #7642 ) ;
#6362 = CIRCLE ( 'NONE', #6760, 0.02999999999999989481 ) ;
#6363 =( NAMED_UNIT ( * ) SI_UNIT ( $, .STERADIAN. ) SOLID_ANGLE_UNIT ( ) );
#6364 = VECTOR ( 'NONE', #6401, 1000.000000000000000 ) ;
#6365 = LINE ( 'NONE', #3515, #1447 ) ;
#6366 = CARTESIAN_POINT ( 'NONE',  ( 0.8250000000000019540, 1.249999999999990008, -1.111307226797642045E-15 ) ) ;
#6367 = DIRECTION ( 'NONE',  ( 5.243344273594249610E-32, 1.000000000000000000, -1.200639317332292868E-47 ) ) ;
#6368 = DIRECTION ( 'NONE',  ( 0.0000000000000000000, 0.0000000000000000000, 1.000000000000000000 ) ) ;
#6369 = PRESENTATION_LAYER_ASSIGNMENT (  '', '', ( #5537 ) ) ;
#6370 = VERTEX_POINT ( 'NONE', #6435 ) ;
#6371 = VERTEX_POINT ( 'NONE', #2753 ) ;
#6372 = EDGE_CURVE ( 'NONE', #7656, #8013, #4217, .T. ) ;
#6373 = VECTOR ( 'NONE', #1487, 1000.000000000000000 ) ;
#6374 = EDGE_CURVE ( 'NONE', #2779, #753, #4579, .T. ) ;
#6375 = DIRECTION ( 'NONE',  ( 0.0000000000000000000, 0.0000000000000000000, 1.000000000000000000 ) ) ;
#6376 = ORIENTED_EDGE ( 'NONE', *, *, #7741, .F. ) ;
#6377 = ORIENTED_EDGE ( 'NONE', *, *, #7333, .F. ) ;
#6378 = CARTESIAN_POINT ( 'NONE',  ( 2.452500000000000568, -0.8000000000000010436, 0.1299999999999991163 ) ) ;
#6379 = DIRECTION ( 'NONE',  ( -0.0000000000000000000, -1.065228634467009955E-16, -1.000000000000000000 ) ) ;
#6380 = ORIENTED_EDGE ( 'NONE', *, *, #607, .F. ) ;
#6381 = VECTOR ( 'NONE', #1287, 1000.000000000000000 ) ;
#6382 = CARTESIAN_POINT ( 'NONE',  ( -1.925000000000000044, 0.8499999999999989786, 0.05499999999999950068 ) ) ;
#6383 = CARTESIAN_POINT ( 'NONE',  ( -42.17662438884190124, -1.493867268293630035, 1.000000000000009992 ) ) ;
#6384 = CARTESIAN_POINT ( 'NONE',  ( -2.452500000000000568, 0.9999999999999988898, 0.02999999999999924602 ) ) ;
#6385 = CARTESIAN_POINT ( 'NONE',  ( -2.770000000000000018, 0.8999999999999990230, -0.7947080000000009692 ) ) ;
#6386 = ORIENTED_EDGE ( 'NONE', *, *, #2702, .T. ) ;
#6387 = LINE ( 'NONE', #7665, #3142 ) ;
#6388 = CARTESIAN_POINT ( 'NONE',  ( 2.825000000000000178, 0.9999999999999988898, 0.3099999999999979994 ) ) ;
#6389 = CARTESIAN_POINT ( 'NONE',  ( -1.824999999999999734, 0.9431866336109967497, 0.06541154699933872385 ) ) ;
#6390 =( NAMED_UNIT ( * ) PLANE_ANGLE_UNIT ( ) SI_UNIT ( $, .RADIAN. ) );
#6391 = AXIS2_PLACEMENT_3D ( 'NONE', #7398, #615, #4934 ) ;
#6392 = DIRECTION ( 'NONE',  ( 5.243344273594249610E-32, 1.000000000000000000, -1.200639317332292868E-47 ) ) ;
#6393 = ORIENTED_EDGE ( 'NONE', *, *, #859, .F. ) ;
#6394 = DIRECTION ( 'NONE',  ( 1.000000000000000000, -5.243344273594249610E-32, -2.289834988289389802E-16 ) ) ;
#6395 = ORIENTED_EDGE ( 'NONE', *, *, #4061, .T. ) ;
#6396 = LINE ( 'NONE', #1098, #3151 ) ;
#6397 = EDGE_CURVE ( 'NONE', #4427, #5369, #2785, .T. ) ;
#6398 = EDGE_CURVE ( 'NONE', #1112, #6361, #2393, .T. ) ;
#6399 = EDGE_LOOP ( 'NONE', ( #5265, #2060, #4413, #2771, #1294, #5317, #2003, #5470, #2726, #3283 ) ) ;
#6400 = VERTEX_POINT ( 'NONE', #2143 ) ;
#6401 = DIRECTION ( 'NONE',  ( -1.000000000000000000, 0.0000000000000000000, -0.0000000000000000000 ) ) ;
#6402 = FACE_OUTER_BOUND ( 'NONE', #4027, .T. ) ;
#6403 = CARTESIAN_POINT ( 'NONE',  ( -0.3249999999999980127, 1.299999999999999378, 0.1099999999999990152 ) ) ;
#6404 = DIRECTION ( 'NONE',  ( -2.289834988289389802E-16, 0.0000000000000000000, -1.000000000000000000 ) ) ;
#6405 = ORIENTED_EDGE ( 'NONE', *, *, #5381, .T. ) ;
#6406 = CARTESIAN_POINT ( 'NONE',  ( -0.1749999999999979905, 0.9999999999999988898, 0.1705002310154649925 ) ) ;
#6407 = ORIENTED_EDGE ( 'NONE', *, *, #7904, .F. ) ;
#6409 = AXIS2_PLACEMENT_3D ( 'NONE', #3158, #1260, #6197 ) ;
#6408 = CARTESIAN_POINT ( 'NONE',  ( -2.770000000000000018, 1.649999999999999689, 0.3099999999999989986 ) ) ;
#6410 = EDGE_CURVE ( 'NONE', #6457, #3914, #7484, .T. ) ;
#6411 = FILL_AREA_STYLE ('',( #5172 ) ) ;
#6412 = CARTESIAN_POINT ( 'NONE',  ( 3.325000000000000178, 0.9999999999999988898, 0.07999999999999939104 ) ) ;
#6413 = DIRECTION ( 'NONE',  ( -1.000000000000000000, 2.804146475863970139E-32, -2.987057121330055487E-48 ) ) ;
#6414 = LINE ( 'NONE', #1939, #7856 ) ;
#6415 = CARTESIAN_POINT ( 'NONE',  ( -2.452500000000000568, -1.900000000000000133, 0.02999999999999982542 ) ) ;
#6416 = EDGE_CURVE ( 'NONE', #6193, #5275, #2210, .T. ) ;
#6417 = ORIENTED_EDGE ( 'NONE', *, *, #5287, .T. ) ;
#6418 = ORIENTED_EDGE ( 'NONE', *, *, #2688, .T. ) ;
#6419 = SURFACE_STYLE_USAGE ( .BOTH. , #2104 ) ;
#6420 = VECTOR ( 'NONE', #7182, 1000.000000000000000 ) ;
#6421 = ORIENTED_EDGE ( 'NONE', *, *, #2768, .F. ) ;
#6422 =( GEOMETRIC_REPRESENTATION_CONTEXT ( 3 ) GLOBAL_UNCERTAINTY_ASSIGNED_CONTEXT ( ( #3468 ) ) GLOBAL_UNIT_ASSIGNED_CONTEXT ( ( #5070, #3121, #2980 ) ) REPRESENTATION_CONTEXT ( 'NONE', 'WORKASPACE' ) );
#6423 = CARTESIAN_POINT ( 'NONE',  ( -1.675000000000000044, 1.299999999999990274, 0.1705002310154649925 ) ) ;
#6424 = EDGE_LOOP ( 'NONE', ( #6075, #6528, #7266, #5907 ) ) ;
#6425 = ORIENTED_EDGE ( 'NONE', *, *, #1290, .F. ) ;
#6426 = EDGE_CURVE ( 'NONE', #7418, #4546, #7142, .T. ) ;
#6427 = DIRECTION ( 'NONE',  ( 0.0000000000000000000, 1.000000000000000000, -2.289834988289389802E-16 ) ) ;
#6428 = ORIENTED_EDGE ( 'NONE', *, *, #4624, .T. ) ;
#6429 = VECTOR ( 'NONE', #3252, 1000.000000000000000 ) ;
#6430 = ORIENTED_EDGE ( 'NONE', *, *, #7256, .T. ) ;
#6431 = ORIENTED_EDGE ( 'NONE', *, *, #4838, .F. ) ;
#6432 = ORIENTED_EDGE ( 'NONE', *, *, #7443, .F. ) ;
#6433 = LINE ( 'NONE', #4506, #7884 ) ;
#6434 = CARTESIAN_POINT ( 'NONE',  ( 2.765000000000000124, -1.228897383693329903, 0.3978428499183350175 ) ) ;
#6435 = CARTESIAN_POINT ( 'NONE',  ( -2.765000000000000124, -1.599999999999999645, 0.05000000000000080075 ) ) ;
#6436 = LINE ( 'NONE', #222, #3188 ) ;
#6437 = AXIS2_PLACEMENT_3D ( 'NONE', #4727, #3564, #7844 ) ;
#6438 =( LENGTH_UNIT ( ) NAMED_UNIT ( * ) SI_UNIT ( .MILLI., .METRE. ) );
#6439 =( GEOMETRIC_REPRESENTATION_CONTEXT ( 3 ) GLOBAL_UNCERTAINTY_ASSIGNED_CONTEXT ( ( #6356 ) ) GLOBAL_UNIT_ASSIGNED_CONTEXT ( ( #7086, #7062, #7638 ) ) REPRESENTATION_CONTEXT ( 'NONE', 'WORKASPACE' ) );
#6440 = PRESENTATION_STYLE_ASSIGNMENT (( #1296 ) ) ;
#6441 = CARTESIAN_POINT ( 'NONE',  ( 1.324999999999999956, 0.9999999999999988898, 0.07866077735406359905 ) ) ;
#6442 = DIRECTION ( 'NONE',  ( -2.289834988289389802E-16, 0.0000000000000000000, -1.000000000000000000 ) ) ;
#6443 = ORIENTED_EDGE ( 'NONE', *, *, #5781, .F. ) ;
#6444 = FACE_OUTER_BOUND ( 'NONE', #4603, .T. ) ;
#6445 = PRESENTATION_STYLE_ASSIGNMENT (( #1831 ) ) ;
#6446 = DIRECTION ( 'NONE',  ( -1.000000000000000000, 0.0000000000000000000, 2.289834988289389802E-16 ) ) ;
#6447 = LINE ( 'NONE', #7808, #4595 ) ;
#6448 = DIRECTION ( 'NONE',  ( -2.289834988289389802E-16, 0.0000000000000000000, -1.000000000000000000 ) ) ;
#6449 = EDGE_CURVE ( 'NONE', #1882, #7522, #6939, .T. ) ;
#6450 = PRESENTATION_LAYER_ASSIGNMENT (  '', '', ( #5609 ) ) ;
#6451 = ORIENTED_EDGE ( 'NONE', *, *, #7146, .T. ) ;
#6452 = ORIENTED_EDGE ( 'NONE', *, *, #6461, .T. ) ;
#6453 = LINE ( 'NONE', #3811, #1545 ) ;
#6454 = CARTESIAN_POINT ( 'NONE',  ( -2.502499999999999503, -1.850000000000000311, 0.1799999999999994660 ) ) ;
#6455 = DIRECTION ( 'NONE',  ( 0.0000000000000000000, 2.289834988289389802E-16, 1.000000000000000000 ) ) ;
#6456 = CARTESIAN_POINT ( 'NONE',  ( -1.175000000000000044, 1.350000000000000089, 0.1599999999999998368 ) ) ;
#6457 = VERTEX_POINT ( 'NONE', #7121 ) ;
#6458 = ORIENTED_EDGE ( 'NONE', *, *, #3341, .T. ) ;
#6459 = DIRECTION ( 'NONE',  ( -1.000000000000000000, 0.0000000000000000000, -0.0000000000000000000 ) ) ;
#6460 = VECTOR ( 'NONE', #7125, 1000.000000000000000 ) ;
#6461 = EDGE_CURVE ( 'NONE', #6615, #7317, #6753, .T. ) ;
#6462 = EDGE_CURVE ( 'NONE', #2643, #1897, #3682, .T. ) ;
#6463 = VECTOR ( 'NONE', #5667, 1000.000000000000000 ) ;
#6464 = CYLINDRICAL_SURFACE ( 'NONE', #7533, 0.05000000000000070360 ) ;
#6465 = CARTESIAN_POINT ( 'NONE',  ( -2.615000000000000213, -1.899999999999999911, 0.8199999999999999512 ) ) ;
#6466 = PLANE ( 'NONE',  #1302 ) ;
#6467 = DIRECTION ( 'NONE',  ( -2.289834988289389802E-16, 0.0000000000000000000, -1.000000000000000000 ) ) ;
#6468 = ADVANCED_FACE ( 'NONE', ( #143 ), #316, .T. ) ;
#6469 =( LENGTH_UNIT ( ) NAMED_UNIT ( * ) SI_UNIT ( .MILLI., .METRE. ) );
#6470 = VERTEX_POINT ( 'NONE', #3439 ) ;
#6471 = ORIENTED_EDGE ( 'NONE', *, *, #3690, .T. ) ;
#6472 = VECTOR ( 'NONE', #1935, 1000.000000000000000 ) ;
#6473 = LINE ( 'NONE', #4984, #7916 ) ;
#6474 = PLANE ( 'NONE',  #2014 ) ;
#6475 = DIRECTION ( 'NONE',  ( 2.289834988289389802E-16, -0.0000000000000000000, 1.000000000000000000 ) ) ;
#6476 = AXIS2_PLACEMENT_3D ( 'NONE', #2914, #7815, #4133 ) ;
#6477 = DIRECTION ( 'NONE',  ( 2.289834988289389802E-16, 2.289834988289389802E-16, 1.000000000000000000 ) ) ;
#6478 = VERTEX_POINT ( 'NONE', #2843 ) ;
#6479 = LINE ( 'NONE', #6999, #6273 ) ;
#6480 = EDGE_CURVE ( 'NONE', #1025, #4384, #1828, .T. ) ;
#6481 = CARTESIAN_POINT ( 'NONE',  ( 1.324999999999999956, 1.299999999999990274, 0.04999999999999939215 ) ) ;
#6482 = VECTOR ( 'NONE', #391, 1000.000000000000000 ) ;
#6483 = CARTESIAN_POINT ( 'NONE',  ( -2.745000000000000107, 1.603724317761259899, 0.9150000000000000355 ) ) ;
#6484 = CARTESIAN_POINT ( 'NONE',  ( 2.765000000000000124, -1.100000000000000089, 0.5099999999999980105 ) ) ;
#6485 = CARTESIAN_POINT ( 'NONE',  ( 0.4499999999999990119, 0.9999999999999988898, 0.02999999999999879499 ) ) ;
#6486 = VERTEX_POINT ( 'NONE', #3470 ) ;
#6487 = VERTEX_POINT ( 'NONE', #350 ) ;
#6488 = LINE ( 'NONE', #2372, #1573 ) ;
#6489 = CARTESIAN_POINT ( 'NONE',  ( 0.8250000000000019540, 1.245779075397750235, 0.1705002310154649925 ) ) ;
#6490 = PRESENTATION_LAYER_ASSIGNMENT (  '', '', ( #6070 ) ) ;
#6491 = ORIENTED_EDGE ( 'NONE', *, *, #5435, .T. ) ;
#6492 = VERTEX_POINT ( 'NONE', #6522 ) ;
#6493 = FILL_AREA_STYLE_COLOUR ( '', #1068 ) ;
#6494 = LINE ( 'NONE', #3477, #4833 ) ;
#6495 = CARTESIAN_POINT ( 'NONE',  ( -0.8249999999999979572, 0.9999999999999988898, 0.07866077735406429294 ) ) ;
#6496 = VECTOR ( 'NONE', #895, 1000.000000000000000 ) ;
#6497 = CARTESIAN_POINT ( 'NONE',  ( -1.175000000000000044, 1.249999999999988010, 8.300145871535189922E-16 ) ) ;
#6498 =( NAMED_UNIT ( * ) PLANE_ANGLE_UNIT ( ) SI_UNIT ( $, .RADIAN. ) );
#6499 = FILL_AREA_STYLE_COLOUR ( '', #422 ) ;
#6500 = ORIENTED_EDGE ( 'NONE', *, *, #8022, .T. ) ;
#6501 = ORIENTED_EDGE ( 'NONE', *, *, #1326, .T. ) ;
#6502 = VERTEX_POINT ( 'NONE', #7149 ) ;
#6503 = AXIS2_PLACEMENT_3D ( 'NONE', #7995, #1218, #4319 ) ;
#6504 = PLANE ( 'NONE',  #5966 ) ;
#6505 = DIRECTION ( 'NONE',  ( 5.243344273594270410E-32, -1.000000000000000000, 2.289834988289389802E-16 ) ) ;
#6506 = UNCERTAINTY_MEASURE_WITH_UNIT (LENGTH_MEASURE( 1.000000000000000082E-05 ), #2070, 'distance_accuracy_value', 'NONE');
#6507 = DIRECTION ( 'NONE',  ( -1.000000000000000000, 2.804146475863970139E-32, -2.987057121330055487E-48 ) ) ;
#6508 = VERTEX_POINT ( 'NONE', #5309 ) ;
#6509 = EDGE_LOOP ( 'NONE', ( #4115, #2723, #1998, #7742 ) ) ;
#6510 = DIRECTION ( 'NONE',  ( -1.000000000000000000, 5.243344273594249610E-32, 2.289834988289389802E-16 ) ) ;
#6511 = ADVANCED_FACE ( 'NONE', ( #3492 ), #4663, .T. ) ;
#6512 = FACE_OUTER_BOUND ( 'NONE', #6033, .T. ) ;
#6513 = SURFACE_SIDE_STYLE ('',( #7368 ) ) ;
#6514 = EDGE_CURVE ( 'NONE', #3827, #1080, #1646, .T. ) ;
#6515 = EDGE_CURVE ( 'NONE', #6806, #5276, #353, .T. ) ;
#6516 = FACE_OUTER_BOUND ( 'NONE', #884, .T. ) ;
#6517 = VERTEX_POINT ( 'NONE', #7172 ) ;
#6518 = EDGE_LOOP ( 'NONE', ( #6663, #323, #7650, #2423 ) ) ;
#6519 = CARTESIAN_POINT ( 'NONE',  ( 2.770000000000000462, 1.649999999999999911, 0.4699999999999978639 ) ) ;
#6520 = CARTESIAN_POINT ( 'NONE',  ( -1.949999999999999956, 0.6999999999999990674, 0.02999999999999933623 ) ) ;
#6521 = VECTOR ( 'NONE', #3674, 1000.000000000000000 ) ;
#6522 = CARTESIAN_POINT ( 'NONE',  ( -1.174999999999999822, 1.349999999999999867, 0.3099999999999988320 ) ) ;
#6523 = ORIENTED_EDGE ( 'NONE', *, *, #6087, .F. ) ;
#6524 = EDGE_LOOP ( 'NONE', ( #800, #7268, #1648, #7881 ) ) ;
#6526 = MECHANICAL_DESIGN_GEOMETRIC_PRESENTATION_REPRESENTATION (  '', ( #5679 ), #6936 ) ;
#6525 = CARTESIAN_POINT ( 'NONE',  ( 2.765000000000000124, -1.147779969318961868, 0.01787644580804369568 ) ) ;
#6527 = EDGE_CURVE ( 'NONE', #5822, #6922, #3301, .T. ) ;
#6528 = ORIENTED_EDGE ( 'NONE', *, *, #6821, .F. ) ;
#6529 = SURFACE_STYLE_USAGE ( .BOTH. , #5917 ) ;
#6530 = CARTESIAN_POINT ( 'NONE',  ( 0.0000000000000000000, 0.0000000000000000000, 0.0000000000000000000 ) ) ;
#6531 = EDGE_CURVE ( 'NONE', #5047, #5367, #4694, .T. ) ;
#6532 = LINE ( 'NONE', #4521, #3274 ) ;
#6533 = ORIENTED_EDGE ( 'NONE', *, *, #3428, .T. ) ;
#6534 = PLANE ( 'NONE',  #7216 ) ;
#6535 = VERTEX_POINT ( 'NONE', #2907 ) ;
#6536 = DIRECTION ( 'NONE',  ( 2.289834988289389802E-16, -0.0000000000000000000, 1.000000000000000000 ) ) ;
#6537 = ORIENTED_EDGE ( 'NONE', *, *, #3143, .T. ) ;
#6538 =( NAMED_UNIT ( * ) SI_UNIT ( $, .STERADIAN. ) SOLID_ANGLE_UNIT ( ) );
#6539 = EDGE_LOOP ( 'NONE', ( #2445, #4174, #3860, #3554, #6698, #4150, #5649, #999, #5005, #6430, #220 ) ) ;
#6540 = ORIENTED_EDGE ( 'NONE', *, *, #3547, .T. ) ;
#6541 = AXIS2_PLACEMENT_3D ( 'NONE', #5335, #4225, #6051 ) ;
#6542 = DIRECTION ( 'NONE',  ( 0.0000000000000000000, 1.000000000000000000, -2.289834988289389802E-16 ) ) ;
#6543 = FILL_AREA_STYLE ('',( #2220 ) ) ;
#6544 = VECTOR ( 'NONE', #133, 1000.000000000000000 ) ;
#6545 = DIRECTION ( 'NONE',  ( -0.7071067811865379138, 0.0000000000000000000, 0.7071067811865571207 ) ) ;
#6546 = ORIENTED_EDGE ( 'NONE', *, *, #1460, .T. ) ;
#6547 = PRESENTATION_LAYER_ASSIGNMENT (  '', '', ( #6117 ) ) ;
#6548 = ORIENTED_EDGE ( 'NONE', *, *, #5538, .F. ) ;
#6549 = LINE ( 'NONE', #600, #1633 ) ;
#6550 = CYLINDRICAL_SURFACE ( 'NONE', #291, 0.05000000000000002359 ) ;
#6551 = DIRECTION ( 'NONE',  ( 0.0000000000000000000, 1.065228634467009955E-16, 1.000000000000000000 ) ) ;
#6552 = EDGE_LOOP ( 'NONE', ( #70, #4491, #7284, #2634 ) ) ;
#6553 = VERTEX_POINT ( 'NONE', #1654 ) ;
#6554 = CIRCLE ( 'NONE', #2304, 0.05000000000000070360 ) ;
#6555 = ADVANCED_FACE ( 'NONE', ( #7996 ), #3526, .F. ) ;
#6556 = CARTESIAN_POINT ( 'NONE',  ( -1.100000000000000311, 0.8499999999999989786, 0.07999999999999923839 ) ) ;
#6557 = VECTOR ( 'NONE', #4099, 1000.000000000000000 ) ;
#6558 = VECTOR ( 'NONE', #2505, 1000.000000000000000 ) ;
#6559 =( NAMED_UNIT ( * ) PLANE_ANGLE_UNIT ( ) SI_UNIT ( $, .RADIAN. ) );
#6560 = CARTESIAN_POINT ( 'NONE',  ( 6.250000000000000000, 0.4600000000000010192, 0.8899999999999980149 ) ) ;
#6561 = ORIENTED_EDGE ( 'NONE', *, *, #3048, .F. ) ;
#6562 = ORIENTED_EDGE ( 'NONE', *, *, #4885, .T. ) ;
#6563 = FACE_OUTER_BOUND ( 'NONE', #7101, .T. ) ;
#6564 = CARTESIAN_POINT ( 'NONE',  ( 0.4000000000000012434, 0.9199999999999992628, 0.07999999999999925226 ) ) ;
#6565 = LINE ( 'NONE', #2780, #4900 ) ;
#6566 = DIRECTION ( 'NONE',  ( 0.0000000000000000000, -4.336808689941644605E-15, 1.000000000000000000 ) ) ;
#6567 = EDGE_CURVE ( 'NONE', #6457, #6371, #6163, .T. ) ;
#6568 = EDGE_CURVE ( 'NONE', #4874, #407, #4502, .T. ) ;
#6569 =( GEOMETRIC_REPRESENTATION_CONTEXT ( 3 ) GLOBAL_UNCERTAINTY_ASSIGNED_CONTEXT ( ( #1095 ) ) GLOBAL_UNIT_ASSIGNED_CONTEXT ( ( #2239, #6559, #2879 ) ) REPRESENTATION_CONTEXT ( 'NONE', 'WORKASPACE' ) );
#6570 = CARTESIAN_POINT ( 'NONE',  ( -1.324999999999999956, 1.249999999999990008, -5.421010862427522170E-16 ) ) ;
#6571 = CARTESIAN_POINT ( 'NONE',  ( -1.050000000000000044, 0.9999999999999988898, 0.02999999999999769518 ) ) ;
#6572 = ORIENTED_EDGE ( 'NONE', *, *, #6938, .T. ) ;
#6573 = ORIENTED_EDGE ( 'NONE', *, *, #700, .F. ) ;
#6574 = LINE ( 'NONE', #839, #7813 ) ;
#6575 = FACE_OUTER_BOUND ( 'NONE', #1656, .T. ) ;
#6576 = CYLINDRICAL_SURFACE ( 'NONE', #7126, 0.04999999999999720640 ) ;
#6577 = DIRECTION ( 'NONE',  ( -2.289834988289389802E-16, 0.0000000000000000000, -1.000000000000000000 ) ) ;
#6578 = PRESENTATION_LAYER_ASSIGNMENT (  '', '', ( #6153 ) ) ;
#6579 = EDGE_LOOP ( 'NONE', ( #7091, #7811, #4478, #7966 ) ) ;
#6580 = EDGE_CURVE ( 'NONE', #1746, #1228, #2911, .T. ) ;
#6581 = CARTESIAN_POINT ( 'NONE',  ( -1.324999999999999956, 1.299999999999990274, 0.1099999999999990014 ) ) ;
#6582 = CARTESIAN_POINT ( 'NONE',  ( 2.799999999999998046, 0.8999999999999980238, 0.9999999999999986677 ) ) ;
#6583 = ORIENTED_EDGE ( 'NONE', *, *, #1354, .T. ) ;
#6584 = LINE ( 'NONE', #15, #6381 ) ;
#6585 = CARTESIAN_POINT ( 'NONE',  ( -2.452500000000003233, 0.9999999999999988898, 0.02999999999999946113 ) ) ;
#6586 = AXIS2_PLACEMENT_3D ( 'NONE', #2975, #4188, #474 ) ;
#6587 = DIRECTION ( 'NONE',  ( -5.326143172335051625E-17, -1.000000000000000000, 5.326143172335119418E-17 ) ) ;
#6588 = DIRECTION ( 'NONE',  ( -1.619157848017760137E-16, 0.7071067811864969466, -0.7071067811865980879 ) ) ;
#6589 = EDGE_CURVE ( 'NONE', #1632, #722, #7599, .T. ) ;
#6590 = ORIENTED_EDGE ( 'NONE', *, *, #2749, .T. ) ;
#6591 =( LENGTH_UNIT ( ) NAMED_UNIT ( * ) SI_UNIT ( .MILLI., .METRE. ) );
#6592 = ORIENTED_EDGE ( 'NONE', *, *, #6832, .T. ) ;
#6593 = LINE ( 'NONE', #7640, #8026 ) ;
#6594 = FACE_OUTER_BOUND ( 'NONE', #374, .T. ) ;
#6595 = CARTESIAN_POINT ( 'NONE',  ( 2.265000000000000568, -1.780000000000000027, 0.1888888888888869966 ) ) ;
#6596 = ADVANCED_FACE ( 'NONE', ( #4320 ), #1698, .F. ) ;
#6597 = DIRECTION ( 'NONE',  ( -1.000000000000000000, 0.0000000000000000000, 2.289834988289389802E-16 ) ) ;
#6598 = EDGE_LOOP ( 'NONE', ( #5472, #1497, #1580, #1033 ) ) ;
#6599 = VERTEX_POINT ( 'NONE', #5387 ) ;
#6600 = CARTESIAN_POINT ( 'NONE',  ( 2.719999999999998863, 0.4807106781186548106, 0.9399999999999989475 ) ) ;
#6601 = CARTESIAN_POINT ( 'NONE',  ( -1.925000000000000044, 0.9999999999999988898, 0.05499999999999949374 ) ) ;
#6602 = LINE ( 'NONE', #916, #4938 ) ;
#6603 = AXIS2_PLACEMENT_3D ( 'NONE', #53, #5021, #1329 ) ;
#6604 = MECHANICAL_DESIGN_GEOMETRIC_PRESENTATION_REPRESENTATION (  '', ( #5356 ), #7022 ) ;
#6605 = DIRECTION ( 'NONE',  ( 1.000000000000000000, -5.243344273594249610E-32, -2.289834988289389802E-16 ) ) ;
#6606 = EDGE_LOOP ( 'NONE', ( #3002, #1004, #4186, #3305 ) ) ;
#6607 = CARTESIAN_POINT ( 'NONE',  ( -0.1749999999999979905, 0.9499999999999869660, 0.03619548911246106560 ) ) ;
#6608 = EDGE_LOOP ( 'NONE', ( #1384, #4728, #5856, #3930 ) ) ;
#6609 = CARTESIAN_POINT ( 'NONE',  ( 0.1750000000000020151, 1.299999999999990274, 0.04999999999999980849 ) ) ;
#6610 = VECTOR ( 'NONE', #8021, 1000.000000000000000 ) ;
#6611 = UNCERTAINTY_MEASURE_WITH_UNIT (LENGTH_MEASURE( 1.000000000000000082E-05 ), #3960, 'distance_accuracy_value', 'NONE');
#6612 = CARTESIAN_POINT ( 'NONE',  ( 0.1750000000000019873, 1.673724317761259961, 0.3099999999999983880 ) ) ;
#6613 = CARTESIAN_POINT ( 'NONE',  ( 0.3250000000000020095, 0.9199999999999866063, 0.03619548911246093376 ) ) ;
#6614 = ORIENTED_EDGE ( 'NONE', *, *, #4732, .F. ) ;
#6615 = VERTEX_POINT ( 'NONE', #3581 ) ;
#6616 = DIRECTION ( 'NONE',  ( 0.0000000000000000000, 0.7071067811865417996, -0.7071067811865532349 ) ) ;
#6617 = CARTESIAN_POINT ( 'NONE',  ( 1.824999999999999956, 0.9199999999999870504, 0.1705002310154639933 ) ) ;
#6618 = VECTOR ( 'NONE', #4381, 1000.000000000000000 ) ;
#6619 =( NAMED_UNIT ( * ) SI_UNIT ( $, .STERADIAN. ) SOLID_ANGLE_UNIT ( ) );
#6620 = ORIENTED_EDGE ( 'NONE', *, *, #5010, .F. ) ;
#6621 = ORIENTED_EDGE ( 'NONE', *, *, #2224, .F. ) ;
#6622 = CARTESIAN_POINT ( 'NONE',  ( 1.824999999999999956, 0.9999999999999988898, 0.07866077735406329374 ) ) ;
#6623 = EDGE_CURVE ( 'NONE', #5349, #2852, #5768, .T. ) ;
#6624 = EDGE_CURVE ( 'NONE', #3422, #4896, #7800, .T. ) ;
#6625 = LINE ( 'NONE', #4088, #1886 ) ;
#6626 = CARTESIAN_POINT ( 'NONE',  ( -2.452500000000000124, 0.9999999999999988898, 0.07999999999999939104 ) ) ;
#6627 = ORIENTED_EDGE ( 'NONE', *, *, #2076, .T. ) ;
#6628 = EDGE_LOOP ( 'NONE', ( #3935, #1005, #7623, #534 ) ) ;
#6629 = ORIENTED_EDGE ( 'NONE', *, *, #4899, .T. ) ;
#6630 = PLANE ( 'NONE',  #6681 ) ;
#6631 = VERTEX_POINT ( 'NONE', #4175 ) ;
#6632 = DIRECTION ( 'NONE',  ( 0.0000000000000000000, -0.5999999999999999778, 0.8000000000000000444 ) ) ;
#6633 = ADVANCED_FACE ( 'NONE', ( #2490 ), #2956, .T. ) ;
#6634 =( GEOMETRIC_REPRESENTATION_CONTEXT ( 3 ) GLOBAL_UNCERTAINTY_ASSIGNED_CONTEXT ( ( #1153 ) ) GLOBAL_UNIT_ASSIGNED_CONTEXT ( ( #240, #4557, #870 ) ) REPRESENTATION_CONTEXT ( 'NONE', 'WORKASPACE' ) );
#6635 = LINE ( 'NONE', #7738, #1717 ) ;
#6636 = VERTEX_POINT ( 'NONE', #5417 ) ;
#6637 = EDGE_CURVE ( 'NONE', #3379, #3264, #834, .T. ) ;
#6638 = ORIENTED_EDGE ( 'NONE', *, *, #2702, .F. ) ;
#6639 = CARTESIAN_POINT ( 'NONE',  ( 1.175000000000000044, 1.350000000000000089, 0.1705002310154649925 ) ) ;
#6640 = CARTESIAN_POINT ( 'NONE',  ( 4.825000000000000178, 0.9999999999999988898, 0.07999999999999858613 ) ) ;
#6641 = EDGE_CURVE ( 'NONE', #3055, #7035, #4144, .T. ) ;
#6642 = ORIENTED_EDGE ( 'NONE', *, *, #7081, .T. ) ;
#6643 = VECTOR ( 'NONE', #2020, 1000.000000000000000 ) ;
#6644 = CARTESIAN_POINT ( 'NONE',  ( -0.07499999999999840128, 0.8499999999999989786, 0.05499999999999909822 ) ) ;
#6645 = FACE_OUTER_BOUND ( 'NONE', #922, .T. ) ;
#6646 = CARTESIAN_POINT ( 'NONE',  ( 7.799999999999999822, -0.02000000000000089900, 1.050000000000000044 ) ) ;
#6647 = LINE ( 'NONE', #3728, #237 ) ;
#6648 = CARTESIAN_POINT ( 'NONE',  ( 2.265000000000000568, -0.6999999999999843014, 0.3299999999999985723 ) ) ;
#6649 = EDGE_LOOP ( 'NONE', ( #6655, #3280, #3358, #4069, #2368, #7470, #6677, #1985, #1278, #4802, #4312, #3825, #589, #7898, #4479, #7854, #5311, #3660, #5460, #6158 ) ) ;
#6650 = VECTOR ( 'NONE', #3594, 1000.000000000000000 ) ;
#6651 = DIRECTION ( 'NONE',  ( -1.000000000000000000, 2.804146475863970139E-32, -2.987057121330055487E-48 ) ) ;
#6652 = SURFACE_SIDE_STYLE ('',( #1062 ) ) ;
#6653 = SURFACE_STYLE_FILL_AREA ( #1188 ) ;
#6654 = DIRECTION ( 'NONE',  ( -1.000000000000000000, 0.0000000000000000000, 2.289834988289389802E-16 ) ) ;
#6655 = ORIENTED_EDGE ( 'NONE', *, *, #2224, .T. ) ;
#6656 = ORIENTED_EDGE ( 'NONE', *, *, #6154, .T. ) ;
#6657 = FACE_OUTER_BOUND ( 'NONE', #6399, .T. ) ;
#6658 = CARTESIAN_POINT ( 'NONE',  ( 0.6750000000000010436, 1.245779075397750235, 0.1705002310154649925 ) ) ;
#6659 = LINE ( 'NONE', #6066, #3779 ) ;
#6660 = DIRECTION ( 'NONE',  ( 0.0000000000000000000, 0.0000000000000000000, -1.000000000000000000 ) ) ;
#6661 = AXIS2_PLACEMENT_3D ( 'NONE', #7579, #3920, #166 ) ;
#6662 = ORIENTED_EDGE ( 'NONE', *, *, #5321, .T. ) ;
#6663 = ORIENTED_EDGE ( 'NONE', *, *, #7053, .T. ) ;
#6664 = LINE ( 'NONE', #2866, #2118 ) ;
#6665 = CARTESIAN_POINT ( 'NONE',  ( -1.750000000000000000, 1.649999999999999911, 0.3099999999999979994 ) ) ;
#6666 = UNCERTAINTY_MEASURE_WITH_UNIT (LENGTH_MEASURE( 1.000000000000000082E-05 ), #3634, 'distance_accuracy_value', 'NONE');
#6667 = DIRECTION ( 'NONE',  ( 5.243344273594249610E-32, 1.000000000000000000, -1.200639317332289951E-47 ) ) ;
#6668 = VERTEX_POINT ( 'NONE', #4798 ) ;
#6669 = VERTEX_POINT ( 'NONE', #6049 ) ;
#6670 = VECTOR ( 'NONE', #3182, 1000.000000000000000 ) ;
#6671 = CARTESIAN_POINT ( 'NONE',  ( 2.452500000000000568, -1.900000000000000133, 0.02999999999999882622 ) ) ;
#6672 = EDGE_CURVE ( 'NONE', #22, #6470, #7038, .T. ) ;
#6673 = EDGE_CURVE ( 'NONE', #1632, #3670, #643, .T. ) ;
#6674 = VECTOR ( 'NONE', #20, 1000.000000000000000 ) ;
#6675 = DIRECTION ( 'NONE',  ( 0.0000000000000000000, -0.9738685962292471521, -0.2271122129663560307 ) ) ;
#6676 = ADVANCED_FACE ( 'NONE', ( #2103 ), #4223, .T. ) ;
#6677 = ORIENTED_EDGE ( 'NONE', *, *, #7302, .T. ) ;
#6678 = DIRECTION ( 'NONE',  ( 2.289834988289389802E-16, -0.0000000000000000000, 1.000000000000000000 ) ) ;
#6679 = FACE_OUTER_BOUND ( 'NONE', #3821, .T. ) ;
#6680 = VECTOR ( 'NONE', #4286, 1000.000000000000000 ) ;
#6681 = AXIS2_PLACEMENT_3D ( 'NONE', #1729, #6019, #2323 ) ;
#6682 = EDGE_CURVE ( 'NONE', #1025, #2353, #7227, .T. ) ;
#6683 = PLANE ( 'NONE',  #7489 ) ;
#6684 = ORIENTED_EDGE ( 'NONE', *, *, #279, .T. ) ;
#6685 = ORIENTED_EDGE ( 'NONE', *, *, #5398, .F. ) ;
#6686 = VECTOR ( 'NONE', #7882, 1000.000000000000000 ) ;
#6687 = CARTESIAN_POINT ( 'NONE',  ( -2.615000000000000213, -1.464196000000000053, 0.5200000000000000178 ) ) ;
#6688 = EDGE_CURVE ( 'NONE', #5425, #5990, #3770, .T. ) ;
#6689 = CARTESIAN_POINT ( 'NONE',  ( 1.175000000000000044, 1.299999999999990274, 0.04999999999999950318 ) ) ;
#6690 =( NAMED_UNIT ( * ) PLANE_ANGLE_UNIT ( ) SI_UNIT ( $, .RADIAN. ) );
#6691 = ORIENTED_EDGE ( 'NONE', *, *, #2574, .F. ) ;
#6692 = ORIENTED_EDGE ( 'NONE', *, *, #1869, .F. ) ;
#6693 = FACE_OUTER_BOUND ( 'NONE', #7767, .T. ) ;
#6694 = AXIS2_PLACEMENT_3D ( 'NONE', #7725, #7754, #293 ) ;
#6695 = VECTOR ( 'NONE', #4020, 1000.000000000000000 ) ;
#6696 = DIRECTION ( 'NONE',  ( -1.000000000000000000, 0.0000000000000000000, 2.289834988289389802E-16 ) ) ;
#6697 = EDGE_LOOP ( 'NONE', ( #1587, #5135, #4578, #3924 ) ) ;
#6698 = ORIENTED_EDGE ( 'NONE', *, *, #4741, .T. ) ;
#6699 = PRESENTATION_STYLE_ASSIGNMENT (( #5152 ) ) ;
#6700 = PLANE ( 'NONE',  #187 ) ;
#6701 = ORIENTED_EDGE ( 'NONE', *, *, #7634, .T. ) ;
#6702 = ORIENTED_EDGE ( 'NONE', *, *, #3355, .T. ) ;
#6703 = STYLED_ITEM ( 'NONE', ( #8012 ), #2388 ) ;
#6704 = VECTOR ( 'NONE', #1445, 1000.000000000000000 ) ;
#6705 = LINE ( 'NONE', #2069, #1599 ) ;
#6706 = ADVANCED_FACE ( 'NONE', ( #3586 ), #7942, .F. ) ;
#6707 = ORIENTED_EDGE ( 'NONE', *, *, #7099, .T. ) ;
#6708 = ORIENTED_EDGE ( 'NONE', *, *, #3641, .T. ) ;
#6709 = PLANE ( 'NONE',  #372 ) ;
#6710 = CARTESIAN_POINT ( 'NONE',  ( -1.825000000000000178, 1.349999999999999867, 0.3099999999999989431 ) ) ;
#6711 = CARTESIAN_POINT ( 'NONE',  ( -0.3249999999999980127, 0.9999999999999988898, 0.07866077735406419580 ) ) ;
#6712 = EDGE_CURVE ( 'NONE', #6487, #5835, #6837, .T. ) ;
#6713 = EDGE_CURVE ( 'NONE', #7448, #6039, #1909, .T. ) ;
#6714 = FACE_OUTER_BOUND ( 'NONE', #4677, .T. ) ;
#6715 = SURFACE_STYLE_FILL_AREA ( #7897 ) ;
#6716 = PLANE ( 'NONE',  #7880 ) ;
#6717 = ORIENTED_EDGE ( 'NONE', *, *, #1388, .F. ) ;
#6718 = CARTESIAN_POINT ( 'NONE',  ( 2.799999999999999378, 0.8999999999999984679, 0.6749999999999980460 ) ) ;
#6719 = ORIENTED_EDGE ( 'NONE', *, *, #3913, .F. ) ;
#6720 = DIRECTION ( 'NONE',  ( 0.0000000000000000000, 2.289834988289389802E-16, 1.000000000000000000 ) ) ;
#6721 = ORIENTED_EDGE ( 'NONE', *, *, #4192, .T. ) ;
#6722 = DIRECTION ( 'NONE',  ( -2.289834988289389802E-16, 0.0000000000000000000, -1.000000000000000000 ) ) ;
#6723 = EDGE_LOOP ( 'NONE', ( #1024, #4480, #5706, #7023, #3064, #6386 ) ) ;
#6724 = SURFACE_STYLE_USAGE ( .BOTH. , #6652 ) ;
#6725 = ORIENTED_EDGE ( 'NONE', *, *, #3399, .T. ) ;
#6726 = ORIENTED_EDGE ( 'NONE', *, *, #6211, .T. ) ;
#6727 = DIRECTION ( 'NONE',  ( -1.000000000000000000, -1.144917494144693668E-16, 1.144917494144857357E-16 ) ) ;
#6728 = EDGE_CURVE ( 'NONE', #4875, #2746, #245, .T. ) ;
#6729 = ORIENTED_EDGE ( 'NONE', *, *, #1827, .T. ) ;
#6730 = DIRECTION ( 'NONE',  ( 1.000000000000000000, -2.804146475863970139E-32, 2.987057121330055487E-48 ) ) ;
#6731 = ADVANCED_FACE ( 'NONE', ( #3394 ), #4880, .T. ) ;
#6732 = ORIENTED_EDGE ( 'NONE', *, *, #2236, .T. ) ;
#6733 = FACE_OUTER_BOUND ( 'NONE', #6, .T. ) ;
#6734 = DIRECTION ( 'NONE',  ( -5.243344273594270410E-32, 1.000000000000000000, -2.289834988289389802E-16 ) ) ;
#6735 = VECTOR ( 'NONE', #5041, 1000.000000000000000 ) ;
#6736 = ORIENTED_EDGE ( 'NONE', *, *, #3184, .T. ) ;
#6737 = CARTESIAN_POINT ( 'NONE',  ( 2.765000000000000124, -1.799999999999990274, 0.5200000000000000178 ) ) ;
#6738 = CARTESIAN_POINT ( 'NONE',  ( 2.452500000000000124, -1.900000000000000133, 0.1300000000000010036 ) ) ;
#6739 = CARTESIAN_POINT ( 'NONE',  ( 2.602500000000000036, 0.07493623042063711492, 0.1799999999999979949 ) ) ;
#6740 = DIRECTION ( 'NONE',  ( 0.0000000000000000000, 2.289834988289389802E-16, 1.000000000000000000 ) ) ;
#6741 = VERTEX_POINT ( 'NONE', #4908 ) ;
#6742 = VECTOR ( 'NONE', #1200, 1000.000000000000000 ) ;
#6744 = AXIS2_PLACEMENT_3D ( 'NONE', #111, #2636, #6961 ) ;
#6743 = DIRECTION ( 'NONE',  ( 0.0000000000000000000, -0.9738685962292471521, -0.2271122129663560307 ) ) ;
#6745 = STYLED_ITEM ( 'NONE', ( #789 ), #561 ) ;
#6746 = FACE_OUTER_BOUND ( 'NONE', #4383, .T. ) ;
#6747 = CARTESIAN_POINT ( 'NONE',  ( -2.799999999999999822, -1.000000000000000000, 0.8199999999999999512 ) ) ;
#6748 = EDGE_CURVE ( 'NONE', #4262, #343, #2798, .T. ) ;
#6749 = ORIENTED_EDGE ( 'NONE', *, *, #6143, .F. ) ;
#6750 = ORIENTED_EDGE ( 'NONE', *, *, #3532, .T. ) ;
#6751 = VECTOR ( 'NONE', #6505, 1000.000000000000000 ) ;
#6752 = CARTESIAN_POINT ( 'NONE',  ( -2.765000000000000124, -1.550000000000000266, -3.252606517456513302E-16 ) ) ;
#6753 = LINE ( 'NONE', #6495, #5094 ) ;
#6754 = DIRECTION ( 'NONE',  ( -1.000000000000000000, 2.804146475863970139E-32, -2.987057121330055487E-48 ) ) ;
#6755 = LINE ( 'NONE', #1884, #6558 ) ;
#6756 = CARTESIAN_POINT ( 'NONE',  ( -0.09999999999999861777, 0.9999999999999988898, 0.07999999999999907185 ) ) ;
#6757 = ADVANCED_FACE ( 'NONE', ( #7496 ), #6105, .T. ) ;
#6758 = VERTEX_POINT ( 'NONE', #569 ) ;
#6759 = CIRCLE ( 'NONE', #4658, 0.05000000000000070360 ) ;
#6760 = AXIS2_PLACEMENT_3D ( 'NONE', #1783, #6079, #2386 ) ;
#6761 = AXIS2_PLACEMENT_3D ( 'NONE', #3483, #3666, #3933 ) ;
#6762 = CARTESIAN_POINT ( 'NONE',  ( -1.324999999999999956, 1.249999999999990008, -5.551115123125779744E-16 ) ) ;
#6763 = LINE ( 'NONE', #2813, #1835 ) ;
#6764 = ORIENTED_EDGE ( 'NONE', *, *, #6354, .T. ) ;
#6765 = LINE ( 'NONE', #175, #157 ) ;
#6766 = CARTESIAN_POINT ( 'NONE',  ( -1.324999999999999956, 1.299999999999990274, 0.05000000000000019706 ) ) ;
#6767 = CARTESIAN_POINT ( 'NONE',  ( 1.175000000000000044, 0.9431866336109966387, 0.06541154699933797445 ) ) ;
#6768 = VECTOR ( 'NONE', #3036, 1000.000000000000114 ) ;
#6769 = CARTESIAN_POINT ( 'NONE',  ( -47.60249999999999915, 0.9999999999999988898, 0.03000000000000980008 ) ) ;
#6770 =( NAMED_UNIT ( * ) SI_UNIT ( $, .STERADIAN. ) SOLID_ANGLE_UNIT ( ) );
#6771 = VECTOR ( 'NONE', #127, 1000.000000000000000 ) ;
#6772 = ORIENTED_EDGE ( 'NONE', *, *, #555, .F. ) ;
#6773 = VERTEX_POINT ( 'NONE', #8023 ) ;
#6774 = VECTOR ( 'NONE', #5925, 1000.000000000000000 ) ;
#6775 = PRESENTATION_STYLE_ASSIGNMENT (( #1305 ) ) ;
#6776 = ADVANCED_FACE ( 'NONE', ( #934 ), #3128, .F. ) ;
#6777 = ADVANCED_FACE ( 'NONE', ( #2585 ), #3731, .T. ) ;
#6778 = CARTESIAN_POINT ( 'NONE',  ( -0.3249999999999980127, 0.9431866336109969717, 0.06541154699933850181 ) ) ;
#6779 = CARTESIAN_POINT ( 'NONE',  ( -2.384999999999999787, -1.900000000000000355, 0.09999999999999920064 ) ) ;
#6780 = EDGE_CURVE ( 'NONE', #1337, #1079, #5664, .T. ) ;
#6781 = ORIENTED_EDGE ( 'NONE', *, *, #2821, .T. ) ;
#6782 = EDGE_CURVE ( 'NONE', #12, #3479, #7312, .T. ) ;
#6783 = VECTOR ( 'NONE', #1866, 1000.000000000000000 ) ;
#6784 = DIRECTION ( 'NONE',  ( -1.000000000000000000, 5.243344273594249610E-32, 0.0000000000000000000 ) ) ;
#6785 = CARTESIAN_POINT ( 'NONE',  ( 2.250000000000000444, 0.5100000000000000089, 0.9399999999999990585 ) ) ;
#6786 = ORIENTED_EDGE ( 'NONE', *, *, #4195, .T. ) ;
#6787 = VERTEX_POINT ( 'NONE', #647 ) ;
#6788 = VECTOR ( 'NONE', #2092, 1000.000000000000000 ) ;
#6789 = LINE ( 'NONE', #380, #183 ) ;
#6790 = MECHANICAL_DESIGN_GEOMETRIC_PRESENTATION_REPRESENTATION (  '', ( #5537 ), #7198 ) ;
#6791 = EDGE_CURVE ( 'NONE', #1623, #5367, #7133, .T. ) ;
#6792 = SURFACE_STYLE_USAGE ( .BOTH. , #2461 ) ;
#6793 = CARTESIAN_POINT ( 'NONE',  ( 2.433678328689710124, -0.8000000000000010436, 0.5563695153646159852 ) ) ;
#6794 = EDGE_CURVE ( 'NONE', #2174, #6193, #4050, .T. ) ;
#6795 = DIRECTION ( 'NONE',  ( 0.0000000000000000000, -0.9738685962292471521, -0.2271122129663560307 ) ) ;
#6796 = ORIENTED_EDGE ( 'NONE', *, *, #3989, .T. ) ;
#6797 = ADVANCED_FACE ( 'NONE', ( #734 ), #7444, .F. ) ;
#6798 = CARTESIAN_POINT ( 'NONE',  ( -0.09999999999999878431, 0.9199999999999989297, 0.07999999999999915512 ) ) ;
#6799 = VECTOR ( 'NONE', #3009, 1000.000000000000114 ) ;
#6800 = ORIENTED_EDGE ( 'NONE', *, *, #6462, .T. ) ;
#6801 = ORIENTED_EDGE ( 'NONE', *, *, #1252, .T. ) ;
#6802 = DIRECTION ( 'NONE',  ( 1.000000000000000000, -5.243344273594249610E-32, -2.289834988289389802E-16 ) ) ;
#6803 = STYLED_ITEM ( 'NONE', ( #3514 ), #4846 ) ;
#6804 = VECTOR ( 'NONE', #2212, 1000.000000000000114 ) ;
#6805 = DIRECTION ( 'NONE',  ( 5.243344273594249610E-32, 1.000000000000000000, -1.200639317332292868E-47 ) ) ;
#6806 = VERTEX_POINT ( 'NONE', #7463 ) ;
#6807 = ORIENTED_EDGE ( 'NONE', *, *, #2537, .T. ) ;
#6808 = LINE ( 'NONE', #4975, #3549 ) ;
#6809 = COLOUR_RGB ( '',0.3176470588235293935, 0.2470588235294117752, 0.2078431372549019440 ) ;
#6810 = STYLED_ITEM ( 'NONE', ( #546 ), #6797 ) ;
#6811 = ORIENTED_EDGE ( 'NONE', *, *, #2942, .F. ) ;
#6812 = ADVANCED_FACE ( 'NONE', ( #7990 ), #3202, .T. ) ;
#6813 = EDGE_LOOP ( 'NONE', ( #7390, #1786, #5130, #6247 ) ) ;
#6814 = CARTESIAN_POINT ( 'NONE',  ( 2.799999999999999822, -1.000000000000000000, 0.3299999999999980727 ) ) ;
#6815 = CARTESIAN_POINT ( 'NONE',  ( 2.899999999999999911, 0.9999999999999988898, 0.3099999999999979994 ) ) ;
#6816 = VECTOR ( 'NONE', #2826, 1000.000000000000000 ) ;
#6817 = VERTEX_POINT ( 'NONE', #3170 ) ;
#6818 = EDGE_LOOP ( 'NONE', ( #7083, #4731, #3764, #7957, #8030, #2590, #5557, #2349 ) ) ;
#6819 = ORIENTED_EDGE ( 'NONE', *, *, #4083, .F. ) ;
#6820 = ORIENTED_EDGE ( 'NONE', *, *, #6480, .T. ) ;
#6821 = EDGE_CURVE ( 'NONE', #54, #5968, #4883, .T. ) ;
#6822 = EDGE_CURVE ( 'NONE', #3663, #6225, #6344, .T. ) ;
#6823 = VECTOR ( 'NONE', #4041, 999.9999999999998863 ) ;
#6824 = ORIENTED_EDGE ( 'NONE', *, *, #486, .T. ) ;
#6825 = ORIENTED_EDGE ( 'NONE', *, *, #7685, .F. ) ;
#6826 = VERTEX_POINT ( 'NONE', #5634 ) ;
#6827 = LINE ( 'NONE', #3293, #1900 ) ;
#6828 =( NAMED_UNIT ( * ) SI_UNIT ( $, .STERADIAN. ) SOLID_ANGLE_UNIT ( ) );
#6829 = FACE_OUTER_BOUND ( 'NONE', #139, .T. ) ;
#6830 = AXIS2_PLACEMENT_3D ( 'NONE', #3796, #5618, #1936 ) ;
#6831 = PLANE ( 'NONE',  #4864 ) ;
#6832 = EDGE_CURVE ( 'NONE', #97, #7774, #1428, .T. ) ;
#6833 = EDGE_CURVE ( 'NONE', #5797, #4991, #3294, .T. ) ;
#6834 = ORIENTED_EDGE ( 'NONE', *, *, #2942, .T. ) ;
#6835 = FACE_OUTER_BOUND ( 'NONE', #3427, .T. ) ;
#6836 = DIRECTION ( 'NONE',  ( 1.000000000000000000, -0.0000000000000000000, -2.289834988289389802E-16 ) ) ;
#6837 = LINE ( 'NONE', #1805, #447 ) ;
#6838 = DIRECTION ( 'NONE',  ( 1.000000000000000000, -5.243344273594249610E-32, -2.289834988289389802E-16 ) ) ;
#6839 = DIRECTION ( 'NONE',  ( -2.289834988289389802E-16, 0.0000000000000000000, -1.000000000000000000 ) ) ;
#6840 = ORIENTED_EDGE ( 'NONE', *, *, #6209, .F. ) ;
#6841 = VECTOR ( 'NONE', #1275, 1000.000000000000000 ) ;
#6842 = EDGE_CURVE ( 'NONE', #5015, #2627, #3107, .T. ) ;
#6843 = FACE_OUTER_BOUND ( 'NONE', #82, .T. ) ;
#6844 = ADVANCED_FACE ( 'NONE', ( #7590 ), #2604, .T. ) ;
#6845 = CARTESIAN_POINT ( 'NONE',  ( 3.000000000000000000, -0.8000000000000010436, 0.1799999999999979672 ) ) ;
#6846 = VERTEX_POINT ( 'NONE', #1355 ) ;
#6848 = CARTESIAN_POINT ( 'NONE',  ( -2.720000000000000195, 1.899999999999999911, 0.9399999999999999467 ) ) ;
#6847 = CARTESIAN_POINT ( 'NONE',  ( -42.17662438884190124, -1.899999999999999911, 1.000000000000009992 ) ) ;
#6849 = VECTOR ( 'NONE', #1565, 1000.000000000000000 ) ;
#6850 = ADVANCED_BREP_SHAPE_REPRESENTATION ( 'FH34SRJ-8S-0.5SH', ( #5222, #7793 ), #4086 ) ;
#6851 = CARTESIAN_POINT ( 'NONE',  ( -42.17662438884190124, -1.000000000000000000, 1.000000000000009770 ) ) ;
#6852 = STYLED_ITEM ( 'NONE', ( #3003 ), #5974 ) ;
#6853 = ORIENTED_EDGE ( 'NONE', *, *, #919, .F. ) ;
#6854 = EDGE_LOOP ( 'NONE', ( #416, #5241, #2696, #2571, #5924, #1928 ) ) ;
#6855 = DIRECTION ( 'NONE',  ( 1.000000000000000000, -5.243344273594249610E-32, -2.289834988289389802E-16 ) ) ;
#6856 = LINE ( 'NONE', #679, #1754 ) ;
#6857 = LINE ( 'NONE', #4161, #3793 ) ;
#6858 = CARTESIAN_POINT ( 'NONE',  ( -1.324999999999999956, 1.350000000000000089, 0.3100000000000019962 ) ) ;
#6859 = EDGE_CURVE ( 'NONE', #6157, #4875, #6152, .T. ) ;
#6860 = MECHANICAL_DESIGN_GEOMETRIC_PRESENTATION_REPRESENTATION (  '', ( #5609 ), #7274 ) ;
#6861 = CARTESIAN_POINT ( 'NONE',  ( 2.825000000000000178, 0.9999999999999988898, 0.07999999999999918288 ) ) ;
#6862 = ORIENTED_EDGE ( 'NONE', *, *, #3762, .T. ) ;
#6863 = LINE ( 'NONE', #448, #3802 ) ;
#6864 = CARTESIAN_POINT ( 'NONE',  ( 2.765000000000000124, -1.147779969318960092, 0.01787644580804580163 ) ) ;
#6865 = DIRECTION ( 'NONE',  ( 0.0000000000000000000, -1.000000000000000000, 2.289834988289389802E-16 ) ) ;
#6866 = COLOUR_RGB ( '',0.3176470588235293935, 0.2470588235294117752, 0.2078431372549019440 ) ;
#6867 = DIRECTION ( 'NONE',  ( -0.0000000000000000000, -1.065228634467009955E-16, -1.000000000000000000 ) ) ;
#6869 = CARTESIAN_POINT ( 'NONE',  ( 2.502499999999999947, -1.850000000000000089, 0.1799999999999979117 ) ) ;
#6868 = DIRECTION ( 'NONE',  ( 1.000000000000000000, -5.243344273594249610E-32, -2.289834988289389802E-16 ) ) ;
#6870 = EDGE_CURVE ( 'NONE', #4169, #1080, #4494, .T. ) ;
#6871 = EDGE_CURVE ( 'NONE', #3381, #45, #5958, .T. ) ;
#6872 = VERTEX_POINT ( 'NONE', #5694 ) ;
#6873 = VECTOR ( 'NONE', #2181, 1000.000000000000000 ) ;
#6874 = VECTOR ( 'NONE', #3418, 1000.000000000000000 ) ;
#6875 = CARTESIAN_POINT ( 'NONE',  ( 2.615000000000000213, -1.000000000000000000, 0.3299999999999980727 ) ) ;
#6876 = ORIENTED_EDGE ( 'NONE', *, *, #5986, .F. ) ;
#6877 = VERTEX_POINT ( 'NONE', #3896 ) ;
#6878 = ADVANCED_FACE ( 'NONE', ( #1225 ), #137, .F. ) ;
#6879 = AXIS2_PLACEMENT_3D ( 'NONE', #1705, #6003, #2312 ) ;
#6880 = AXIS2_PLACEMENT_3D ( 'NONE', #267, #3402, #5254 ) ;
#6881 = LINE ( 'NONE', #3491, #1960 ) ;
#6882 = FILL_AREA_STYLE ('',( #3197 ) ) ;
#6883 = FILL_AREA_STYLE ('',( #6950 ) ) ;
#6884 = EDGE_CURVE ( 'NONE', #39, #2761, #5185, .T. ) ;
#6885 = CARTESIAN_POINT ( 'NONE',  ( 2.770000000000000018, 1.899999999999999911, 0.9399999999999980593 ) ) ;
#6886 = ORIENTED_EDGE ( 'NONE', *, *, #7343, .F. ) ;
#6887 = ORIENTED_EDGE ( 'NONE', *, *, #659, .T. ) ;
#6888 = DIRECTION ( 'NONE',  ( 2.289834988289389802E-16, -0.0000000000000000000, 1.000000000000000000 ) ) ;
#6889 = PLANE ( 'NONE',  #5200 ) ;
#6890 = VECTOR ( 'NONE', #5204, 1000.000000000000000 ) ;
#6891 = CARTESIAN_POINT ( 'NONE',  ( -2.265000000000000568, -0.6000000000000009770, 0.6899999999999997247 ) ) ;
#6892 = LINE ( 'NONE', #6366, #1791 ) ;
#6893 = SURFACE_SIDE_STYLE ('',( #2071 ) ) ;
#6894 = EDGE_LOOP ( 'NONE', ( #3638, #7609, #5746, #1201, #6088, #2374, #6500, #5344 ) ) ;
#6895 = ORIENTED_EDGE ( 'NONE', *, *, #1477, .T. ) ;
#6896 = MECHANICAL_DESIGN_GEOMETRIC_PRESENTATION_REPRESENTATION (  '', ( #6070 ), #7313 ) ;
#6898 = CARTESIAN_POINT ( 'NONE',  ( -1.824999999999999956, 1.350000000000000089, -0.8336977386159070136 ) ) ;
#6897 = CARTESIAN_POINT ( 'NONE',  ( -3.000000000000000000, 0.9999999999999988898, 0.07999999999999950206 ) ) ;
#6899 = AXIS2_PLACEMENT_3D ( 'NONE', #6622, #7241, #7858 ) ;
#6900 = UNCERTAINTY_MEASURE_WITH_UNIT (LENGTH_MEASURE( 1.000000000000000082E-05 ), #5361, 'distance_accuracy_value', 'NONE');
#6901 = DIRECTION ( 'NONE',  ( -5.243344273594270410E-32, 1.000000000000000000, -2.289834988289389802E-16 ) ) ;
#6902 = LINE ( 'NONE', #7905, #1977 ) ;
#6903 = LINE ( 'NONE', #6665, #317 ) ;
#6904 = VERTEX_POINT ( 'NONE', #6316 ) ;
#6905 = EDGE_LOOP ( 'NONE', ( #2403, #826, #310, #2053 ) ) ;
#6906 = CARTESIAN_POINT ( 'NONE',  ( -2.765000000000000124, -1.000000000000000000, 0.5100000000000000089 ) ) ;
#6907 = ORIENTED_EDGE ( 'NONE', *, *, #2856, .T. ) ;
#6908 = CARTESIAN_POINT ( 'NONE',  ( 1.050000000000000044, 0.6999999999999990674, 0.02999999999999854519 ) ) ;
#6909 = AXIS2_PLACEMENT_3D ( 'NONE', #6814, #8038, #4344 ) ;
#6910 = SURFACE_STYLE_FILL_AREA ( #5141 ) ;
#6911 = ORIENTED_EDGE ( 'NONE', *, *, #3642, .F. ) ;
#6912 = CARTESIAN_POINT ( 'NONE',  ( 2.765000000000000124, -1.600000000000000089, 0.3978428499183350175 ) ) ;
#6913 = CARTESIAN_POINT ( 'NONE',  ( -0.8249999999999979572, 0.9499999999999869660, 0.03619548911246119743 ) ) ;
#6914 = ORIENTED_EDGE ( 'NONE', *, *, #2827, .F. ) ;
#6915 = ORIENTED_EDGE ( 'NONE', *, *, #4587, .F. ) ;
#6916 = CARTESIAN_POINT ( 'NONE',  ( -47.60249999999999915, 0.9999999999999988898, 0.03000000000000980008 ) ) ;
#6917 = CARTESIAN_POINT ( 'NONE',  ( -2.799999999999999822, 0.2899999999999989808, 0.3099999999999999978 ) ) ;
#6918 = ORIENTED_EDGE ( 'NONE', *, *, #2241, .F. ) ;
#6919 = ORIENTED_EDGE ( 'NONE', *, *, #7250, .F. ) ;
#6920 = LINE ( 'NONE', #6766, #5278 ) ;
#6921 = CIRCLE ( 'NONE', #1826, 0.05000000000000070360 ) ;
#6922 = VERTEX_POINT ( 'NONE', #4498 ) ;
#6923 = EDGE_CURVE ( 'NONE', #7663, #5778, #1903, .T. ) ;
#6924 = EDGE_CURVE ( 'NONE', #1041, #6224, #439, .T. ) ;
#6925 = PLANE ( 'NONE',  #1752 ) ;
#6926 = ORIENTED_EDGE ( 'NONE', *, *, #4096, .F. ) ;
#6927 = LINE ( 'NONE', #7982, #6742 ) ;
#6928 = CARTESIAN_POINT ( 'NONE',  ( -0.1749999999999980183, 0.9999999999999988898, 0.07866077735406419580 ) ) ;
#6929 = ADVANCED_FACE ( 'NONE', ( #6829 ), #1725, .T. ) ;
#6930 = CARTESIAN_POINT ( 'NONE',  ( -2.615000000000000213, -1.749999999999990008, 0.4700000000000009170 ) ) ;
#6931 = VECTOR ( 'NONE', #7889, 1000.000000000000000 ) ;
#6932 = DIRECTION ( 'NONE',  ( 0.0000000000000000000, 0.0000000000000000000, -1.000000000000000000 ) ) ;
#6933 = ORIENTED_EDGE ( 'NONE', *, *, #65, .F. ) ;
#6934 = ORIENTED_EDGE ( 'NONE', *, *, #2038, .F. ) ;
#6935 = PRODUCT_DEFINITION_CONTEXT ( 'detailed design', #382, 'design' ) ;
#6936 =( GEOMETRIC_REPRESENTATION_CONTEXT ( 3 ) GLOBAL_UNCERTAINTY_ASSIGNED_CONTEXT ( ( #3229 ) ) GLOBAL_UNIT_ASSIGNED_CONTEXT ( ( #5603, #1923, #6235 ) ) REPRESENTATION_CONTEXT ( 'NONE', 'WORKASPACE' ) );
#6937 =( NAMED_UNIT ( * ) SI_UNIT ( $, .STERADIAN. ) SOLID_ANGLE_UNIT ( ) );
#6938 = EDGE_CURVE ( 'NONE', #6502, #4306, #4976, .T. ) ;
#6939 = LINE ( 'NONE', #5859, #2017 ) ;
#6940 = VECTOR ( 'NONE', #3718, 1000.000000000000000 ) ;
#6941 = EDGE_CURVE ( 'NONE', #2876, #7459, #3385, .T. ) ;
#6942 = DIRECTION ( 'NONE',  ( -1.000000000000000000, 5.243344273594249610E-32, 2.289834988289389802E-16 ) ) ;
#6943 = SURFACE_STYLE_USAGE ( .BOTH. , #4459 ) ;
#6944 = PLANE ( 'NONE',  #2454 ) ;
#6945 = VERTEX_POINT ( 'NONE', #2084 ) ;
#6946 = FILL_AREA_STYLE ('',( #3918 ) ) ;
#6947 = DIRECTION ( 'NONE',  ( -5.326143172335038067E-17, 1.000000000000000000, -5.326143172335105860E-17 ) ) ;
#6948 = CARTESIAN_POINT ( 'NONE',  ( -1.900000000000000577, 0.9999999999999988898, 0.07999999999999823919 ) ) ;
#6949 = LINE ( 'NONE', #6519, #363 ) ;
#6950 = FILL_AREA_STYLE_COLOUR ( '', #1494 ) ;
#6951 = CARTESIAN_POINT ( 'NONE',  ( 1.675000000000000044, 1.350000000000000089, 0.1099999999999980022 ) ) ;
#6952 = PRESENTATION_STYLE_ASSIGNMENT (( #1605 ) ) ;
#6953 = MECHANICAL_DESIGN_GEOMETRIC_PRESENTATION_REPRESENTATION (  '', ( #6114 ), #7353 ) ;
#6954 = ORIENTED_EDGE ( 'NONE', *, *, #660, .T. ) ;
#6955 = ORIENTED_EDGE ( 'NONE', *, *, #4624, .F. ) ;
#6956 = DIRECTION ( 'NONE',  ( 2.289834988289389802E-16, -0.0000000000000000000, 1.000000000000000000 ) ) ;
#6957 = MECHANICAL_DESIGN_GEOMETRIC_PRESENTATION_REPRESENTATION (  '', ( #6117 ), #7355 ) ;
#6958 = FACE_OUTER_BOUND ( 'NONE', #4765, .T. ) ;
#6959 = CARTESIAN_POINT ( 'NONE',  ( 2.899999999999999911, 0.9999999999999988898, 0.9999999999999988898 ) ) ;
#6960 = LINE ( 'NONE', #6908, #755 ) ;
#6961 = DIRECTION ( 'NONE',  ( -0.7071067811865520136, 0.0000000000000000000, 0.7071067811865431318 ) ) ;
#6962 = CARTESIAN_POINT ( 'NONE',  ( -4.825000000000000178, 0.4600000000000010192, 0.8400000000000108491 ) ) ;
#6963 = VERTEX_POINT ( 'NONE', #2721 ) ;
#6964 = ORIENTED_EDGE ( 'NONE', *, *, #7250, .T. ) ;
#6965 = VECTOR ( 'NONE', #2216, 1000.000000000000000 ) ;
#6966 = FACE_OUTER_BOUND ( 'NONE', #2544, .T. ) ;
#6967 = CARTESIAN_POINT ( 'NONE',  ( 2.765000000000000124, -1.649999999999999911, 0.1699999999999977918 ) ) ;
#6968 = DIRECTION ( 'NONE',  ( 1.000000000000000000, -0.0000000000000000000, -2.289834988289389802E-16 ) ) ;
#6969 = DIRECTION ( 'NONE',  ( -2.439197797730288502E-32, 1.000000000000000000, -1.065228634467009955E-16 ) ) ;
#6970 = AXIS2_PLACEMENT_3D ( 'NONE', #6021, #2325, #6660 ) ;
#6971 = CARTESIAN_POINT ( 'NONE',  ( -1.324999999999999956, 0.9199999999999870504, 0.1705002310154649925 ) ) ;
#6972 = LINE ( 'NONE', #6785, #3901 ) ;
#6973 = SURFACE_STYLE_USAGE ( .BOTH. , #2652 ) ;
#6974 = LINE ( 'NONE', #508, #2242 ) ;
#6975 = ADVANCED_FACE ( 'NONE', ( #6645 ), #2113, .F. ) ;
#6976 = DIRECTION ( 'NONE',  ( 0.0000000000000000000, 2.289834988289389802E-16, 1.000000000000000000 ) ) ;
#6977 = DIRECTION ( 'NONE',  ( -1.000000000000000000, 5.243344273594249610E-32, 2.289834988289389802E-16 ) ) ;
#6978 = CARTESIAN_POINT ( 'NONE',  ( 0.5749999999999999556, 0.8499999999999989786, 0.05499999999999889699 ) ) ;
#6979 = VERTEX_POINT ( 'NONE', #7034 ) ;
#6980 = EDGE_CURVE ( 'NONE', #7774, #2353, #6436, .T. ) ;
#6981 = ORIENTED_EDGE ( 'NONE', *, *, #1083, .F. ) ;
#6982 = EDGE_CURVE ( 'NONE', #4948, #3277, #31, .T. ) ;
#6983 = LINE ( 'NONE', #7588, #3907 ) ;
#6984 = FILL_AREA_STYLE_COLOUR ( '', #4244 ) ;
#6985 = DIRECTION ( 'NONE',  ( 2.287576767830490100E-16, -0.04440061362072340173, 0.9990138064662086315 ) ) ;
#6986 = ORIENTED_EDGE ( 'NONE', *, *, #3234, .F. ) ;
#6987 = CARTESIAN_POINT ( 'NONE',  ( -0.9499999999999990674, 0.9999999999999988898, 0.03000000000000048114 ) ) ;
#6988 = CARTESIAN_POINT ( 'NONE',  ( -2.452500000000001457, -1.900000000000000133, 1.000000000000000444 ) ) ;
#6989 = DIRECTION ( 'NONE',  ( 0.0000000000000000000, -1.000000000000000000, 2.289834988289389802E-16 ) ) ;
#6990 = VECTOR ( 'NONE', #744, 1000.000000000000000 ) ;
#6992 = MECHANICAL_DESIGN_GEOMETRIC_PRESENTATION_REPRESENTATION (  '', ( #6153 ), #7387 ) ;
#6991 = CARTESIAN_POINT ( 'NONE',  ( -0.3249999999999980127, 1.299999999999990274, 0.04999999999999989869 ) ) ;
#6993 = EDGE_CURVE ( 'NONE', #3257, #889, #4781, .T. ) ;
#6994 = DIRECTION ( 'NONE',  ( 0.0000000000000000000, 0.7071067811865434649, 0.7071067811865516806 ) ) ;
#6995 = PLANE ( 'NONE',  #3864 ) ;
#6996 = DIRECTION ( 'NONE',  ( -2.232893331421829163E-16, 0.2216211035889688874, -0.9751328557914595851 ) ) ;
#6997 = ORIENTED_EDGE ( 'NONE', *, *, #6924, .T. ) ;
#6998 = VERTEX_POINT ( 'NONE', #2135 ) ;
#6999 = CARTESIAN_POINT ( 'NONE',  ( 1.175000000000000044, 1.245779075397750235, -1.111307226797642045E-15 ) ) ;
#7000 = DIRECTION ( 'NONE',  ( 0.0000000000000000000, 0.0000000000000000000, 1.000000000000000000 ) ) ;
#7001 = DIRECTION ( 'NONE',  ( -1.000000000000000000, 0.0000000000000000000, 2.289834988289389802E-16 ) ) ;
#7002 = ORIENTED_EDGE ( 'NONE', *, *, #2651, .F. ) ;
#7003 = ORIENTED_EDGE ( 'NONE', *, *, #3691, .F. ) ;
#7004 = AXIS2_PLACEMENT_3D ( 'NONE', #1413, #1536, #1586 ) ;
#7005 = CARTESIAN_POINT ( 'NONE',  ( 1.675000000000000044, 1.299999999999990274, 0.04999999999999919786 ) ) ;
#7006 = DIRECTION ( 'NONE',  ( -1.000000000000000000, 5.243344273594249610E-32, 2.289834988289389802E-16 ) ) ;
#7007 = DIRECTION ( 'NONE',  ( -2.289834988289389802E-16, 0.0000000000000000000, -1.000000000000000000 ) ) ;
#7008 = EDGE_CURVE ( 'NONE', #6017, #6806, #7886, .T. ) ;
#7009 = DIRECTION ( 'NONE',  ( -1.000000000000000000, 2.804146475863970139E-32, -2.987057121330055487E-48 ) ) ;
#7010 = VECTOR ( 'NONE', #3816, 1000.000000000000000 ) ;
#7011 = ORIENTED_EDGE ( 'NONE', *, *, #6410, .F. ) ;
#7012 = VERTEX_POINT ( 'NONE', #3985 ) ;
#7013 = DIRECTION ( 'NONE',  ( 0.0000000000000000000, -0.9990138064662085204, -0.04440061362072339479 ) ) ;
#7014 =( NAMED_UNIT ( * ) SI_UNIT ( $, .STERADIAN. ) SOLID_ANGLE_UNIT ( ) );
#7015 = DIRECTION ( 'NONE',  ( 0.0000000000000000000, 0.0000000000000000000, 1.000000000000000000 ) ) ;
#7016 = VECTOR ( 'NONE', #1576, 1000.000000000000000 ) ;
#7017 = EDGE_LOOP ( 'NONE', ( #1192, #5213, #3570, #2083, #1143, #4571 ) ) ;
#7018 = AXIS2_PLACEMENT_3D ( 'NONE', #7626, #3958, #212 ) ;
#7019 = EDGE_LOOP ( 'NONE', ( #1261, #3655, #2955, #2430 ) ) ;
#7020 = ORIENTED_EDGE ( 'NONE', *, *, #4839, .F. ) ;
#7021 = CARTESIAN_POINT ( 'NONE',  ( -1.600000000000000311, 0.8499999999999999778, 0.07999999999999934941 ) ) ;
#7022 =( GEOMETRIC_REPRESENTATION_CONTEXT ( 3 ) GLOBAL_UNCERTAINTY_ASSIGNED_CONTEXT ( ( #2052 ) ) GLOBAL_UNIT_ASSIGNED_CONTEXT ( ( #7887, #1126, #2435 ) ) REPRESENTATION_CONTEXT ( 'NONE', 'WORKASPACE' ) );
#7023 = ORIENTED_EDGE ( 'NONE', *, *, #244, .T. ) ;
#7024 = DIRECTION ( 'NONE',  ( 2.804146475863970139E-32, 1.000000000000000000, -1.065228634467009955E-16 ) ) ;
#7025 = CIRCLE ( 'NONE', #5661, 0.05000000000000070360 ) ;
#7026 = LINE ( 'NONE', #3433, #6823 ) ;
#7027 = ORIENTED_EDGE ( 'NONE', *, *, #5633, .F. ) ;
#7028 = ORIENTED_EDGE ( 'NONE', *, *, #4466, .F. ) ;
#7029 = FILL_AREA_STYLE ('',( #5147 ) ) ;
#7030 = VERTEX_POINT ( 'NONE', #6456 ) ;
#7031 = LINE ( 'NONE', #6297, #2091 ) ;
#7032 = AXIS2_PLACEMENT_3D ( 'NONE', #2219, #6542, #2860 ) ;
#7033 = CARTESIAN_POINT ( 'NONE',  ( -1.675000000000000044, 0.9999999999999988898, 0.07866077735406450111 ) ) ;
#7034 = CARTESIAN_POINT ( 'NONE',  ( -1.600000000000000089, 0.9199999999999989297, 0.07999999999999936329 ) ) ;
#7035 = VERTEX_POINT ( 'NONE', #4118 ) ;
#7036 = LINE ( 'NONE', #7819, #639 ) ;
#7037 = DIRECTION ( 'NONE',  ( -5.243344273594249610E-32, -1.000000000000000000, 1.200639317332292868E-47 ) ) ;
#7038 = LINE ( 'NONE', #4196, #5394 ) ;
#7039 = VECTOR ( 'NONE', #4660, 1000.000000000000000 ) ;
#7040 = EDGE_CURVE ( 'NONE', #4396, #3287, #6046, .T. ) ;
#7041 = EDGE_CURVE ( 'NONE', #2353, #6787, #663, .T. ) ;
#7042 = DIRECTION ( 'NONE',  ( 1.000000000000000000, -5.243344273594249610E-32, -2.289834988289389802E-16 ) ) ;
#7043 = VERTEX_POINT ( 'NONE', #5352 ) ;
#7044 = ORIENTED_EDGE ( 'NONE', *, *, #6688, .T. ) ;
#7045 = FACE_OUTER_BOUND ( 'NONE', #1779, .T. ) ;
#7046 = LINE ( 'NONE', #5370, #5405 ) ;
#7047 = CARTESIAN_POINT ( 'NONE',  ( 0.9000000000000005773, 0.9999999999999988898, 0.07999999999999860001 ) ) ;
#7048 = ORIENTED_EDGE ( 'NONE', *, *, #1911, .F. ) ;
#7049 = EDGE_CURVE ( 'NONE', #6039, #3363, #2789, .T. ) ;
#7050 = COLOUR_RGB ( '',0.3176470588235293935, 0.2470588235294117752, 0.2078431372549019440 ) ;
#7051 =( NAMED_UNIT ( * ) PLANE_ANGLE_UNIT ( ) SI_UNIT ( $, .RADIAN. ) );
#7052 = VECTOR ( 'NONE', #7744, 1000.000000000000000 ) ;
#7053 = EDGE_CURVE ( 'NONE', #3840, #853, #4582, .T. ) ;
#7054 = PLANE ( 'NONE',  #7960 ) ;
#7055 = DIRECTION ( 'NONE',  ( 1.000000000000000000, -5.243344273594249610E-32, -2.289834988289389802E-16 ) ) ;
#7056 = CARTESIAN_POINT ( 'NONE',  ( 2.602500000000000036, -1.749999999999999778, 0.9999999999999993339 ) ) ;
#7057 = DIRECTION ( 'NONE',  ( -5.243344273594249610E-32, -1.000000000000000000, 1.200639317332292868E-47 ) ) ;
#7058 = ORIENTED_EDGE ( 'NONE', *, *, #1669, .T. ) ;
#7059 = VECTOR ( 'NONE', #2391, 1000.000000000000000 ) ;
#7060 = DIRECTION ( 'NONE',  ( 1.000000000000000000, -5.243344273594249610E-32, -2.289834988289389802E-16 ) ) ;
#7061 = DIRECTION ( 'NONE',  ( 1.000000000000000000, -0.0000000000000000000, -2.289834988289389802E-16 ) ) ;
#7062 =( NAMED_UNIT ( * ) PLANE_ANGLE_UNIT ( ) SI_UNIT ( $, .RADIAN. ) );
#7063 = AXIS2_PLACEMENT_3D ( 'NONE', #4808, #3022, #7305 ) ;
#7064 = CARTESIAN_POINT ( 'NONE',  ( -0.8249999999999980682, 1.349999999999999867, 0.3099999999999988320 ) ) ;
#7065 = DIRECTION ( 'NONE',  ( 2.289834988289389802E-16, 2.289834988289389802E-16, 1.000000000000000000 ) ) ;
#7066 =( NAMED_UNIT ( * ) SI_UNIT ( $, .STERADIAN. ) SOLID_ANGLE_UNIT ( ) );
#7067 = ORIENTED_EDGE ( 'NONE', *, *, #1085, .F. ) ;
#7068 = SURFACE_STYLE_USAGE ( .BOTH. , #7129 ) ;
#7069 = DIRECTION ( 'NONE',  ( 2.804146475863970139E-32, 1.000000000000000000, -1.065228634467009955E-16 ) ) ;
#7070 = DIRECTION ( 'NONE',  ( -2.289834988289389802E-16, 0.0000000000000000000, -1.000000000000000000 ) ) ;
#7071 = CARTESIAN_POINT ( 'NONE',  ( 2.765000000000000124, -1.824999999999989964, 0.3699999999999989964 ) ) ;
#7072 = AXIS2_PLACEMENT_3D ( 'NONE', #857, #5189, #1502 ) ;
#7073 = VERTEX_POINT ( 'NONE', #6626 ) ;
#7074 = VECTOR ( 'NONE', #357, 1000.000000000000000 ) ;
#7075 = LINE ( 'NONE', #3949, #3813 ) ;
#7076 = DIRECTION ( 'NONE',  ( 0.5773502691896128525, -0.5773502691896503780, -0.5773502691896140737 ) ) ;
#7077 = DIRECTION ( 'NONE',  ( 1.000000000000000000, -0.0000000000000000000, -2.289834988289389802E-16 ) ) ;
#7078 = ADVANCED_FACE ( 'NONE', ( #5853 ), #924, .F. ) ;
#7079 = CARTESIAN_POINT ( 'NONE',  ( -0.6749999999999980460, 1.245779075397750235, 0.1705002310154649925 ) ) ;
#7080 = CARTESIAN_POINT ( 'NONE',  ( 1.824999999999999956, 0.9999999999999988898, 0.07866077735406329374 ) ) ;
#7081 = EDGE_CURVE ( 'NONE', #3565, #3543, #1533, .T. ) ;
#7082 = EDGE_CURVE ( 'NONE', #7453, #3148, #1113, .T. ) ;
#7083 = ORIENTED_EDGE ( 'NONE', *, *, #3201, .T. ) ;
#7084 = ORIENTED_EDGE ( 'NONE', *, *, #3185, .T. ) ;
#7085 = VERTEX_POINT ( 'NONE', #3653 ) ;
#7086 =( LENGTH_UNIT ( ) NAMED_UNIT ( * ) SI_UNIT ( .MILLI., .METRE. ) );
#7087 = VECTOR ( 'NONE', #163, 1000.000000000000000 ) ;
#7088 = CARTESIAN_POINT ( 'NONE',  ( 2.452500000000000568, 0.9999999999999988898, 0.02999999999999819478 ) ) ;
#7089 = ORIENTED_EDGE ( 'NONE', *, *, #1131, .T. ) ;
#7090 = CARTESIAN_POINT ( 'NONE',  ( -0.3249999999999980127, 0.9431866336109969717, 0.06541154699933857120 ) ) ;
#7091 = ORIENTED_EDGE ( 'NONE', *, *, #7527, .F. ) ;
#7093 = PRESENTATION_LAYER_ASSIGNMENT (  '', '', ( #7911 ) ) ;
#7092 =( NAMED_UNIT ( * ) SI_UNIT ( $, .STERADIAN. ) SOLID_ANGLE_UNIT ( ) );
#7094 = EDGE_CURVE ( 'NONE', #2073, #5968, #2579, .T. ) ;
#7095 = FACE_OUTER_BOUND ( 'NONE', #79, .T. ) ;
#7096 =( LENGTH_UNIT ( ) NAMED_UNIT ( * ) SI_UNIT ( .MILLI., .METRE. ) );
#7097 = DIRECTION ( 'NONE',  ( -2.439197797730288502E-32, 1.000000000000000000, -1.065228634467009955E-16 ) ) ;
#7098 = DIRECTION ( 'NONE',  ( -2.289834988289389802E-16, 1.200639317332289951E-47, -1.000000000000000000 ) ) ;
#7099 = EDGE_CURVE ( 'NONE', #7167, #2389, #7306, .T. ) ;
#7100 = VERTEX_POINT ( 'NONE', #3576 ) ;
#7101 = EDGE_LOOP ( 'NONE', ( #5860, #4122, #4190, #4903 ) ) ;
#7102 = CARTESIAN_POINT ( 'NONE',  ( 2.334999999999999964, -1.850000000000000089, 0.5749999999999990674 ) ) ;
#7103 = DIRECTION ( 'NONE',  ( 1.000000000000000000, 0.0000000000000000000, -2.289834988289389802E-16 ) ) ;
#7104 = CARTESIAN_POINT ( 'NONE',  ( 2.765000000000000124, -1.228897383693329903, 0.5199999999999990186 ) ) ;
#7105 = VECTOR ( 'NONE', #1716, 1000.000000000000000 ) ;
#7106 = FACE_OUTER_BOUND ( 'NONE', #5650, .T. ) ;
#7107 = PRESENTATION_LAYER_ASSIGNMENT (  '', '', ( #6265 ) ) ;
#7108 = FILL_AREA_STYLE_COLOUR ( '', #806 ) ;
#7109 = ORIENTED_EDGE ( 'NONE', *, *, #7373, .F. ) ;
#7110 = ORIENTED_EDGE ( 'NONE', *, *, #3533, .F. ) ;
#7111 = ORIENTED_EDGE ( 'NONE', *, *, #7791, .F. ) ;
#7112 = CIRCLE ( 'NONE', #7178, 0.05000000000000429101 ) ;
#7113 = VECTOR ( 'NONE', #6969, 1000.000000000000000 ) ;
#7114 = VERTEX_POINT ( 'NONE', #7319 ) ;
#7115 = PLANE ( 'NONE',  #4359 ) ;
#7116 = ORIENTED_EDGE ( 'NONE', *, *, #6245, .T. ) ;
#7117 = ORIENTED_EDGE ( 'NONE', *, *, #3201, .F. ) ;
#7118 = DIRECTION ( 'NONE',  ( -1.000000000000000000, 5.243344273594249610E-32, 2.289834988289389802E-16 ) ) ;
#7119 = ORIENTED_EDGE ( 'NONE', *, *, #2075, .F. ) ;
#7120 = ORIENTED_EDGE ( 'NONE', *, *, #7866, .F. ) ;
#7121 = CARTESIAN_POINT ( 'NONE',  ( -0.1749999999999979905, 0.9431866336109966387, 0.06541154699933844630 ) ) ;
#7122 = VECTOR ( 'NONE', #5493, 1000.000000000000000 ) ;
#7123 = ADVANCED_FACE ( 'NONE', ( #3855 ), #1802, .F. ) ;
#7124 = AXIS2_PLACEMENT_3D ( 'NONE', #1933, #2552, #5616 ) ;
#7125 = DIRECTION ( 'NONE',  ( 5.243344273594249610E-32, 1.000000000000000000, -1.200639317332292868E-47 ) ) ;
#7126 = AXIS2_PLACEMENT_3D ( 'NONE', #1374, #6942, #742 ) ;
#7127 = VECTOR ( 'NONE', #4416, 1000.000000000000000 ) ;
#7128 = ORIENTED_EDGE ( 'NONE', *, *, #4543, .T. ) ;
#7129 = SURFACE_SIDE_STYLE ('',( #3527 ) ) ;
#7130 = ORIENTED_EDGE ( 'NONE', *, *, #333, .T. ) ;
#7131 = VECTOR ( 'NONE', #1141, 1000.000000000000000 ) ;
#7132 = DIRECTION ( 'NONE',  ( 0.7071067811865460184, -0.7071067811865489050, 0.0000000000000000000 ) ) ;
#7133 = LINE ( 'NONE', #3147, #5487 ) ;
#7134 = CARTESIAN_POINT ( 'NONE',  ( -1.824999999999999512, 1.249999999999987788, 8.414637620949672403E-16 ) ) ;
#7135 = CARTESIAN_POINT ( 'NONE',  ( -0.6749999999999980460, 0.9999999999999988898, 0.07999999999999915512 ) ) ;
#7136 = EDGE_CURVE ( 'NONE', #1025, #4399, #4148, .T. ) ;
#7137 = EDGE_CURVE ( 'NONE', #1182, #6553, #4040, .T. ) ;
#7138 = AXIS2_PLACEMENT_3D ( 'NONE', #6388, #5173, #1489 ) ;
#7139 = VERTEX_POINT ( 'NONE', #3681 ) ;
#7140 = ORIENTED_EDGE ( 'NONE', *, *, #1762, .F. ) ;
#7141 = DIRECTION ( 'NONE',  ( 1.000000000000000000, -0.0000000000000000000, -2.289834988289389802E-16 ) ) ;
#7142 = LINE ( 'NONE', #5248, #5300 ) ;
#7143 = LINE ( 'NONE', #4893, #2395 ) ;
#7144 = EDGE_LOOP ( 'NONE', ( #3747, #5500, #6228, #2254 ) ) ;
#7145 = CARTESIAN_POINT ( 'NONE',  ( -2.615000000000000213, -1.100000000000000089, 0.5100000000000000089 ) ) ;
#7146 = EDGE_CURVE ( 'NONE', #6817, #2228, #2194, .T. ) ;
#7147 = CARTESIAN_POINT ( 'NONE',  ( -4.825000000000000178, 0.8999999999999980238, 0.8400000000000107381 ) ) ;
#7148 = VECTOR ( 'NONE', #6507, 1000.000000000000000 ) ;
#7149 = CARTESIAN_POINT ( 'NONE',  ( -2.615000000000000213, -1.749999999999991562, 0.4199999999999999845 ) ) ;
#7150 = CARTESIAN_POINT ( 'NONE',  ( 6.337500000000000355, -0.07000000000000079770, 0.2999999999999969913 ) ) ;
#7151 = ORIENTED_EDGE ( 'NONE', *, *, #3245, .T. ) ;
#7152 =( NAMED_UNIT ( * ) PLANE_ANGLE_UNIT ( ) SI_UNIT ( $, .RADIAN. ) );
#7153 = LINE ( 'NONE', #452, #2226 ) ;
#7154 =( LENGTH_UNIT ( ) NAMED_UNIT ( * ) SI_UNIT ( .MILLI., .METRE. ) );
#7155 = DIRECTION ( 'NONE',  ( 0.0000000000000000000, 1.000000000000000000, -2.289834988289389802E-16 ) ) ;
#7156 = VECTOR ( 'NONE', #72, 1000.000000000000114 ) ;
#7157 = DIRECTION ( 'NONE',  ( 1.000000000000000000, -5.243344273594249610E-32, -2.289834988289389802E-16 ) ) ;
#7158 = AXIS2_PLACEMENT_3D ( 'NONE', #4393, #4013, #5017 ) ;
#7159 = ORIENTED_EDGE ( 'NONE', *, *, #4046, .F. ) ;
#7160 = CIRCLE ( 'NONE', #4311, 0.05000000000000002359 ) ;
#7161 = EDGE_CURVE ( 'NONE', #5573, #3650, #6920, .T. ) ;
#7162 = LINE ( 'NONE', #5668, #2231 ) ;
#7163 = UNCERTAINTY_MEASURE_WITH_UNIT (LENGTH_MEASURE( 1.000000000000000082E-05 ), #6591, 'distance_accuracy_value', 'NONE');
#7164 = CARTESIAN_POINT ( 'NONE',  ( -0.6749999999999980460, 1.350000000000000089, 0.1599999999999993372 ) ) ;
#7165 = SURFACE_STYLE_USAGE ( .BOTH. , #2861 ) ;
#7166 = ADVANCED_FACE ( 'NONE', ( #6733 ), #4486, .F. ) ;
#7167 = VERTEX_POINT ( 'NONE', #4932 ) ;
#7168 = PLANE ( 'NONE',  #7674 ) ;
#7169 = AXIS2_PLACEMENT_3D ( 'NONE', #4799, #7297, #3633 ) ;
#7170 = ORIENTED_EDGE ( 'NONE', *, *, #5633, .T. ) ;
#7171 = LINE ( 'NONE', #4504, #2048 ) ;
#7172 = CARTESIAN_POINT ( 'NONE',  ( -3.000000000000000000, -0.8000000000000019318, 0.07999999999999966860 ) ) ;
#7173 = DIRECTION ( 'NONE',  ( -1.000000000000000000, 5.243344273594249610E-32, 2.289834988289389802E-16 ) ) ;
#7174 = CARTESIAN_POINT ( 'NONE',  ( 1.550000000000000266, 0.6999999999999999556, 0.02999999999999846886 ) ) ;
#7175 = PLANE ( 'NONE',  #5629 ) ;
#7176 = ORIENTED_EDGE ( 'NONE', *, *, #8018, .F. ) ;
#7177 = ORIENTED_EDGE ( 'NONE', *, *, #1354, .F. ) ;
#7178 = AXIS2_PLACEMENT_3D ( 'NONE', #1473, #5775, #2080 ) ;
#7179 = LINE ( 'NONE', #7849, #3917 ) ;
#7180 = ORIENTED_EDGE ( 'NONE', *, *, #3102, .F. ) ;
#7181 = ORIENTED_EDGE ( 'NONE', *, *, #2157, .F. ) ;
#7182 = DIRECTION ( 'NONE',  ( 1.000000000000000000, -0.0000000000000000000, -2.289834988289389802E-16 ) ) ;
#7183 = CARTESIAN_POINT ( 'NONE',  ( -2.477500000000000036, -0.8000000000000019318, 0.1549999999999999711 ) ) ;
#7184 = DIRECTION ( 'NONE',  ( -2.439197797730288502E-32, 1.000000000000000000, -1.065228634467009955E-16 ) ) ;
#7185 = EDGE_CURVE ( 'NONE', #5559, #2852, #6145, .T. ) ;
#7186 = EDGE_CURVE ( 'NONE', #4569, #3092, #3095, .T. ) ;
#7187 = ORIENTED_EDGE ( 'NONE', *, *, #4255, .T. ) ;
#7188 = ORIENTED_EDGE ( 'NONE', *, *, #3019, .T. ) ;
#7189 = CARTESIAN_POINT ( 'NONE',  ( 2.452500000000000124, -1.899999999999999911, 0.1299999999999990052 ) ) ;
#7190 = DIRECTION ( 'NONE',  ( 0.0000000000000000000, 2.289834988289389802E-16, 1.000000000000000000 ) ) ;
#7191 =( NAMED_UNIT ( * ) PLANE_ANGLE_UNIT ( ) SI_UNIT ( $, .RADIAN. ) );
#7192 = CARTESIAN_POINT ( 'NONE',  ( 2.799999999999999822, 0.6948629999999990092, 0.8416139999999979748 ) ) ;
#7193 = VECTOR ( 'NONE', #7350, 1000.000000000000000 ) ;
#7194 = ADVANCED_FACE ( 'NONE', ( #2893, #7581 ), #613, .F. ) ;
#7195 = ORIENTED_EDGE ( 'NONE', *, *, #5826, .T. ) ;
#7196 = ORIENTED_EDGE ( 'NONE', *, *, #5283, .T. ) ;
#7198 =( GEOMETRIC_REPRESENTATION_CONTEXT ( 3 ) GLOBAL_UNCERTAINTY_ASSIGNED_CONTEXT ( ( #4367 ) ) GLOBAL_UNIT_ASSIGNED_CONTEXT ( ( #3490, #7765, #4089 ) ) REPRESENTATION_CONTEXT ( 'NONE', 'WORKASPACE' ) );
#7197 = CARTESIAN_POINT ( 'NONE',  ( -0.8249999999999980682, 0.9999999999999988898, 0.3099999999999988320 ) ) ;
#7199 = EDGE_CURVE ( 'NONE', #6266, #6904, #5946, .T. ) ;
#7200 = EDGE_CURVE ( 'NONE', #3277, #2964, #4307, .T. ) ;
#7201 = PRESENTATION_STYLE_ASSIGNMENT (( #4652 ) ) ;
#7202 = LINE ( 'NONE', #2760, #808 ) ;
#7203 = ORIENTED_EDGE ( 'NONE', *, *, #6589, .F. ) ;
#7204 = PLANE ( 'NONE',  #2504 ) ;
#7205 = EDGE_LOOP ( 'NONE', ( #6206, #557, #6825, #5258 ) ) ;
#7206 = CARTESIAN_POINT ( 'NONE',  ( 2.765000000000000124, -1.550000000000000266, -1.732464721450795561E-15 ) ) ;
#7207 = ORIENTED_EDGE ( 'NONE', *, *, #6398, .F. ) ;
#7208 =( NAMED_UNIT ( * ) SI_UNIT ( $, .STERADIAN. ) SOLID_ANGLE_UNIT ( ) );
#7209 = ORIENTED_EDGE ( 'NONE', *, *, #1389, .T. ) ;
#7210 = CARTESIAN_POINT ( 'NONE',  ( 0.6000000000000013101, 0.9199999999999972644, 0.07999999999999889144 ) ) ;
#7211 = CIRCLE ( 'NONE', #7322, 0.02999999999999989828 ) ;
#7212 = DIRECTION ( 'NONE',  ( 0.7071067811865431318, -7.532303909457139086E-17, -0.7071067811865520136 ) ) ;
#7213 = LINE ( 'NONE', #4602, #5375 ) ;
#7214 = CARTESIAN_POINT ( 'NONE',  ( 0.1750000000000020151, 1.350000000000000089, 0.1599999999999990041 ) ) ;
#7215 = EDGE_LOOP ( 'NONE', ( #2166, #1458, #4488, #1619 ) ) ;
#7216 = AXIS2_PLACEMENT_3D ( 'NONE', #7761, #4079, #359 ) ;
#7217 = EDGE_LOOP ( 'NONE', ( #3947, #3447, #5134, #1124, #5749, #5823, #6572, #6533, #3460, #6395, #6241, #3814, #5431, #436, #4656, #4735, #7316, #2277 ) ) ;
#7218 = ORIENTED_EDGE ( 'NONE', *, *, #3533, .T. ) ;
#7219 = FACE_OUTER_BOUND ( 'NONE', #3049, .T. ) ;
#7220 = DIRECTION ( 'NONE',  ( 1.000000000000000000, -5.243344273594249610E-32, -2.289834988289389802E-16 ) ) ;
#7221 = VECTOR ( 'NONE', #3101, 1000.000000000000000 ) ;
#7222 = FILL_AREA_STYLE ('',( #5386 ) ) ;
#7223 = DIRECTION ( 'NONE',  ( 0.0000000000000000000, 0.0000000000000000000, -1.000000000000000000 ) ) ;
#7224 = ORIENTED_EDGE ( 'NONE', *, *, #1563, .F. ) ;
#7225 = AXIS2_PLACEMENT_3D ( 'NONE', #1854, #6190, #2495 ) ;
#7226 = DIRECTION ( 'NONE',  ( 0.0000000000000000000, 0.7071067811865980879, 0.7071067811864969466 ) ) ;
#7227 = LINE ( 'NONE', #6077, #2298 ) ;
#7228 = LINE ( 'NONE', #349, #7039 ) ;
#7229 = CARTESIAN_POINT ( 'NONE',  ( -2.615000000000000213, -1.649999999999999911, 0.1199999999999999678 ) ) ;
#7230 = ORIENTED_EDGE ( 'NONE', *, *, #4633, .F. ) ;
#7231 = CARTESIAN_POINT ( 'NONE',  ( -2.265000000000000568, -0.6000000000000009770, 0.3299999999999991274 ) ) ;
#7232 = VECTOR ( 'NONE', #1223, 1000.000000000000000 ) ;
#7233 = DIRECTION ( 'NONE',  ( 0.2163711612039609378, -0.9520331092974132492, -0.2163711612039578291 ) ) ;
#7234 = DIRECTION ( 'NONE',  ( -2.289834988289389802E-16, 0.0000000000000000000, -1.000000000000000000 ) ) ;
#7235 = LINE ( 'NONE', #6617, #2307 ) ;
#7236 = EDGE_CURVE ( 'NONE', #5902, #7294, #2675, .T. ) ;
#7237 = EDGE_CURVE ( 'NONE', #5914, #4771, #1021, .T. ) ;
#7238 = CARTESIAN_POINT ( 'NONE',  ( 0.6750000000000010436, 0.9199999999999868283, -9.041899173833909962E-16 ) ) ;
#7239 = ADVANCED_FACE ( 'NONE', ( #5561 ), #2284, .T. ) ;
#7240 = ORIENTED_EDGE ( 'NONE', *, *, #6299, .F. ) ;
#7241 = DIRECTION ( 'NONE',  ( 2.804146475863970139E-32, 1.000000000000000000, -1.065228634467009955E-16 ) ) ;
#7242 = VECTOR ( 'NONE', #7829, 1000.000000000000000 ) ;
#7243 = SURFACE_STYLE_FILL_AREA ( #7029 ) ;
#7244 = CARTESIAN_POINT ( 'NONE',  ( 0.6750000000000010436, 0.9431866336109969717, 0.06541154699933826588 ) ) ;
#7245 = SURFACE_SIDE_STYLE ('',( #1844 ) ) ;
#7246 = VERTEX_POINT ( 'NONE', #1922 ) ;
#7247 = EDGE_CURVE ( 'NONE', #4716, #511, #5755, .T. ) ;
#7248 = LINE ( 'NONE', #7923, #5790 ) ;
#7249 = CARTESIAN_POINT ( 'NONE',  ( -1.174999999999999822, 0.9999999999999988898, 0.07999999999999923839 ) ) ;
#7250 = EDGE_CURVE ( 'NONE', #4275, #2174, #7211, .T. ) ;
#7251 = CARTESIAN_POINT ( 'NONE',  ( 1.399999999999999467, 0.9199999999999989297, 0.07999999999999843348 ) ) ;
#7252 = CARTESIAN_POINT ( 'NONE',  ( 2.615000000000000213, -1.799999999999990274, 0.4199999999999990408 ) ) ;
#7253 = UNCERTAINTY_MEASURE_WITH_UNIT (LENGTH_MEASURE( 1.000000000000000082E-05 ), #3127, 'distance_accuracy_value', 'NONE');
#7254 = PLANE ( 'NONE',  #4170 ) ;
#7255 = DIRECTION ( 'NONE',  ( 0.0000000000000000000, -1.065228634467009955E-16, -1.000000000000000000 ) ) ;
#7256 = EDGE_CURVE ( 'NONE', #1142, #164, #7025, .T. ) ;
#7257 = ORIENTED_EDGE ( 'NONE', *, *, #6462, .F. ) ;
#7258 = CARTESIAN_POINT ( 'NONE',  ( 2.615000000000000213, -1.900000000000000133, 0.8199999999999987299 ) ) ;
#7259 = CARTESIAN_POINT ( 'NONE',  ( -0.8249999999999979572, 1.249999999999986233, 3.130633773051894053E-15 ) ) ;
#7260 = CARTESIAN_POINT ( 'NONE',  ( 0.3250000000000020095, 1.350000000000000089, 0.1599999999999993372 ) ) ;
#7261 = EDGE_LOOP ( 'NONE', ( #5343, #4597, #1208, #1285 ) ) ;
#7262 = LINE ( 'NONE', #1463, #683 ) ;
#7263 = VECTOR ( 'NONE', #888, 1000.000000000000000 ) ;
#7264 = AXIS2_PLACEMENT_3D ( 'NONE', #6646, #2966, #7255 ) ;
#7265 = AXIS2_PLACEMENT_3D ( 'NONE', #3315, #4016, #3290 ) ;
#7266 = ORIENTED_EDGE ( 'NONE', *, *, #1730, .F. ) ;
#7267 = DIRECTION ( 'NONE',  ( -2.804146475863970139E-32, -1.000000000000000000, 1.065228634467009955E-16 ) ) ;
#7268 = ORIENTED_EDGE ( 'NONE', *, *, #555, .T. ) ;
#7269 = DIRECTION ( 'NONE',  ( 0.0000000000000000000, 1.000000000000000000, -2.289834988289389802E-16 ) ) ;
#7270 = ADVANCED_FACE ( 'NONE', ( #5373 ), #5630, .T. ) ;
#7271 = CARTESIAN_POINT ( 'NONE',  ( 1.675000000000000044, 0.9199999999999860512, -1.478747679861669140E-15 ) ) ;
#7272 = LINE ( 'NONE', #418, #5243 ) ;
#7273 = EDGE_CURVE ( 'NONE', #2228, #6877, #3178, .T. ) ;
#7274 =( GEOMETRIC_REPRESENTATION_CONTEXT ( 3 ) GLOBAL_UNCERTAINTY_ASSIGNED_CONTEXT ( ( #3169 ) ) GLOBAL_UNIT_ASSIGNED_CONTEXT ( ( #6202, #2508, #6828 ) ) REPRESENTATION_CONTEXT ( 'NONE', 'WORKASPACE' ) );
#7275 = ORIENTED_EDGE ( 'NONE', *, *, #4380, .F. ) ;
#7276 = VERTEX_POINT ( 'NONE', #2601 ) ;
#7277 = CARTESIAN_POINT ( 'NONE',  ( -2.799999999999999822, -1.000000000000000000, 1.000000000000000000 ) ) ;
#7278 = DIRECTION ( 'NONE',  ( -1.000000000000000000, -1.144917494144693668E-16, 1.144917494144857357E-16 ) ) ;
#7279 = FILL_AREA_STYLE_COLOUR ( '', #6248 ) ;
#7280 = VECTOR ( 'NONE', #6333, 1000.000000000000000 ) ;
#7281 = CARTESIAN_POINT ( 'NONE',  ( -2.799999999999998046, 0.8999999999999982458, 1.000000000000000000 ) ) ;
#7282 = CARTESIAN_POINT ( 'NONE',  ( -1.050000000000000266, 0.6999999999999982903, 0.02999999999999904132 ) ) ;
#7283 = CARTESIAN_POINT ( 'NONE',  ( 0.6750000000000010436, 0.9199999999999870504, 0.1705002310154649925 ) ) ;
#7284 = ORIENTED_EDGE ( 'NONE', *, *, #4529, .F. ) ;
#7285 = ORIENTED_EDGE ( 'NONE', *, *, #2128, .T. ) ;
#7286 =( LENGTH_UNIT ( ) NAMED_UNIT ( * ) SI_UNIT ( .MILLI., .METRE. ) );
#7287 = EDGE_CURVE ( 'NONE', #7030, #2608, #4772, .T. ) ;
#7288 = PLANE ( 'NONE',  #7402 ) ;
#7289 = EDGE_CURVE ( 'NONE', #5275, #5573, #19, .T. ) ;
#7290 = FACE_OUTER_BOUND ( 'NONE', #6818, .T. ) ;
#7291 = EDGE_LOOP ( 'NONE', ( #5348, #7067, #1817, #3166, #7943, #2302, #2187, #604, #3024, #1238, #5845 ) ) ;
#7292 = CARTESIAN_POINT ( 'NONE',  ( 1.100000000000000755, 0.9999999999999988898, 0.07999999999999889144 ) ) ;
#7293 = ORIENTED_EDGE ( 'NONE', *, *, #2364, .T. ) ;
#7294 = VERTEX_POINT ( 'NONE', #747 ) ;
#7295 = CARTESIAN_POINT ( 'NONE',  ( 2.765000000000000124, -1.899999999999999911, 0.5199999999999990186 ) ) ;
#7296 = ORIENTED_EDGE ( 'NONE', *, *, #6211, .F. ) ;
#7297 = DIRECTION ( 'NONE',  ( 1.619157848017590039E-16, 0.7071067811865729968, 0.7071067811865220376 ) ) ;
#7298 = VECTOR ( 'NONE', #2270, 1000.000000000000000 ) ;
#7299 = ORIENTED_EDGE ( 'NONE', *, *, #2190, .T. ) ;
#7300 = ORIENTED_EDGE ( 'NONE', *, *, #659, .F. ) ;
#7301 = VERTEX_POINT ( 'NONE', #1324 ) ;
#7302 = EDGE_CURVE ( 'NONE', #4717, #449, #1307, .T. ) ;
#7303 = VERTEX_POINT ( 'NONE', #3865 ) ;
#7304 = VERTEX_POINT ( 'NONE', #6312 ) ;
#7305 = DIRECTION ( 'NONE',  ( 1.000000000000000000, 0.0000000000000000000, -2.289834988289389802E-16 ) ) ;
#7306 = LINE ( 'NONE', #4852, #7122 ) ;
#7307 = CARTESIAN_POINT ( 'NONE',  ( 0.1750000000000020151, 1.350000000000000089, 0.3100000000000010525 ) ) ;
#7308 = ORIENTED_EDGE ( 'NONE', *, *, #7961, .T. ) ;
#7309 = VECTOR ( 'NONE', #3023, 999.9999999999998863 ) ;
#7310 = CARTESIAN_POINT ( 'NONE',  ( -3.000000000000000000, -0.8000000000000019318, 0.1799999999999999656 ) ) ;
#7311 = ADVANCED_FACE ( 'NONE', ( #6230 ), #1380, .T. ) ;
#7312 = LINE ( 'NONE', #6815, #2387 ) ;
#7313 =( GEOMETRIC_REPRESENTATION_CONTEXT ( 3 ) GLOBAL_UNCERTAINTY_ASSIGNED_CONTEXT ( ( #2606 ) ) GLOBAL_UNIT_ASSIGNED_CONTEXT ( ( #6469, #2790, #7092 ) ) REPRESENTATION_CONTEXT ( 'NONE', 'WORKASPACE' ) );
#7314 = AXIS2_PLACEMENT_3D ( 'NONE', #4282, #4520, #4946 ) ;
#7315 = CARTESIAN_POINT ( 'NONE',  ( 2.770000000000000018, 1.045602317761259892, -0.7947080000000019684 ) ) ;
#7316 = ORIENTED_EDGE ( 'NONE', *, *, #3403, .T. ) ;
#7317 = VERTEX_POINT ( 'NONE', #3278 ) ;
#7318 = CARTESIAN_POINT ( 'NONE',  ( 2.602500000000000036, -0.8000000000000020428, 0.1799999999999979949 ) ) ;
#7319 = CARTESIAN_POINT ( 'NONE',  ( 2.615000000000000213, -1.099999999999997868, 0.06782713613135632480 ) ) ;
#7320 = SURFACE_SIDE_STYLE ('',( #134 ) ) ;
#7321 = LINE ( 'NONE', #7356, #2594 ) ;
#7322 = AXIS2_PLACEMENT_3D ( 'NONE', #4391, #691, #5013 ) ;
#7323 = CARTESIAN_POINT ( 'NONE',  ( 2.615000000000000213, -1.749999999999991562, 0.4199999999999990408 ) ) ;
#7324 = ORIENTED_EDGE ( 'NONE', *, *, #5720, .T. ) ;
#7325 = VERTEX_POINT ( 'NONE', #161 ) ;
#7326 = DIRECTION ( 'NONE',  ( -0.0000000000000000000, -1.065228634467009955E-16, -1.000000000000000000 ) ) ;
#7327 = VECTOR ( 'NONE', #3453, 1000.000000000000000 ) ;
#7328 = ADVANCED_FACE ( 'NONE', ( #5465 ), #3308, .T. ) ;
#7329 = DIRECTION ( 'NONE',  ( 1.000000000000000000, -0.0000000000000000000, -2.289834988289389802E-16 ) ) ;
#7330 = ORIENTED_EDGE ( 'NONE', *, *, #1857, .T. ) ;
#7331 = ORIENTED_EDGE ( 'NONE', *, *, #4329, .T. ) ;
#7332 = SURFACE_STYLE_FILL_AREA ( #783 ) ;
#7333 = EDGE_CURVE ( 'NONE', #3534, #7139, #7112, .T. ) ;
#7334 = EDGE_CURVE ( 'NONE', #1079, #1182, #6532, .T. ) ;
#7335 = VECTOR ( 'NONE', #7936, 1000.000000000000000 ) ;
#7336 = VECTOR ( 'NONE', #1917, 1000.000000000000000 ) ;
#7337 = ORIENTED_EDGE ( 'NONE', *, *, #5393, .F. ) ;
#7338 = CARTESIAN_POINT ( 'NONE',  ( 2.765000000000000124, -1.824999999999989964, 0.1699999999999979861 ) ) ;
#7339 = LINE ( 'NONE', #269, #4075 ) ;
#7340 = CARTESIAN_POINT ( 'NONE',  ( 2.765000000000000124, -1.649999999999999911, 0.1699999999999980138 ) ) ;
#7341 = LINE ( 'NONE', #3208, #2419 ) ;
#7342 = CARTESIAN_POINT ( 'NONE',  ( 1.174999999999999822, 0.9999999999999988898, 0.3099999999999981659 ) ) ;
#7343 = EDGE_CURVE ( 'NONE', #1772, #5759, #4868, .T. ) ;
#7344 = DIRECTION ( 'NONE',  ( 1.000000000000000000, 0.0000000000000000000, -2.289834988289389802E-16 ) ) ;
#7345 = CARTESIAN_POINT ( 'NONE',  ( -1.324999999999999956, 0.9199999999999860512, 0.03619548911246130152 ) ) ;
#7346 = EDGE_CURVE ( 'NONE', #1511, #6599, #1615, .T. ) ;
#7347 = DIRECTION ( 'NONE',  ( 5.243344273594249610E-32, 1.000000000000000000, -1.200639317332292868E-47 ) ) ;
#7348 = ADVANCED_FACE ( 'NONE', ( #1406 ), #3963, .T. ) ;
#7349 = CARTESIAN_POINT ( 'NONE',  ( -2.765000000000000124, -1.464196000000000053, 0.5200000000000000178 ) ) ;
#7350 = DIRECTION ( 'NONE',  ( 1.000000000000000000, -2.804146475863970139E-32, 2.987057121330055487E-48 ) ) ;
#7351 = ORIENTED_EDGE ( 'NONE', *, *, #568, .F. ) ;
#7352 = VECTOR ( 'NONE', #7530, 1000.000000000000000 ) ;
#7353 =( GEOMETRIC_REPRESENTATION_CONTEXT ( 3 ) GLOBAL_UNCERTAINTY_ASSIGNED_CONTEXT ( ( #2106 ) ) GLOBAL_UNIT_ASSIGNED_CONTEXT ( ( #7944, #4747, #6165 ) ) REPRESENTATION_CONTEXT ( 'NONE', 'WORKASPACE' ) );
#7354 = COLOUR_RGB ( '',0.3176470588235293935, 0.2470588235294117752, 0.2078431372549019440 ) ;
#7355 =( GEOMETRIC_REPRESENTATION_CONTEXT ( 3 ) GLOBAL_UNCERTAINTY_ASSIGNED_CONTEXT ( ( #4860 ) ) GLOBAL_UNIT_ASSIGNED_CONTEXT ( ( #6304, #2620, #6937 ) ) REPRESENTATION_CONTEXT ( 'NONE', 'WORKASPACE' ) );
#7356 = CARTESIAN_POINT ( 'NONE',  ( 1.850000000000000089, 1.350000000000000089, 0.3099999999999980549 ) ) ;
#7357 = VERTEX_POINT ( 'NONE', #828 ) ;
#7358 = ORIENTED_EDGE ( 'NONE', *, *, #3954, .F. ) ;
#7359 =( NAMED_UNIT ( * ) PLANE_ANGLE_UNIT ( ) SI_UNIT ( $, .RADIAN. ) );
#7360 = LINE ( 'NONE', #4682, #5533 ) ;
#7361 = DIRECTION ( 'NONE',  ( -1.000000000000000000, 0.0000000000000000000, 2.289834988289389802E-16 ) ) ;
#7362 = DIRECTION ( 'NONE',  ( 2.289834988289389802E-16, -1.200639317332289951E-47, 1.000000000000000000 ) ) ;
#7363 = ADVANCED_FACE ( 'NONE', ( #112 ), #850, .F. ) ;
#7364 = ORIENTED_EDGE ( 'NONE', *, *, #7961, .F. ) ;
#7365 = ORIENTED_EDGE ( 'NONE', *, *, #2364, .F. ) ;
#7366 = AXIS2_PLACEMENT_3D ( 'NONE', #428, #2308, #6632 ) ;
#7367 = ADVANCED_FACE ( 'NONE', ( #3085 ), #4567, .T. ) ;
#7368 = SURFACE_STYLE_FILL_AREA ( #7550 ) ;
#7369 = CARTESIAN_POINT ( 'NONE',  ( 2.285000000000001474, -1.800000000000000711, 0.9999999999999995559 ) ) ;
#7370 = CARTESIAN_POINT ( 'NONE',  ( -1.324999999999999956, 1.299999999999990274, 0.05000000000000019706 ) ) ;
#7371 = EDGE_LOOP ( 'NONE', ( #1528, #793, #4180, #6749 ) ) ;
#7372 = ORIENTED_EDGE ( 'NONE', *, *, #6089, .T. ) ;
#7373 = EDGE_CURVE ( 'NONE', #912, #28, #7769, .T. ) ;
#7374 = EDGE_CURVE ( 'NONE', #7968, #1618, #4474, .T. ) ;
#7375 = COLOUR_RGB ( '',0.3176470588235293935, 0.2470588235294117752, 0.2078431372549019440 ) ;
#7376 = LINE ( 'NONE', #6110, #2457 ) ;
#7377 = VERTEX_POINT ( 'NONE', #2772 ) ;
#7378 = DIRECTION ( 'NONE',  ( 2.229998385641999896E-16, -0.2271122129663560585, 0.9738685962292472631 ) ) ;
#7379 = EDGE_LOOP ( 'NONE', ( #3266, #3974, #629, #2470 ) ) ;
#7380 = CARTESIAN_POINT ( 'NONE',  ( 2.799999999999999378, 0.8999999999999984679, 0.6749999999999980460 ) ) ;
#7381 = CARTESIAN_POINT ( 'NONE',  ( 0.6625000000000019762, 0.9999999999999988898, 0.07999999999999890532 ) ) ;
#7382 = FACE_OUTER_BOUND ( 'NONE', #5806, .T. ) ;
#7383 = ADVANCED_FACE ( 'NONE', ( #5939 ), #4008, .T. ) ;
#7384 = EDGE_LOOP ( 'NONE', ( #7324, #823, #899, #1847 ) ) ;
#7385 = ORIENTED_EDGE ( 'NONE', *, *, #7527, .T. ) ;
#7386 = ORIENTED_EDGE ( 'NONE', *, *, #7651, .T. ) ;
#7387 =( GEOMETRIC_REPRESENTATION_CONTEXT ( 3 ) GLOBAL_UNCERTAINTY_ASSIGNED_CONTEXT ( ( #7163 ) ) GLOBAL_UNIT_ASSIGNED_CONTEXT ( ( #6591, #2922, #7208 ) ) REPRESENTATION_CONTEXT ( 'NONE', 'WORKASPACE' ) );
#7388 = PLANE ( 'NONE',  #3671 ) ;
#7389 = EDGE_CURVE ( 'NONE', #7968, #1511, #6324, .T. ) ;
#7390 = ORIENTED_EDGE ( 'NONE', *, *, #1867, .T. ) ;
#7391 = CARTESIAN_POINT ( 'NONE',  ( 2.765000000000000124, -1.799999999999990274, 0.4199999999999989853 ) ) ;
#7392 = VECTOR ( 'NONE', #2517, 1000.000000000000114 ) ;
#7393 = VECTOR ( 'NONE', #1500, 1000.000000000000114 ) ;
#7394 = ORIENTED_EDGE ( 'NONE', *, *, #5217, .T. ) ;
#7395 =( NAMED_UNIT ( * ) PLANE_ANGLE_UNIT ( ) SI_UNIT ( $, .RADIAN. ) );
#7396 = DIRECTION ( 'NONE',  ( 0.0000000000000000000, 1.065228634467009955E-16, 1.000000000000000000 ) ) ;
#7397 =( NAMED_UNIT ( * ) SI_UNIT ( $, .STERADIAN. ) SOLID_ANGLE_UNIT ( ) );
#7398 = CARTESIAN_POINT ( 'NONE',  ( -2.765000000000000124, -1.464196000000000053, 0.3752010000000010059 ) ) ;
#7399 = ORIENTED_EDGE ( 'NONE', *, *, #7049, .T. ) ;
#7400 = FACE_OUTER_BOUND ( 'NONE', #3646, .T. ) ;
#7402 = AXIS2_PLACEMENT_3D ( 'NONE', #7908, #499, #4820 ) ;
#7401 = DIRECTION ( 'NONE',  ( 2.804146475863970139E-32, 1.000000000000000000, -1.065228634467009955E-16 ) ) ;
#7403 = STYLED_ITEM ( 'NONE', ( #6699 ), #677 ) ;
#7404 = SURFACE_STYLE_FILL_AREA ( #5106 ) ;
#7405 = VECTOR ( 'NONE', #4266, 1000.000000000000000 ) ;
#7406 = EDGE_CURVE ( 'NONE', #5038, #4527, #4301, .T. ) ;
#7407 = ORIENTED_EDGE ( 'NONE', *, *, #1326, .F. ) ;
#7408 = ADVANCED_FACE ( 'NONE', ( #2666 ), #3432, .T. ) ;
#7409 = CARTESIAN_POINT ( 'NONE',  ( 2.720000000000000195, 0.5337243177612559508, 0.9399999999999989475 ) ) ;
#7410 = VECTOR ( 'NONE', #458, 1000.000000000000000 ) ;
#7411 = VECTOR ( 'NONE', #5652, 1000.000000000000000 ) ;
#7412 = DIRECTION ( 'NONE',  ( 1.000000000000000000, -5.243344273594249610E-32, -2.289834988289389802E-16 ) ) ;
#7413 = ORIENTED_EDGE ( 'NONE', *, *, #1668, .F. ) ;
#7414 = FACE_OUTER_BOUND ( 'NONE', #6894, .T. ) ;
#7415 = AXIS2_PLACEMENT_3D ( 'NONE', #2679, #5123, #7000 ) ;
#7416 = CARTESIAN_POINT ( 'NONE',  ( -1.174999999999999822, 0.9999999999999988898, 0.3099999999999988320 ) ) ;
#7417 = VECTOR ( 'NONE', #5783, 1000.000000000000000 ) ;
#7418 = VERTEX_POINT ( 'NONE', #2161 ) ;
#7419 = LINE ( 'NONE', #5355, #7242 ) ;
#7420 = CARTESIAN_POINT ( 'NONE',  ( -1.175000000000000044, 0.9199999999999870504, 0.1705002310154649925 ) ) ;
#7421 = DIRECTION ( 'NONE',  ( -0.7071067811865467956, 0.0000000000000000000, 0.7071067811865483499 ) ) ;
#7422 = LINE ( 'NONE', #7602, #3970 ) ;
#7423 = STYLED_ITEM ( 'NONE', ( #7666 ), #7518 ) ;
#7424 = ORIENTED_EDGE ( 'NONE', *, *, #4854, .T. ) ;
#7425 = FACE_OUTER_BOUND ( 'NONE', #2668, .T. ) ;
#7426 = DIRECTION ( 'NONE',  ( -1.000000000000000000, 0.0000000000000000000, 2.289834988289389802E-16 ) ) ;
#7428 = CARTESIAN_POINT ( 'NONE',  ( -2.452500000000000124, -1.899999999999999911, 0.1300000000000000044 ) ) ;
#7427 = CARTESIAN_POINT ( 'NONE',  ( -0.5499999999999977129, 0.6999999999999990674, 0.02999999999999937786 ) ) ;
#7429 = EDGE_CURVE ( 'NONE', #22, #1617, #5743, .T. ) ;
#7430 = EDGE_CURVE ( 'NONE', #5556, #39, #4117, .T. ) ;
#7431 = LINE ( 'NONE', #2593, #5798 ) ;
#7432 = UNCERTAINTY_MEASURE_WITH_UNIT (LENGTH_MEASURE( 1.000000000000000082E-05 ), #313, 'distance_accuracy_value', 'NONE');
#7433 = LINE ( 'NONE', #4816, #4172 ) ;
#7434 = DIRECTION ( 'NONE',  ( 0.0000000000000000000, 0.0000000000000000000, -1.000000000000000000 ) ) ;
#7435 = DIRECTION ( 'NONE',  ( -1.000000000000000000, 0.0000000000000000000, 2.289834988289389802E-16 ) ) ;
#7436 = ORIENTED_EDGE ( 'NONE', *, *, #442, .F. ) ;
#7437 = SURFACE_STYLE_FILL_AREA ( #3437 ) ;
#7438 = COLOUR_RGB ( '',0.3176470588235293935, 0.2470588235294117752, 0.2078431372549019440 ) ;
#7439 = ADVANCED_FACE ( 'NONE', ( #7382 ), #7737, .T. ) ;
#7440 = EDGE_CURVE ( 'NONE', #7513, #7839, #6625, .T. ) ;
#7441 = PLANE ( 'NONE',  #121 ) ;
#7442 =( NAMED_UNIT ( * ) PLANE_ANGLE_UNIT ( ) SI_UNIT ( $, .RADIAN. ) );
#7443 = EDGE_CURVE ( 'NONE', #3591, #632, #214, .T. ) ;
#7444 = PLANE ( 'NONE',  #1701 ) ;
#7445 = ORIENTED_EDGE ( 'NONE', *, *, #7082, .F. ) ;
#7446 = LINE ( 'NONE', #3632, #5608 ) ;
#7447 = CARTESIAN_POINT ( 'NONE',  ( 2.765000000000000124, -1.649999999999999911, 0.1199999999999979972 ) ) ;
#7448 = VERTEX_POINT ( 'NONE', #4679 ) ;
#7449 = ORIENTED_EDGE ( 'NONE', *, *, #5398, .T. ) ;
#7451 = CARTESIAN_POINT ( 'NONE',  ( 1.824999999999999956, 0.9199999999999868283, -1.534357132089899094E-15 ) ) ;
#7450 = DIRECTION ( 'NONE',  ( 1.000000000000000000, 0.0000000000000000000, -2.289834988289389802E-16 ) ) ;
#7452 = DIRECTION ( 'NONE',  ( 1.000000000000000000, 0.0000000000000000000, -2.289834988289389802E-16 ) ) ;
#7453 = VERTEX_POINT ( 'NONE', #5325 ) ;
#7454 = ORIENTED_EDGE ( 'NONE', *, *, #2061, .T. ) ;
#7455 = COLOUR_RGB ( '',0.3176470588235293935, 0.2470588235294117752, 0.2078431372549019440 ) ;
#7456 = DIRECTION ( 'NONE',  ( -1.000000000000000000, -1.144917494144693668E-16, 1.144917494144857357E-16 ) ) ;
#7457 = AXIS2_PLACEMENT_3D ( 'NONE', #3360, #7632, #3966 ) ;
#7458 = CARTESIAN_POINT ( 'NONE',  ( -47.60249999999999915, 0.6999999999999990674, 0.03000000000000983130 ) ) ;
#7459 = VERTEX_POINT ( 'NONE', #7164 ) ;
#7460 = ORIENTED_EDGE ( 'NONE', *, *, #3642, .T. ) ;
#7461 = DIRECTION ( 'NONE',  ( 0.0000000000000000000, 2.289834988289389802E-16, 1.000000000000000000 ) ) ;
#7462 =( LENGTH_UNIT ( ) NAMED_UNIT ( * ) SI_UNIT ( .MILLI., .METRE. ) );
#7463 = CARTESIAN_POINT ( 'NONE',  ( -1.400000000000000133, 0.9999999999999988898, 0.07999999999999921063 ) ) ;
#7464 = CARTESIAN_POINT ( 'NONE',  ( -0.04999999999999709538, 0.9999999999999988898, 0.02999999999999747660 ) ) ;
#7465 = DIRECTION ( 'NONE',  ( 0.0000000000000000000, 0.0000000000000000000, 1.000000000000000000 ) ) ;
#7466 = DIRECTION ( 'NONE',  ( -1.000000000000000000, 2.804146475863970139E-32, -2.987057121330055487E-48 ) ) ;
#7467 = LINE ( 'NONE', #5342, #907 ) ;
#7468 = ORIENTED_EDGE ( 'NONE', *, *, #4497, .F. ) ;
#7469 = ORIENTED_EDGE ( 'NONE', *, *, #8010, .F. ) ;
#7470 = ORIENTED_EDGE ( 'NONE', *, *, #1680, .T. ) ;
#7471 = FILL_AREA_STYLE ('',( #6984 ) ) ;
#7472 = VERTEX_POINT ( 'NONE', #5931 ) ;
#7473 = EDGE_CURVE ( 'NONE', #6321, #5564, #10, .T. ) ;
#7474 = EDGE_CURVE ( 'NONE', #1551, #3650, #3559, .T. ) ;
#7475 = CARTESIAN_POINT ( 'NONE',  ( -0.1749999999999979905, 1.299999999999990274, 0.1705002310154649925 ) ) ;
#7476 = ADVANCED_FACE ( 'NONE', ( #1509 ), #7797, .F. ) ;
#7477 = PLANE ( 'NONE',  #7511 ) ;
#7478 = LINE ( 'NONE', #2248, #5843 ) ;
#7479 = ORIENTED_EDGE ( 'NONE', *, *, #5874, .T. ) ;
#7480 = ORIENTED_EDGE ( 'NONE', *, *, #6782, .T. ) ;
#7481 = ORIENTED_EDGE ( 'NONE', *, *, #5270, .F. ) ;
#7482 = CARTESIAN_POINT ( 'NONE',  ( 0.8250000000000019540, 0.9999999999999988898, 0.07999999999999872491 ) ) ;
#7483 = VERTEX_POINT ( 'NONE', #4707 ) ;
#7484 = LINE ( 'NONE', #7090, #5494 ) ;
#7485 = UNCERTAINTY_MEASURE_WITH_UNIT (LENGTH_MEASURE( 1.000000000000000082E-05 ), #7096, 'distance_accuracy_value', 'NONE');
#7486 = CARTESIAN_POINT ( 'NONE',  ( 2.765000000000000124, -1.824999999999989964, 0.1699999999999980138 ) ) ;
#7487 = EDGE_LOOP ( 'NONE', ( #549, #219, #6702, #1050 ) ) ;
#7488 = VECTOR ( 'NONE', #5384, 1000.000000000000000 ) ;
#7489 = AXIS2_PLACEMENT_3D ( 'NONE', #7295, #4222, #506 ) ;
#7490 = EDGE_CURVE ( 'NONE', #7633, #5205, #3172, .T. ) ;
#7491 = EDGE_CURVE ( 'NONE', #7139, #3015, #4764, .T. ) ;
#7492 = CARTESIAN_POINT ( 'NONE',  ( 0.6750000000000010436, 0.9199999999999860512, -8.881784197001250351E-16 ) ) ;
#7493 = VERTEX_POINT ( 'NONE', #6595 ) ;
#7494 = ORIENTED_EDGE ( 'NONE', *, *, #6938, .F. ) ;
#7495 = SURFACE_STYLE_USAGE ( .BOTH. , #3225 ) ;
#7496 = FACE_OUTER_BOUND ( 'NONE', #4361, .T. ) ;
#7497 = DIRECTION ( 'NONE',  ( 1.831867990631509672E-16, 0.5999999999999999778, 0.8000000000000000444 ) ) ;
#7498 = SURFACE_STYLE_USAGE ( .BOTH. , #6513 ) ;
#7499 = CARTESIAN_POINT ( 'NONE',  ( -2.615000000000000213, -1.799999999999990274, 0.4700000000000009170 ) ) ;
#7500 = ORIENTED_EDGE ( 'NONE', *, *, #4572, .T. ) ;
#7501 = MECHANICAL_DESIGN_GEOMETRIC_PRESENTATION_REPRESENTATION (  '', ( #6265 ), #7924 ) ;
#7502 = VECTOR ( 'NONE', #6392, 1000.000000000000000 ) ;
#7503 = LINE ( 'NONE', #7953, #2808 ) ;
#7504 =( LENGTH_UNIT ( ) NAMED_UNIT ( * ) SI_UNIT ( .MILLI., .METRE. ) );
#7505 = DIRECTION ( 'NONE',  ( -2.289834988289389802E-16, -2.289834988289389802E-16, -1.000000000000000000 ) ) ;
#7506 = ORIENTED_EDGE ( 'NONE', *, *, #6624, .T. ) ;
#7507 = VECTOR ( 'NONE', #4101, 1000.000000000000000 ) ;
#7509 = DIRECTION ( 'NONE',  ( -1.000000000000000000, 5.243344273594249610E-32, 2.289834988289389802E-16 ) ) ;
#7508 = DIRECTION ( 'NONE',  ( -2.289834988289389802E-16, -1.065228634467009955E-16, -1.000000000000000000 ) ) ;
#7510 = VECTOR ( 'NONE', #2724, 1000.000000000000000 ) ;
#7511 = AXIS2_PLACEMENT_3D ( 'NONE', #62, #5028, #1335 ) ;
#7512 = MECHANICAL_DESIGN_GEOMETRIC_PRESENTATION_REPRESENTATION (  '', ( #6703 ), #7937 ) ;
#7513 = VERTEX_POINT ( 'NONE', #7210 ) ;
#7514 = DIRECTION ( 'NONE',  ( 5.243344273594249610E-32, 1.000000000000000000, -1.200639317332292868E-47 ) ) ;
#7515 = CYLINDRICAL_SURFACE ( 'NONE', #2344, 0.04999999999999720640 ) ;
#7516 = VECTOR ( 'NONE', #1422, 1000.000000000000000 ) ;
#7517 =( NAMED_UNIT ( * ) PLANE_ANGLE_UNIT ( ) SI_UNIT ( $, .RADIAN. ) );
#7518 = ADVANCED_FACE ( 'NONE', ( #4564 ), #1049, .T. ) ;
#7519 = CARTESIAN_POINT ( 'NONE',  ( -1.324999999999999956, 1.350000000000000089, 0.1600000000000000033 ) ) ;
#7520 = DIRECTION ( 'NONE',  ( 0.0000000000000000000, 0.0000000000000000000, -1.000000000000000000 ) ) ;
#7521 = CARTESIAN_POINT ( 'NONE',  ( 2.602500000000000036, 0.07493623042063711492, 0.9999999999999988898 ) ) ;
#7522 = VERTEX_POINT ( 'NONE', #7238 ) ;
#7523 = VECTOR ( 'NONE', #5817, 1000.000000000000000 ) ;
#7524 = DIRECTION ( 'NONE',  ( 0.7071067811865431318, -7.532303909457139086E-17, -0.7071067811865520136 ) ) ;
#7525 = DIRECTION ( 'NONE',  ( 2.289834988289389802E-16, 1.065228634467009955E-16, 1.000000000000000000 ) ) ;
#7526 = EDGE_CURVE ( 'NONE', #908, #7513, #2356, .T. ) ;
#7527 = EDGE_CURVE ( 'NONE', #7035, #4569, #707, .T. ) ;
#7528 = LINE ( 'NONE', #6769, #2833 ) ;
#7529 = CARTESIAN_POINT ( 'NONE',  ( 2.765000000000000124, -1.600000000000000089, 0.1199999999999979833 ) ) ;
#7530 = DIRECTION ( 'NONE',  ( 0.0000000000000000000, 1.065228634467009955E-16, 1.000000000000000000 ) ) ;
#7531 = FACE_OUTER_BOUND ( 'NONE', #177, .T. ) ;
#7533 = AXIS2_PLACEMENT_3D ( 'NONE', #2077, #6394, #5180 ) ;
#7532 = CARTESIAN_POINT ( 'NONE',  ( 2.765000000000000124, -1.799999999999990274, 0.3699999999999989964 ) ) ;
#7534 = EDGE_CURVE ( 'NONE', #524, #5545, #5455, .T. ) ;
#7535 = ORIENTED_EDGE ( 'NONE', *, *, #871, .F. ) ;
#7536 = ORIENTED_EDGE ( 'NONE', *, *, #296, .F. ) ;
#7537 = LINE ( 'NONE', #1958, #5903 ) ;
#7538 = FILL_AREA_STYLE ('',( #3267 ) ) ;
#7539 = CARTESIAN_POINT ( 'NONE',  ( -42.17662438884190124, -1.800000000000000266, 1.000000000000009992 ) ) ;
#7540 = LINE ( 'NONE', #3952, #975 ) ;
#7541 = CARTESIAN_POINT ( 'NONE',  ( 1.675000000000000044, 1.299999999999990274, 0.1099999999999980022 ) ) ;
#7542 = ORIENTED_EDGE ( 'NONE', *, *, #5795, .F. ) ;
#7543 = ORIENTED_EDGE ( 'NONE', *, *, #5045, .F. ) ;
#7544 = CARTESIAN_POINT ( 'NONE',  ( -0.3249999999999980127, 1.350000000000000089, 0.1099999999999990014 ) ) ;
#7545 = DIRECTION ( 'NONE',  ( 0.7071067811865475727, 0.7071067811865475727, -2.372388238963347828E-16 ) ) ;
#7546 = AXIS2_PLACEMENT_3D ( 'NONE', #5113, #1425, #5727 ) ;
#7547 = PRESENTATION_LAYER_ASSIGNMENT (  '', '', ( #6745 ) ) ;
#7548 = VECTOR ( 'NONE', #7057, 1000.000000000000000 ) ;
#7549 = DIRECTION ( 'NONE',  ( 1.000000000000000000, 1.015698121961848388E-17, -2.285320774414003636E-16 ) ) ;
#7550 = FILL_AREA_STYLE ('',( #221 ) ) ;
#7551 = EDGE_CURVE ( 'NONE', #5836, #2414, #2977, .T. ) ;
#7552 = DIRECTION ( 'NONE',  ( 0.0000000000000000000, 0.0000000000000000000, -1.000000000000000000 ) ) ;
#7553 = ORIENTED_EDGE ( 'NONE', *, *, #7237, .F. ) ;
#7554 = EDGE_LOOP ( 'NONE', ( #4870, #1801, #6258, #4580 ) ) ;
#7555 = LINE ( 'NONE', #5105, #4456 ) ;
#7556 = VECTOR ( 'NONE', #3996, 1000.000000000000000 ) ;
#7557 = DIRECTION ( 'NONE',  ( 1.000000000000000000, 0.0000000000000000000, -2.289834988289389802E-16 ) ) ;
#7558 = VERTEX_POINT ( 'NONE', #7258 ) ;
#7559 = ADVANCED_FACE ( 'NONE', ( #3833 ), #7876, .T. ) ;
#7560 = CARTESIAN_POINT ( 'NONE',  ( 1.324999999999999956, 0.9999999999999988898, 0.1705002310154649925 ) ) ;
#7561 = ORIENTED_EDGE ( 'NONE', *, *, #7584, .T. ) ;
#7562 = DIRECTION ( 'NONE',  ( -1.000000000000000000, -0.0000000000000000000, 2.289834988289389802E-16 ) ) ;
#7563 = STYLED_ITEM ( 'NONE', ( #3027 ), #1745 ) ;
#7564 = DIRECTION ( 'NONE',  ( 2.289834988289389802E-16, 1.065228634467009955E-16, 1.000000000000000000 ) ) ;
#7565 = VECTOR ( 'NONE', #6784, 1000.000000000000000 ) ;
#7566 = CARTESIAN_POINT ( 'NONE',  ( 1.675000000000000044, 1.299999999999999378, 0.1099999999999980160 ) ) ;
#7567 = VECTOR ( 'NONE', #7326, 1000.000000000000000 ) ;
#7568 = ORIENTED_EDGE ( 'NONE', *, *, #3965, .T. ) ;
#7569 = ORIENTED_EDGE ( 'NONE', *, *, #1640, .F. ) ;
#7570 = DIRECTION ( 'NONE',  ( -2.289834988289389802E-16, 0.0000000000000000000, -1.000000000000000000 ) ) ;
#7571 =( NAMED_UNIT ( * ) PLANE_ANGLE_UNIT ( ) SI_UNIT ( $, .RADIAN. ) );
#7572 = VECTOR ( 'NONE', #909, 999.9999999999998863 ) ;
#7573 = AXIS2_PLACEMENT_3D ( 'NONE', #7005, #3334, #7606 ) ;
#7574 = ORIENTED_EDGE ( 'NONE', *, *, #3247, .F. ) ;
#7575 = CARTESIAN_POINT ( 'NONE',  ( 2.765000000000000124, -1.550000000000000266, -1.633079522306291054E-15 ) ) ;
#7576 = VERTEX_POINT ( 'NONE', #3004 ) ;
#7577 = EDGE_LOOP ( 'NONE', ( #5868, #5637, #5829, #5117 ) ) ;
#7578 = CARTESIAN_POINT ( 'NONE',  ( -1.675000000000000044, 1.350000000000000089, 0.1599999999999998646 ) ) ;
#7579 = CARTESIAN_POINT ( 'NONE',  ( -0.8249999999999979572, 1.245779075397750235, 0.1705002310154649925 ) ) ;
#7580 = ORIENTED_EDGE ( 'NONE', *, *, #5937, .F. ) ;
#7581 = FACE_BOUND ( 'NONE', #6552, .T. ) ;
#7582 = CYLINDRICAL_SURFACE ( 'NONE', #3910, 0.04999999999999979461 ) ;
#7583 = EDGE_LOOP ( 'NONE', ( #4881, #2973, #7743, #2107 ) ) ;
#7584 = EDGE_CURVE ( 'NONE', #2223, #5149, #6902, .T. ) ;
#7585 = EDGE_CURVE ( 'NONE', #4093, #2476, #517, .T. ) ;
#7586 = ORIENTED_EDGE ( 'NONE', *, *, #4433, .T. ) ;
#7587 = FACE_OUTER_BOUND ( 'NONE', #530, .T. ) ;
#7588 = CARTESIAN_POINT ( 'NONE',  ( -1.675000000000000044, 1.299999999999990274, 0.05000000000000040523 ) ) ;
#7589 = CARTESIAN_POINT ( 'NONE',  ( -0.8249999999999979572, 1.249999999999990008, -6.776263578034402713E-16 ) ) ;
#7590 = FACE_OUTER_BOUND ( 'NONE', #6326, .T. ) ;
#7591 = DIRECTION ( 'NONE',  ( 0.0000000000000000000, 0.7071067811865980879, 0.7071067811864969466 ) ) ;
#7592 = LINE ( 'NONE', #7345, #2686 ) ;
#7593 = DIRECTION ( 'NONE',  ( 0.7071067811865510144, 0.7071067811865441310, -3.238315696035290518E-16 ) ) ;
#7594 = EDGE_LOOP ( 'NONE', ( #4777, #4104, #7445, #2015 ) ) ;
#7595 = ORIENTED_EDGE ( 'NONE', *, *, #5986, .T. ) ;
#7596 = LINE ( 'NONE', #3484, #5963 ) ;
#7597 = CARTESIAN_POINT ( 'NONE',  ( 1.824999999999999956, 1.299999999999994715, 0.1099999999999979605 ) ) ;
#7598 = EDGE_CURVE ( 'NONE', #7472, #7522, #5261, .T. ) ;
#7599 = LINE ( 'NONE', #3552, #2691 ) ;
#7600 = VECTOR ( 'NONE', #2555, 1000.000000000000000 ) ;
#7601 = EDGE_CURVE ( 'NONE', #5304, #1239, #314, .T. ) ;
#7602 = CARTESIAN_POINT ( 'NONE',  ( 1.175000000000000044, 1.299999999999999378, 0.1099999999999980160 ) ) ;
#7603 = ADVANCED_FACE ( 'NONE', ( #6714 ), #3028, .F. ) ;
#7604 = VERTEX_POINT ( 'NONE', #7310 ) ;
#7605 = FACE_OUTER_BOUND ( 'NONE', #2334, .T. ) ;
#7606 = DIRECTION ( 'NONE',  ( 0.0000000000000000000, 0.7071067811865980879, 0.7071067811864969466 ) ) ;
#7607 = LINE ( 'NONE', #7475, #6170 ) ;
#7608 = CARTESIAN_POINT ( 'NONE',  ( 0.1750000000000020151, 0.9499999999999869660, 0.03619548911246100314 ) ) ;
#7609 = ORIENTED_EDGE ( 'NONE', *, *, #4109, .T. ) ;
#7610 = COLOUR_RGB ( '',0.5019607843137254832, 0.5019607843137254832, 0.5019607843137254832 ) ;
#7611 = PRESENTATION_LAYER_ASSIGNMENT (  '', '', ( #6803 ) ) ;
#7612 = LINE ( 'NONE', #3726, #2506 ) ;
#7613 = PLANE ( 'NONE',  #4612 ) ;
#7614 = PLANE ( 'NONE',  #7972 ) ;
#7615 = CARTESIAN_POINT ( 'NONE',  ( -0.3249999999999980127, 0.9199999999999866063, 0.03619548911246105172 ) ) ;
#7616 = CARTESIAN_POINT ( 'NONE',  ( 1.050000000000000488, 0.9999999999999988898, 0.03000000000000018971 ) ) ;
#7617 = ORIENTED_EDGE ( 'NONE', *, *, #609, .T. ) ;
#7618 = VECTOR ( 'NONE', #409, 1000.000000000000000 ) ;
#7619 = LINE ( 'NONE', #2945, #2125 ) ;
#7620 = CARTESIAN_POINT ( 'NONE',  ( 1.324999999999999956, 1.245779075397750235, -1.219727444046192488E-15 ) ) ;
#7621 = DIRECTION ( 'NONE',  ( -1.619157848017760137E-16, 0.7071067811864969466, -0.7071067811865980879 ) ) ;
#7622 = PRESENTATION_LAYER_ASSIGNMENT (  '', '', ( #6810 ) ) ;
#7623 = ORIENTED_EDGE ( 'NONE', *, *, #1640, .T. ) ;
#7624 = CARTESIAN_POINT ( 'NONE',  ( -2.765000000000000124, -1.600000000000000089, 0.3752010000000010059 ) ) ;
#7625 = DIRECTION ( 'NONE',  ( -0.0000000000000000000, -1.065228634467009955E-16, -1.000000000000000000 ) ) ;
#7626 = CARTESIAN_POINT ( 'NONE',  ( 1.324999999999999956, 1.350000000000000089, 0.1099999999999979605 ) ) ;
#7627 = VECTOR ( 'NONE', #4430, 1000.000000000000000 ) ;
#7628 = SURFACE_STYLE_USAGE ( .BOTH. , #3356 ) ;
#7629 = VECTOR ( 'NONE', #2342, 1000.000000000000000 ) ;
#7630 = CARTESIAN_POINT ( 'NONE',  ( -2.602499999999999591, -1.749999999999999334, 0.6149999999999999911 ) ) ;
#7631 = CARTESIAN_POINT ( 'NONE',  ( 0.9500000000000020650, 0.9999999999999988898, 0.02999999999999709843 ) ) ;
#7632 = DIRECTION ( 'NONE',  ( -1.000000000000000000, 5.243344273594249610E-32, 2.289834988289389802E-16 ) ) ;
#7633 = VERTEX_POINT ( 'NONE', #1147 ) ;
#7634 = EDGE_CURVE ( 'NONE', #4546, #623, #3454, .T. ) ;
#7635 = EDGE_CURVE ( 'NONE', #3381, #2256, #104, .T. ) ;
#7636 = LINE ( 'NONE', #3416, #6194 ) ;
#7637 = LINE ( 'NONE', #5341, #480 ) ;
#7638 =( NAMED_UNIT ( * ) SI_UNIT ( $, .STERADIAN. ) SOLID_ANGLE_UNIT ( ) );
#7639 = VERTEX_POINT ( 'NONE', #4815 ) ;
#7640 = CARTESIAN_POINT ( 'NONE',  ( 3.000000000000000000, -0.8000000000000009326, 0.8416139999999979748 ) ) ;
#7641 = VECTOR ( 'NONE', #2023, 999.9999999999998863 ) ;
#7642 = CARTESIAN_POINT ( 'NONE',  ( -1.824999999999999512, 0.9199999999999864952, -3.396819862426049387E-16 ) ) ;
#7644 = PRESENTATION_LAYER_ASSIGNMENT (  '', '', ( #453 ) ) ;
#7643 = FILL_AREA_STYLE_COLOUR ( '', #7610 ) ;
#7645 = EDGE_CURVE ( 'NONE', #854, #913, #3268, .T. ) ;
#7646 =( NAMED_UNIT ( * ) SI_UNIT ( $, .STERADIAN. ) SOLID_ANGLE_UNIT ( ) );
#7647 = CARTESIAN_POINT ( 'NONE',  ( -0.9250000000000000444, 0.8499999999999989786, 0.05499999999999929945 ) ) ;
#7648 = DIRECTION ( 'NONE',  ( 2.439197797730288502E-32, -1.000000000000000000, 1.065228634467009955E-16 ) ) ;
#7649 = SURFACE_SIDE_STYLE ('',( #1407 ) ) ;
#7650 = ORIENTED_EDGE ( 'NONE', *, *, #2293, .F. ) ;
#7651 = EDGE_CURVE ( 'NONE', #4134, #5047, #1797, .T. ) ;
#7652 = ORIENTED_EDGE ( 'NONE', *, *, #6871, .T. ) ;
#7653 = DIRECTION ( 'NONE',  ( -2.289834988289389802E-16, -2.289834988289389802E-16, -1.000000000000000000 ) ) ;
#7654 = DIRECTION ( 'NONE',  ( 5.243344273594249610E-32, 1.000000000000000000, -1.200639317332289951E-47 ) ) ;
#7655 = ORIENTED_EDGE ( 'NONE', *, *, #3297, .T. ) ;
#7656 = VERTEX_POINT ( 'NONE', #2424 ) ;
#7657 = AXIS2_PLACEMENT_3D ( 'NONE', #4534, #173, #200 ) ;
#7658 = DIRECTION ( 'NONE',  ( -1.000000000000000000, 2.804146475863970139E-32, -2.987057121330055487E-48 ) ) ;
#7659 = DIRECTION ( 'NONE',  ( -2.289834988289389802E-16, -2.289834988289389802E-16, -1.000000000000000000 ) ) ;
#7660 = DIRECTION ( 'NONE',  ( -2.289834988289389802E-16, 0.0000000000000000000, -1.000000000000000000 ) ) ;
#7661 = LINE ( 'NONE', #3241, #1090 ) ;
#7662 = VERTEX_POINT ( 'NONE', #6120 ) ;
#7663 = VERTEX_POINT ( 'NONE', #6756 ) ;
#7664 = DIRECTION ( 'NONE',  ( 0.0000000000000000000, 0.0000000000000000000, -1.000000000000000000 ) ) ;
#7665 = CARTESIAN_POINT ( 'NONE',  ( 0.1750000000000020151, 1.299999999999999378, 0.1099999999999990152 ) ) ;
#7666 = PRESENTATION_STYLE_ASSIGNMENT (( #1689 ) ) ;
#7667 = CARTESIAN_POINT ( 'NONE',  ( 0.6750000000000010436, 1.299999999999990274, 0.1705002310154649925 ) ) ;
#7668 = VECTOR ( 'NONE', #1631, 1000.000000000000000 ) ;
#7669 = ORIENTED_EDGE ( 'NONE', *, *, #7099, .F. ) ;
#7670 = PRESENTATION_LAYER_ASSIGNMENT (  '', '', ( #6852 ) ) ;
#7671 = EDGE_LOOP ( 'NONE', ( #501, #2245, #1732, #6128 ) ) ;
#7672 = ORIENTED_EDGE ( 'NONE', *, *, #454, .T. ) ;
#7673 = CARTESIAN_POINT ( 'NONE',  ( 0.5749999999999999556, 0.9999999999999988898, 0.05499999999999889005 ) ) ;
#7674 = AXIS2_PLACEMENT_3D ( 'NONE', #6489, #7220, #6577 ) ;
#7675 = ORIENTED_EDGE ( 'NONE', *, *, #6040, .F. ) ;
#7676 = VECTOR ( 'NONE', #2623, 1000.000000000000000 ) ;
#7677 = EDGE_LOOP ( 'NONE', ( #3631, #7413, #917, #2654, #263 ) ) ;
#7678 = CARTESIAN_POINT ( 'NONE',  ( -4.825000000000000178, -0.06999999999979379661, 0.8400000000000109601 ) ) ;
#7679 = VERTEX_POINT ( 'NONE', #1819 ) ;
#7680 = DIRECTION ( 'NONE',  ( 1.000000000000000000, 0.0000000000000000000, -2.289834988289389802E-16 ) ) ;
#7681 = FILL_AREA_STYLE ('',( #5821 ) ) ;
#7682 = ORIENTED_EDGE ( 'NONE', *, *, #4884, .T. ) ;
#7683 = EDGE_CURVE ( 'NONE', #4275, #4754, #4662, .T. ) ;
#7684 = LINE ( 'NONE', #6406, #4778 ) ;
#7685 = EDGE_CURVE ( 'NONE', #7303, #5328, #3076, .T. ) ;
#7686 = EDGE_LOOP ( 'NONE', ( #6614, #6691, #7794, #7293 ) ) ;
#7687 = CARTESIAN_POINT ( 'NONE',  ( -0.5999999999999986455, 0.9199999999999992628, 0.07999999999999950206 ) ) ;
#7688 = DIRECTION ( 'NONE',  ( 2.804146475863970139E-32, 1.000000000000000000, -1.065228634467009955E-16 ) ) ;
#7689 = COLOUR_RGB ( '',0.3176470588235293935, 0.2470588235294117752, 0.2078431372549019440 ) ;
#7690 = EDGE_LOOP ( 'NONE', ( #1513, #6303, #2309, #2079 ) ) ;
#7691 = COLOUR_RGB ( '',0.3176470588235293935, 0.2470588235294117752, 0.2078431372549019440 ) ;
#7692 = EDGE_CURVE ( 'NONE', #2389, #5545, #6124, .T. ) ;
#7693 = EDGE_CURVE ( 'NONE', #5328, #7377, #4467, .T. ) ;
#7694 = DIRECTION ( 'NONE',  ( -5.243344273594249610E-32, -1.000000000000000000, 1.200639317332292868E-47 ) ) ;
#7695 = DIRECTION ( 'NONE',  ( -1.000000000000000000, 5.243344273594249610E-32, 2.289834988289389802E-16 ) ) ;
#7696 = VERTEX_POINT ( 'NONE', #3695 ) ;
#7697 = CYLINDRICAL_SURFACE ( 'NONE', #7415, 0.05000000000000429101 ) ;
#7698 = CARTESIAN_POINT ( 'NONE',  ( -0.3249999999999980127, 1.245779075397750235, 0.1705002310154649925 ) ) ;
#7699 =( LENGTH_UNIT ( ) NAMED_UNIT ( * ) SI_UNIT ( .MILLI., .METRE. ) );
#7700 = DIRECTION ( 'NONE',  ( 1.000000000000000000, -5.243344273594249610E-32, -2.289834988289389802E-16 ) ) ;
#7701 = PLANE ( 'NONE',  #2329 ) ;
#7702 = STYLED_ITEM ( 'NONE', ( #1799 ), #3916 ) ;
#7703 = EDGE_LOOP ( 'NONE', ( #7299, #4385, #55, #2178 ) ) ;
#7704 = VERTEX_POINT ( 'NONE', #2450 ) ;
#7705 = AXIS2_PLACEMENT_3D ( 'NONE', #2758, #816, #2961 ) ;
#7706 = FACE_OUTER_BOUND ( 'NONE', #6029, .T. ) ;
#7707 = CARTESIAN_POINT ( 'NONE',  ( -2.602500000000000036, -0.8000000000000018208, 0.1799999999999998823 ) ) ;
#7708 = VECTOR ( 'NONE', #6956, 1000.000000000000000 ) ;
#7709 = EDGE_CURVE ( 'NONE', #6758, #1110, #1608, .T. ) ;
#7710 = CARTESIAN_POINT ( 'NONE',  ( 1.850000000000000089, 1.350000000000000089, 0.3099999999999980549 ) ) ;
#7711 = DIRECTION ( 'NONE',  ( -0.7071067811865480168, 7.532303909457077456E-17, 0.7071067811865470176 ) ) ;
#7712 = CARTESIAN_POINT ( 'NONE',  ( -2.765000000000000124, -1.147779969318961868, 0.01787644580804499672 ) ) ;
#7713 = ADVANCED_FACE ( 'NONE', ( #1197 ), #3114, .T. ) ;
#7714 = ORIENTED_EDGE ( 'NONE', *, *, #565, .F. ) ;
#7715 = LINE ( 'NONE', #117, #956 ) ;
#7716 = CARTESIAN_POINT ( 'NONE',  ( 1.175000000000000044, 0.9499999999999869660, 0.03619548911246060763 ) ) ;
#7717 = AXIS2_PLACEMENT_3D ( 'NONE', #250, #304, #336 ) ;
#7718 = ORIENTED_EDGE ( 'NONE', *, *, #7289, .F. ) ;
#7719 = LINE ( 'NONE', #7624, #4621 ) ;
#7720 = SURFACE_SIDE_STYLE ('',( #7437 ) ) ;
#7721 = LINE ( 'NONE', #3535, #5889 ) ;
#7722 = DIRECTION ( 'NONE',  ( -1.000000000000000000, -5.064598682745559595E-17, 2.171725397418661469E-16 ) ) ;
#7723 = CARTESIAN_POINT ( 'NONE',  ( -2.615000000000000213, -1.899999999999999911, 0.8199999999999999512 ) ) ;
#7724 = VECTOR ( 'NONE', #429, 1000.000000000000000 ) ;
#7725 = CARTESIAN_POINT ( 'NONE',  ( -1.324999999999999956, 1.245779075397750235, 0.1705002310154649925 ) ) ;
#7726 = SURFACE_STYLE_FILL_AREA ( #1150 ) ;
#7727 = DIRECTION ( 'NONE',  ( -2.289834988289389802E-16, -2.289834988289389802E-16, -1.000000000000000000 ) ) ;
#7728 = PLANE ( 'NONE',  #4800 ) ;
#7729 = VECTOR ( 'NONE', #2958, 1000.000000000000000 ) ;
#7730 = AXIS2_PLACEMENT_3D ( 'NONE', #1270, #23, #670 ) ;
#7731 = DIRECTION ( 'NONE',  ( -2.289834988289389802E-16, 0.0000000000000000000, -1.000000000000000000 ) ) ;
#7732 = ORIENTED_EDGE ( 'NONE', *, *, #713, .T. ) ;
#7733 = CARTESIAN_POINT ( 'NONE',  ( -0.1749999999999980738, 0.9999999999999988898, 0.3099999999999987210 ) ) ;
#7734 = UNCERTAINTY_MEASURE_WITH_UNIT (LENGTH_MEASURE( 1.000000000000000082E-05 ), #6132, 'distance_accuracy_value', 'NONE');
#7735 = CIRCLE ( 'NONE', #933, 0.02999999999999989828 ) ;
#7736 = LINE ( 'NONE', #324, #6496 ) ;
#7737 = PLANE ( 'NONE',  #7032 ) ;
#7738 = CARTESIAN_POINT ( 'NONE',  ( -47.60249999999999915, 0.6999999999999999556, 0.03000000000000983130 ) ) ;
#7739 = PLANE ( 'NONE',  #3150 ) ;
#7740 = EDGE_CURVE ( 'NONE', #1882, #1963, #5928, .T. ) ;
#7741 = EDGE_CURVE ( 'NONE', #329, #529, #2659, .T. ) ;
#7742 = ORIENTED_EDGE ( 'NONE', *, *, #6449, .F. ) ;
#7743 = ORIENTED_EDGE ( 'NONE', *, *, #4394, .T. ) ;
#7744 = DIRECTION ( 'NONE',  ( -5.243344273594270410E-32, 1.000000000000000000, -2.289834988289389802E-16 ) ) ;
#7745 = LINE ( 'NONE', #6916, #2854 ) ;
#7746 = DIRECTION ( 'NONE',  ( 0.0000000000000000000, 0.0000000000000000000, 1.000000000000000000 ) ) ;
#7747 = ORIENTED_EDGE ( 'NONE', *, *, #5572, .F. ) ;
#7748 = DIRECTION ( 'NONE',  ( -2.289834988289389802E-16, 0.0000000000000000000, -1.000000000000000000 ) ) ;
#7749 = ORIENTED_EDGE ( 'NONE', *, *, #6416, .F. ) ;
#7750 = ADVANCED_FACE ( 'NONE', ( #4110 ), #207, .F. ) ;
#7751 = DIRECTION ( 'NONE',  ( -1.000000000000000000, 0.0000000000000000000, 2.289834988289389802E-16 ) ) ;
#7752 = EDGE_CURVE ( 'NONE', #2643, #3692, #6808, .T. ) ;
#7753 = VECTOR ( 'NONE', #5718, 1000.000000000000000 ) ;
#7754 = DIRECTION ( 'NONE',  ( 1.000000000000000000, -5.243344273594249610E-32, -2.289834988289389802E-16 ) ) ;
#7755 =( NAMED_UNIT ( * ) SI_UNIT ( $, .STERADIAN. ) SOLID_ANGLE_UNIT ( ) );
#7756 = SURFACE_STYLE_FILL_AREA ( #5253 ) ;
#7757 = CARTESIAN_POINT ( 'NONE',  ( 2.770000000000000018, 0.8999999999999980238, -0.7947080000000019684 ) ) ;
#7758 = EDGE_CURVE ( 'NONE', #2653, #5399, #1881, .T. ) ;
#7759 = EDGE_LOOP ( 'NONE', ( #4189, #972, #3767, #1800, #1870, #943, #2477, #2553 ) ) ;
#7760 = ORIENTED_EDGE ( 'NONE', *, *, #2705, .T. ) ;
#7761 = CARTESIAN_POINT ( 'NONE',  ( 1.824999999999999956, 0.9999999999999988898, 0.3099999999999979994 ) ) ;
#7762 = PLANE ( 'NONE',  #5598 ) ;
#7763 = DIRECTION ( 'NONE',  ( -2.289834988289389802E-16, -2.289834988289389802E-16, -1.000000000000000000 ) ) ;
#7764 = VECTOR ( 'NONE', #7988, 1000.000000000000000 ) ;
#7765 =( NAMED_UNIT ( * ) PLANE_ANGLE_UNIT ( ) SI_UNIT ( $, .RADIAN. ) );
#7766 = ORIENTED_EDGE ( 'NONE', *, *, #4423, .F. ) ;
#7767 = EDGE_LOOP ( 'NONE', ( #6820, #6112, #4536, #930 ) ) ;
#7768 = CARTESIAN_POINT ( 'NONE',  ( -2.265000000000000124, -1.800000000000000266, 1.050000000000000044 ) ) ;
#7769 = LINE ( 'NONE', #5211, #6133 ) ;
#7770 = COLOUR_RGB ( '',0.3176470588235293935, 0.2470588235294117752, 0.2078431372549019440 ) ;
#7771 = ORIENTED_EDGE ( 'NONE', *, *, #51, .T. ) ;
#7772 = DIRECTION ( 'NONE',  ( -1.000000000000000000, -5.064598682745559595E-17, 2.171725397418661469E-16 ) ) ;
#7773 = ORIENTED_EDGE ( 'NONE', *, *, #5219, .F. ) ;
#7774 = VERTEX_POINT ( 'NONE', #3775 ) ;
#7775 = PLANE ( 'NONE',  #2984 ) ;
#7776 = ORIENTED_EDGE ( 'NONE', *, *, #406, .F. ) ;
#7777 = CARTESIAN_POINT ( 'NONE',  ( 1.675000000000000044, 1.350000000000000089, 0.1599999999999980049 ) ) ;
#7778 = DIRECTION ( 'NONE',  ( -0.0000000000000000000, 1.065228634467009955E-16, 1.000000000000000000 ) ) ;
#7779 = VECTOR ( 'NONE', #1873, 1000.000000000000000 ) ;
#7780 = CARTESIAN_POINT ( 'NONE',  ( -2.765000000000000124, -1.550000000000000266, -3.330669073875470114E-16 ) ) ;
#7781 = VECTOR ( 'NONE', #797, 1000.000000000000000 ) ;
#7782 = ORIENTED_EDGE ( 'NONE', *, *, #4147, .F. ) ;
#7783 = DIRECTION ( 'NONE',  ( 1.000000000000000000, 0.0000000000000000000, 0.0000000000000000000 ) ) ;
#7784 = CARTESIAN_POINT ( 'NONE',  ( 2.745000000000000107, 1.603724317761259899, 0.9149999999999980371 ) ) ;
#7785 = VERTEX_POINT ( 'NONE', #2531 ) ;
#7786 = FACE_OUTER_BOUND ( 'NONE', #5724, .T. ) ;
#7787 = SURFACE_SIDE_STYLE ('',( #2037 ) ) ;
#7788 = VECTOR ( 'NONE', #723, 1000.000000000000000 ) ;
#7789 = DIRECTION ( 'NONE',  ( -0.2163711612039591892, 0.9520331092974139153, 0.2163711612039564136 ) ) ;
#7790 = DIRECTION ( 'NONE',  ( 5.243344273594249610E-32, 1.000000000000000000, -1.200639317332292868E-47 ) ) ;
#7791 = EDGE_CURVE ( 'NONE', #7704, #5885, #1697, .T. ) ;
#7792 = EDGE_CURVE ( 'NONE', #6599, #998, #3361, .T. ) ;
#7793 = AXIS2_PLACEMENT_3D ( 'NONE', #6530, #3508, #7783 ) ;
#7794 = ORIENTED_EDGE ( 'NONE', *, *, #773, .F. ) ;
#7795 = EDGE_LOOP ( 'NONE', ( #6377, #2577, #295, #5218, #230, #2864, #4544, #3871, #3563, #1964, #5976, #4119, #7569, #6062, #726, #4840, #2503, #7883 ) ) ;
#7796 = FACE_OUTER_BOUND ( 'NONE', #7215, .T. ) ;
#7797 = PLANE ( 'NONE',  #7841 ) ;
#7798 = DIRECTION ( 'NONE',  ( 1.000000000000000000, -5.243344273594249610E-32, -2.289834988289389802E-16 ) ) ;
#7799 = ADVANCED_FACE ( 'NONE', ( #5157 ), #5003, .F. ) ;
#7800 = CIRCLE ( 'NONE', #6970, 0.05000000000000070360 ) ;
#7801 = FACE_OUTER_BOUND ( 'NONE', #2812, .T. ) ;
#7802 = DIRECTION ( 'NONE',  ( 0.0000000000000000000, -0.9738685962292471521, -0.2271122129663560030 ) ) ;
#7803 = ORIENTED_EDGE ( 'NONE', *, *, #6410, .T. ) ;
#7804 = VERTEX_POINT ( 'NONE', #5597 ) ;
#7805 = LINE ( 'NONE', #5466, #1240 ) ;
#7806 = EDGE_CURVE ( 'NONE', #1703, #5754, #6414, .T. ) ;
#7807 = VECTOR ( 'NONE', #6379, 1000.000000000000000 ) ;
#7808 = CARTESIAN_POINT ( 'NONE',  ( -2.799999999999999822, 0.8999999999999989120, 0.6750000000000000444 ) ) ;
#7809 = COLOUR_RGB ( '',0.3176470588235293935, 0.2470588235294117752, 0.2078431372549019440 ) ;
#7810 = DIRECTION ( 'NONE',  ( 2.289834988289389802E-16, -0.0000000000000000000, 1.000000000000000000 ) ) ;
#7811 = ORIENTED_EDGE ( 'NONE', *, *, #1880, .F. ) ;
#7812 = VERTEX_POINT ( 'NONE', #3219 ) ;
#7813 = VECTOR ( 'NONE', #2731, 1000.000000000000000 ) ;
#7814 = DIRECTION ( 'NONE',  ( -0.7071067811865333619, 0.0000000000000000000, 0.7071067811865617836 ) ) ;
#7815 = DIRECTION ( 'NONE',  ( 2.804146475863970139E-32, 1.000000000000000000, -1.065228634467009955E-16 ) ) ;
#7816 = STYLED_ITEM ( 'NONE', ( #1159 ), #4363 ) ;
#7817 = CARTESIAN_POINT ( 'NONE',  ( 0.3250000000000020095, 1.350000000000000089, 0.1705002310154649925 ) ) ;
#7818 = AXIS2_PLACEMENT_3D ( 'NONE', #6978, #2111, #2222 ) ;
#7819 = CARTESIAN_POINT ( 'NONE',  ( -1.050000000000000044, 0.6999999999999990674, 0.02999999999999952704 ) ) ;
#7820 = EDGE_LOOP ( 'NONE', ( #6933, #4963, #5048, #4155 ) ) ;
#7821 = VECTOR ( 'NONE', #6587, 1000.000000000000000 ) ;
#7822 = EDGE_CURVE ( 'NONE', #2628, #4362, #4760, .T. ) ;
#7823 = CARTESIAN_POINT ( 'NONE',  ( 1.175000000000000044, 1.299999999999990274, 0.1099999999999980022 ) ) ;
#7824 = SURFACE_STYLE_FILL_AREA ( #987 ) ;
#7825 = DIRECTION ( 'NONE',  ( 2.289834988289389802E-16, -0.0000000000000000000, 1.000000000000000000 ) ) ;
#7826 = CARTESIAN_POINT ( 'NONE',  ( -0.05000000000000143219, 0.9999999999999988898, 0.02999999999999890948 ) ) ;
#7827 = CIRCLE ( 'NONE', #5301, 0.04999999999999720640 ) ;
#7828 = LINE ( 'NONE', #2319, #2943 ) ;
#7829 = DIRECTION ( 'NONE',  ( 1.000000000000000000, -0.0000000000000000000, -2.289834988289389802E-16 ) ) ;
#7830 = PRESENTATION_LAYER_ASSIGNMENT (  '', '', ( #6180 ) ) ;
#7831 = CARTESIAN_POINT ( 'NONE',  ( -2.615000000000000213, -1.000000000000000000, 0.8199999999999999512 ) ) ;
#7832 = VERTEX_POINT ( 'NONE', #3819 ) ;
#7833 = FACE_OUTER_BOUND ( 'NONE', #962, .T. ) ;
#7834 = CARTESIAN_POINT ( 'NONE',  ( -2.615000000000000213, -1.100000000000000089, 0.4600000000000000200 ) ) ;
#7835 = ADVANCED_FACE ( 'NONE', ( #6216, #1289 ), #1342, .T. ) ;
#7836 = CARTESIAN_POINT ( 'NONE',  ( -0.3249999999999980127, 0.9199999999999860512, -7.015915626240592657E-16 ) ) ;
#7837 = PLANE ( 'NONE',  #514 ) ;
#7838 = DIRECTION ( 'NONE',  ( 0.0000000000000000000, 0.0000000000000000000, 1.000000000000000000 ) ) ;
#7839 = VERTEX_POINT ( 'NONE', #5033 ) ;
#7840 = UNCERTAINTY_MEASURE_WITH_UNIT (LENGTH_MEASURE( 1.000000000000000082E-05 ), #7286, 'distance_accuracy_value', 'NONE');
#7841 = AXIS2_PLACEMENT_3D ( 'NONE', #392, #1020, #5350 ) ;
#7842 = DIRECTION ( 'NONE',  ( 5.243344273594249610E-32, 1.000000000000000000, -1.200639317332292868E-47 ) ) ;
#7843 = VECTOR ( 'NONE', #233, 1000.000000000000000 ) ;
#7844 = DIRECTION ( 'NONE',  ( -1.000000000000000000, 0.0000000000000000000, 2.289834988289389802E-16 ) ) ;
#7845 = CARTESIAN_POINT ( 'NONE',  ( 1.399999999999999911, 0.9999999999999988898, 0.07999999999999830858 ) ) ;
#7846 = VERTEX_POINT ( 'NONE', #2589 ) ;
#7847 = ORIENTED_EDGE ( 'NONE', *, *, #1606, .T. ) ;
#7848 = DIRECTION ( 'NONE',  ( 0.0000000000000000000, 1.000000000000000000, -2.289834988289389802E-16 ) ) ;
#7849 = CARTESIAN_POINT ( 'NONE',  ( 0.1750000000000019873, 0.9999999999999988898, 0.07866077735406409865 ) ) ;
#7850 =( NAMED_UNIT ( * ) SI_UNIT ( $, .STERADIAN. ) SOLID_ANGLE_UNIT ( ) );
#7851 = EDGE_CURVE ( 'NONE', #3543, #4774, #2970, .T. ) ;
#7852 = EDGE_CURVE ( 'NONE', #3186, #5556, #1503, .T. ) ;
#7853 = ORIENTED_EDGE ( 'NONE', *, *, #2488, .F. ) ;
#7854 = ORIENTED_EDGE ( 'NONE', *, *, #3140, .T. ) ;
#7855 = SURFACE_SIDE_STYLE ('',( #2800 ) ) ;
#7856 = VECTOR ( 'NONE', #682, 1000.000000000000000 ) ;
#7857 = CARTESIAN_POINT ( 'NONE',  ( 2.799999999999999822, 0.6948629999999990092, 0.9999999999999981126 ) ) ;
#7858 = DIRECTION ( 'NONE',  ( 0.0000000000000000000, 1.065228634467009955E-16, 1.000000000000000000 ) ) ;
#7859 = VECTOR ( 'NONE', #890, 1000.000000000000000 ) ;
#7860 = EDGE_LOOP ( 'NONE', ( #2599, #6729, #1284, #7732, #7224 ) ) ;
#7861 = EDGE_LOOP ( 'NONE', ( #5055, #6796, #2802, #7385 ) ) ;
#7863 = AXIS2_PLACEMENT_3D ( 'NONE', #5814, #2127, #6442 ) ;
#7862 = CARTESIAN_POINT ( 'NONE',  ( -0.8249999999999979572, 1.350000000000000089, 0.1099999999999990014 ) ) ;
#7864 = EDGE_CURVE ( 'NONE', #7303, #6400, #7661, .T. ) ;
#7865 = DIRECTION ( 'NONE',  ( 2.289834988289389802E-16, 1.065228634467009955E-16, 1.000000000000000000 ) ) ;
#7866 = EDGE_CURVE ( 'NONE', #388, #1134, #4372, .T. ) ;
#7867 = VECTOR ( 'NONE', #7825, 1000.000000000000000 ) ;
#7868 = VECTOR ( 'NONE', #4030, 1000.000000000000000 ) ;
#7869 = ORIENTED_EDGE ( 'NONE', *, *, #565, .T. ) ;
#7870 = PLANE ( 'NONE',  #5409 ) ;
#7871 = ORIENTED_EDGE ( 'NONE', *, *, #4339, .T. ) ;
#7872 = CARTESIAN_POINT ( 'NONE',  ( -0.8249999999999979572, 1.299999999999990274, 0.1705002310154649925 ) ) ;
#7873 = ORIENTED_EDGE ( 'NONE', *, *, #442, .T. ) ;
#7874 = CARTESIAN_POINT ( 'NONE',  ( 1.675000000000000044, 0.9431866336109969717, 0.06541154699933776628 ) ) ;
#7875 = ORIENTED_EDGE ( 'NONE', *, *, #1815, .T. ) ;
#7876 = PLANE ( 'NONE',  #3589 ) ;
#7877 = VECTOR ( 'NONE', #99, 1000.000000000000000 ) ;
#7878 = ADVANCED_FACE ( 'NONE', ( #4194 ), #1368, .T. ) ;
#7879 = EDGE_LOOP ( 'NONE', ( #2820, #7479, #2983, #1167 ) ) ;
#7880 = AXIS2_PLACEMENT_3D ( 'NONE', #3772, #4971, #1281 ) ;
#7881 = ORIENTED_EDGE ( 'NONE', *, *, #4945, .F. ) ;
#7882 = DIRECTION ( 'NONE',  ( 0.0000000000000000000, -0.5999999999999999778, 0.8000000000000000444 ) ) ;
#7883 = ORIENTED_EDGE ( 'NONE', *, *, #7491, .F. ) ;
#7884 = VECTOR ( 'NONE', #2667, 1000.000000000000000 ) ;
#7885 = ORIENTED_EDGE ( 'NONE', *, *, #2332, .T. ) ;
#7886 = LINE ( 'NONE', #2776, #2998 ) ;
#7887 =( LENGTH_UNIT ( ) NAMED_UNIT ( * ) SI_UNIT ( .MILLI., .METRE. ) );
#7888 = VECTOR ( 'NONE', #644, 1000.000000000000000 ) ;
#7889 = DIRECTION ( 'NONE',  ( 2.439197797730288502E-32, -1.000000000000000000, 1.065228634467009955E-16 ) ) ;
#7890 = DIRECTION ( 'NONE',  ( 0.0000000000000000000, -1.065228634467009955E-16, -1.000000000000000000 ) ) ;
#7891 = ORIENTED_EDGE ( 'NONE', *, *, #6315, .T. ) ;
#7892 = CARTESIAN_POINT ( 'NONE',  ( 2.264999999999999680, -0.6000000000000009770, 0.4874554975804329948 ) ) ;
#7893 = LINE ( 'NONE', #4836, #7309 ) ;
#7894 = AXIS2_PLACEMENT_3D ( 'NONE', #7608, #3336, #193 ) ;
#7895 = CARTESIAN_POINT ( 'NONE',  ( -1.325000000000000178, 0.9999999999999988898, 0.3099999999999979994 ) ) ;
#7896 = FACE_OUTER_BOUND ( 'NONE', #4203, .T. ) ;
#7897 = FILL_AREA_STYLE ('',( #2992 ) ) ;
#7898 = ORIENTED_EDGE ( 'NONE', *, *, #7852, .T. ) ;
#7899 = CARTESIAN_POINT ( 'NONE',  ( -2.765000000000000124, -1.749999999999990008, 0.4200000000000000400 ) ) ;
#7900 = LINE ( 'NONE', #5769, #7502 ) ;
#7901 = CARTESIAN_POINT ( 'NONE',  ( 2.615000000000000657, -1.550000000000000266, -1.641981709168324258E-15 ) ) ;
#7902 = DIRECTION ( 'NONE',  ( -2.287576767830490100E-16, 0.04440061362072340173, -0.9990138064662086315 ) ) ;
#7903 = EDGE_CURVE ( 'NONE', #6945, #4303, #5255, .T. ) ;
#7904 = EDGE_CURVE ( 'NONE', #5715, #6636, #3643, .T. ) ;
#7905 = CARTESIAN_POINT ( 'NONE',  ( 1.175000000000000044, 0.9199999999999860512, 0.03619548911246060763 ) ) ;
#7906 = ORIENTED_EDGE ( 'NONE', *, *, #3099, .T. ) ;
#7907 = VECTOR ( 'NONE', #977, 1000.000000000000000 ) ;
#7908 = CARTESIAN_POINT ( 'NONE',  ( 1.074999999999999956, 0.8499999999999989786, 0.05499999999999870270 ) ) ;
#7909 = LINE ( 'NONE', #3944, #1341 ) ;
#7910 = COLOUR_RGB ( '',0.3176470588235293935, 0.2470588235294117752, 0.2078431372549019440 ) ;
#7911 = STYLED_ITEM ( 'NONE', ( #5088 ), #3123 ) ;
#7912 = ORIENTED_EDGE ( 'NONE', *, *, #866, .F. ) ;
#7913 = EDGE_CURVE ( 'NONE', #7043, #7325, #1969, .T. ) ;
#7914 = VECTOR ( 'NONE', #1339, 1000.000000000000000 ) ;
#7915 = CARTESIAN_POINT ( 'NONE',  ( 2.452500000000003233, -1.899999999999999911, 0.9999999999999997780 ) ) ;
#7916 = VECTOR ( 'NONE', #6047, 1000.000000000000000 ) ;
#7917 = EDGE_CURVE ( 'NONE', #1963, #7812, #6892, .T. ) ;
#7918 = CARTESIAN_POINT ( 'NONE',  ( -1.324999999999999956, 1.299999999999999378, 0.1099999999999990152 ) ) ;
#7919 = ADVANCED_FACE ( 'NONE', ( #6516 ), #2672, .F. ) ;
#7920 = LINE ( 'NONE', #2708, #4428 ) ;
#7921 = CARTESIAN_POINT ( 'NONE',  ( -1.675000000000000044, 1.299999999999990274, 0.1099999999999990014 ) ) ;
#7922 = VECTOR ( 'NONE', #5407, 1000.000000000000000 ) ;
#7923 = CARTESIAN_POINT ( 'NONE',  ( 0.4500000000000021760, 0.6999999999999990674, 0.02999999999999905867 ) ) ;
#7924 =( GEOMETRIC_REPRESENTATION_CONTEXT ( 3 ) GLOBAL_UNCERTAINTY_ASSIGNED_CONTEXT ( ( #4091 ) ) GLOBAL_UNIT_ASSIGNED_CONTEXT ( ( #7699, #7191, #7014 ) ) REPRESENTATION_CONTEXT ( 'NONE', 'WORKASPACE' ) );
#7925 = DIRECTION ( 'NONE',  ( 0.0000000000000000000, 2.289834988289389802E-16, 1.000000000000000000 ) ) ;
#7926 = LINE ( 'NONE', #1189, #1274 ) ;
#7927 = FILL_AREA_STYLE ('',( #1115 ) ) ;
#7928 = VECTOR ( 'NONE', #532, 1000.000000000000000 ) ;
#7929 = DIRECTION ( 'NONE',  ( 1.000000000000000000, -5.243344273594249610E-32, -2.289834988289389802E-16 ) ) ;
#7930 = DIRECTION ( 'NONE',  ( 1.000000000000000000, -5.243344273594249610E-32, -2.289834988289389802E-16 ) ) ;
#7931 = UNCERTAINTY_MEASURE_WITH_UNIT (LENGTH_MEASURE( 1.000000000000000082E-05 ), #2180, 'distance_accuracy_value', 'NONE');
#7932 = ORIENTED_EDGE ( 'NONE', *, *, #7334, .T. ) ;
#7933 = VECTOR ( 'NONE', #6367, 1000.000000000000000 ) ;
#7934 = ADVANCED_FACE ( 'NONE', ( #95 ), #5140, .F. ) ;
#7935 = VECTOR ( 'NONE', #6730, 1000.000000000000000 ) ;
#7936 = DIRECTION ( 'NONE',  ( -1.000000000000000000, -5.064598682745559595E-17, 2.171725397418661469E-16 ) ) ;
#7937 =( GEOMETRIC_REPRESENTATION_CONTEXT ( 3 ) GLOBAL_UNCERTAINTY_ASSIGNED_CONTEXT ( ( #4959 ) ) GLOBAL_UNIT_ASSIGNED_CONTEXT ( ( #3303, #7571, #3915 ) ) REPRESENTATION_CONTEXT ( 'NONE', 'WORKASPACE' ) );
#7938 = CARTESIAN_POINT ( 'NONE',  ( -2.265000000000000568, -1.780000000000001137, 0.8933333333333342008 ) ) ;
#7939 =( LENGTH_UNIT ( ) NAMED_UNIT ( * ) SI_UNIT ( .MILLI., .METRE. ) );
#7940 = DIRECTION ( 'NONE',  ( 5.243344273594249610E-32, 1.000000000000000000, -1.200639317332292868E-47 ) ) ;
#7941 = VERTEX_POINT ( 'NONE', #815 ) ;
#7942 = PLANE ( 'NONE',  #2258 ) ;
#7943 = ORIENTED_EDGE ( 'NONE', *, *, #4623, .F. ) ;
#7944 =( LENGTH_UNIT ( ) NAMED_UNIT ( * ) SI_UNIT ( .MILLI., .METRE. ) );
#7945 = DIRECTION ( 'NONE',  ( -2.289834988289389802E-16, 0.0000000000000000000, -1.000000000000000000 ) ) ;
#7946 = DIRECTION ( 'NONE',  ( -2.289834988289389802E-16, 0.0000000000000000000, -1.000000000000000000 ) ) ;
#7947 = EDGE_CURVE ( 'NONE', #6400, #7639, #6705, .T. ) ;
#7948 = EDGE_CURVE ( 'NONE', #3840, #4093, #3262, .T. ) ;
#7949 = AXIS2_PLACEMENT_3D ( 'NONE', #7647, #5203, #1517 ) ;
#7950 = EDGE_LOOP ( 'NONE', ( #6141, #2159, #5524, #3392 ) ) ;
#7951 = ORIENTED_EDGE ( 'NONE', *, *, #1621, .F. ) ;
#7952 = LINE ( 'NONE', #614, #6305 ) ;
#7953 = CARTESIAN_POINT ( 'NONE',  ( 2.765000000000000124, -1.749999999999990008, 0.3978428499183350175 ) ) ;
#7954 = LINE ( 'NONE', #2097, #6306 ) ;
#7955 = CARTESIAN_POINT ( 'NONE',  ( -2.265000000000000568, -1.200000000000000178, 0.2999999999999991562 ) ) ;
#7956 = ADVANCED_FACE ( 'NONE', ( #3445 ), #842, .T. ) ;
#7957 = ORIENTED_EDGE ( 'NONE', *, *, #4147, .T. ) ;
#7958 = ORIENTED_EDGE ( 'NONE', *, *, #3851, .F. ) ;
#7959 = CARTESIAN_POINT ( 'NONE',  ( 0.3250000000000020095, 1.245779075397750235, 0.1705002310154649925 ) ) ;
#7960 = AXIS2_PLACEMENT_3D ( 'NONE', #2105, #7654, #3980 ) ;
#7961 = EDGE_CURVE ( 'NONE', #335, #3914, #7954, .T. ) ;
#7962 = CARTESIAN_POINT ( 'NONE',  ( -0.6749999999999980460, 0.9431866336109966387, 0.06541154699933854344 ) ) ;
#7963 = VECTOR ( 'NONE', #3057, 1000.000000000000000 ) ;
#7964 = DIRECTION ( 'NONE',  ( 2.439197797730288502E-32, -1.000000000000000000, 1.065228634467009955E-16 ) ) ;
#7965 = EDGE_LOOP ( 'NONE', ( #328, #2068, #4420, #1107 ) ) ;
#7966 = ORIENTED_EDGE ( 'NONE', *, *, #5156, .T. ) ;
#7967 = DIRECTION ( 'NONE',  ( -1.000000000000000000, -0.0000000000000000000, -0.0000000000000000000 ) ) ;
#7968 = VERTEX_POINT ( 'NONE', #2735 ) ;
#7969 = DIRECTION ( 'NONE',  ( 1.000000000000000000, 0.0000000000000000000, -2.289834988289389802E-16 ) ) ;
#7970 = VECTOR ( 'NONE', #2715, 1000.000000000000000 ) ;
#7972 = AXIS2_PLACEMENT_3D ( 'NONE', #6382, #199, #4532 ) ;
#7971 = CARTESIAN_POINT ( 'NONE',  ( -0.9250000000000000444, 0.9999999999999988898, 0.05499999999999929251 ) ) ;
#7973 = LINE ( 'NONE', #5792, #1616 ) ;
#7974 = VERTEX_POINT ( 'NONE', #3373 ) ;
#7975 = MECHANICAL_DESIGN_GEOMETRIC_PRESENTATION_REPRESENTATION (  '', ( #6745 ), #360 ) ;
#7976 = ORIENTED_EDGE ( 'NONE', *, *, #7334, .F. ) ;
#7977 = EDGE_LOOP ( 'NONE', ( #7203, #4295, #5794, #5477 ) ) ;
#7978 = EDGE_CURVE ( 'NONE', #4665, #2059, #3069, .T. ) ;
#7979 = ORIENTED_EDGE ( 'NONE', *, *, #3656, .F. ) ;
#7980 = ADVANCED_FACE ( 'NONE', ( #1390 ), #868, .T. ) ;
#7981 = ORIENTED_EDGE ( 'NONE', *, *, #1771, .T. ) ;
#7982 = CARTESIAN_POINT ( 'NONE',  ( 3.325000000000000178, 0.9999999999999988898, 0.3099999999999999978 ) ) ;
#7983 = VECTOR ( 'NONE', #1443, 1000.000000000000000 ) ;
#7984 = VERTEX_POINT ( 'NONE', #7047 ) ;
#7985 = DIRECTION ( 'NONE',  ( 1.000000000000000000, 0.0000000000000000000, -2.289834988289389802E-16 ) ) ;
#7986 = ORIENTED_EDGE ( 'NONE', *, *, #1388, .T. ) ;
#7987 = LINE ( 'NONE', #1908, #4492 ) ;
#7988 = DIRECTION ( 'NONE',  ( -1.000000000000000000, 5.243344273594249610E-32, 2.289834988289389802E-16 ) ) ;
#7989 = DIRECTION ( 'NONE',  ( 1.000000000000000000, -5.243344273594249610E-32, -2.289834988289389802E-16 ) ) ;
#7990 = FACE_OUTER_BOUND ( 'NONE', #7594, .T. ) ;
#7991 = AXIS2_PLACEMENT_3D ( 'NONE', #1825, #1918, #1323 ) ;
#7992 = ORIENTED_EDGE ( 'NONE', *, *, #594, .T. ) ;
#7993 = LINE ( 'NONE', #4063, #1433 ) ;
#7994 = CARTESIAN_POINT ( 'NONE',  ( -2.452500000000000568, -0.8000000000000014877, 0.1300000000000005596 ) ) ;
#7995 = CARTESIAN_POINT ( 'NONE',  ( 0.6750000000000010436, 1.350000000000000089, 0.1099999999999980022 ) ) ;
#7996 = FACE_OUTER_BOUND ( 'NONE', #985, .T. ) ;
#7997 = CYLINDRICAL_SURFACE ( 'NONE', #6409, 0.02999999999999989828 ) ;
#7998 = DIRECTION ( 'NONE',  ( 0.0000000000000000000, 0.7071067811865980879, 0.7071067811864969466 ) ) ;
#7999 = ADVANCED_FACE ( 'NONE', ( #2863 ), #5813, .F. ) ;
#8000 = PLANE ( 'NONE',  #2904 ) ;
#8001 = ORIENTED_EDGE ( 'NONE', *, *, #5752, .T. ) ;
#8002 = VECTOR ( 'NONE', #4773, 1000.000000000000000 ) ;
#8003 = LINE ( 'NONE', #6320, #6364 ) ;
#8004 = VECTOR ( 'NONE', #990, 1000.000000000000000 ) ;
#8005 = DIRECTION ( 'NONE',  ( -2.289834988289389802E-16, 0.0000000000000000000, -1.000000000000000000 ) ) ;
#8006 = VERTEX_POINT ( 'NONE', #2757 ) ;
#8007 = VECTOR ( 'NONE', #813, 1000.000000000000000 ) ;
#8008 = DIRECTION ( 'NONE',  ( -6.123031769111880128E-17, 6.123031769111880128E-17, -1.000000000000000000 ) ) ;
#8009 = EDGE_CURVE ( 'NONE', #3015, #106, #4457, .T. ) ;
#8010 = EDGE_CURVE ( 'NONE', #5214, #5779, #1187, .T. ) ;
#8011 = CARTESIAN_POINT ( 'NONE',  ( -2.765000000000000124, -1.464196000000000053, 0.3700000000000010503 ) ) ;
#8012 = PRESENTATION_STYLE_ASSIGNMENT (( #6973 ) ) ;
#8013 = VERTEX_POINT ( 'NONE', #896 ) ;
#8014 = CARTESIAN_POINT ( 'NONE',  ( -2.719999999999999751, 0.5100000000000000089, 0.9400000000000002798 ) ) ;
#8015 = ADVANCED_FACE ( 'NONE', ( #4655 ), #6474, .T. ) ;
#8016 = ADVANCED_FACE ( 'NONE', ( #5920 ), #5226, .T. ) ;
#8017 = AXIS2_PLACEMENT_3D ( 'NONE', #3517, #7798, #4113 ) ;
#8018 = EDGE_CURVE ( 'NONE', #6631, #983, #2063, .T. ) ;
#8019 = CARTESIAN_POINT ( 'NONE',  ( 2.265000000000000568, -1.199999999999999956, 0.7199999999999988631 ) ) ;
#8020 = FACE_OUTER_BOUND ( 'NONE', #4198, .T. ) ;
#8021 = DIRECTION ( 'NONE',  ( -2.289834988289389802E-16, 0.0000000000000000000, -1.000000000000000000 ) ) ;
#8022 = EDGE_CURVE ( 'NONE', #5714, #7418, #3729, .T. ) ;
#8023 = CARTESIAN_POINT ( 'NONE',  ( 2.765000000000000124, -1.824999999999989964, 0.3699999999999989964 ) ) ;
#8024 = PLANE ( 'NONE',  #3721 ) ;
#8025 = ORIENTED_EDGE ( 'NONE', *, *, #7289, .T. ) ;
#8026 = VECTOR ( 'NONE', #2728, 1000.000000000000000 ) ;
#8027 = CARTESIAN_POINT ( 'NONE',  ( 0.6750000000000010436, 1.249999999999988232, 3.546244605838006716E-16 ) ) ;
#8028 = MECHANICAL_DESIGN_GEOMETRIC_PRESENTATION_REPRESENTATION (  '', ( #6803 ), #420 ) ;
#8029 = DIRECTION ( 'NONE',  ( -1.000000000000000000, -0.0000000000000000000, 2.289834988289389802E-16 ) ) ;
#8030 = ORIENTED_EDGE ( 'NONE', *, *, #51, .F. ) ;
#8031 = CARTESIAN_POINT ( 'NONE',  ( 1.162500000000000089, 0.9199999999999990408, 0.07999999999999871103 ) ) ;
#8032 = LINE ( 'NONE', #2725, #5138 ) ;
#8033 = CARTESIAN_POINT ( 'NONE',  ( -2.765000000000000124, -1.799999999999990274, 0.4700000000000009726 ) ) ;
#8034 = ORIENTED_EDGE ( 'NONE', *, *, #5427, .F. ) ;
#8035 = ORIENTED_EDGE ( 'NONE', *, *, #7374, .T. ) ;
#8036 = MECHANICAL_DESIGN_GEOMETRIC_PRESENTATION_REPRESENTATION (  '', ( #6810 ), #430 ) ;
#8037 = VECTOR ( 'NONE', #7660, 1000.000000000000000 ) ;
#8038 = DIRECTION ( 'NONE',  ( 2.804146475863970139E-32, 1.000000000000000000, -1.065228634467009955E-16 ) ) ;
#8039 = DIRECTION ( 'NONE',  ( -1.000000000000000000, 1.099120794378904102E-16, 8.243405957841780459E-17 ) ) ;
#8040 = DIRECTION ( 'NONE',  ( 2.439197797730288502E-32, -1.000000000000000000, 1.065228634467009955E-16 ) ) ;
#8041 = DIRECTION ( 'NONE',  ( -0.0000000000000000000, -1.065228634467009955E-16, -1.000000000000000000 ) ) ;
#8042 = ORIENTED_EDGE ( 'NONE', *, *, #4297, .T. ) ;
#8043 = EDGE_LOOP ( 'NONE', ( #5318, #223, #991, #2732 ) ) ;
ENDSEC;
END-ISO-10303-21;
