ISO-10303-21;
HEADER;

/* File generated by Shapr3D Version 5.910.9193.0 */

FILE_DESCRIPTION(('HOOPS Exchange Step'),'2;1');

FILE_NAME('C:\\Users\\Nhatkhongbuon\\AppData\\Local\\Packages\\Shapr3D.Shapr3D_dvv5p1vgwv6mp\\TempState\\export\\temp_export',
'2025-07-30T11:01:33+07:00',
('Nhatkhongbuon'),
('Shapr3D Limited'),
'HOOPS Exchange 2024.8',
'Shapr3D',
'Authorized');

FILE_SCHEMA( ('AP242_MANAGED_MODEL_BASED_3D_ENGINEERING_MIM_LF {1 0 10303 442 1 1 4}') );

ENDSEC;

DATA;
#3=(NAMED_UNIT(*)PLANE_ANGLE_UNIT()SI_UNIT($,.RADIAN.));
#4=PLANE_ANGLE_MEASURE_WITH_UNIT(PLANE_ANGLE_MEASURE(0.0174532925),#3);
#5=(CONVERSION_BASED_UNIT('DEGREE',#4)NAMED_UNIT(#6)PLANE_ANGLE_UNIT());
#6=DIMENSIONAL_EXPONENTS(0.,0.,0.,0.,0.,0.,0.);
#7=(NAMED_UNIT(*)SI_UNIT($,.STERADIAN.)SOLID_ANGLE_UNIT());
#8=(LENGTH_UNIT()NAMED_UNIT(*)SI_UNIT(.MILLI.,.METRE.));
#9=UNCERTAINTY_MEASURE_WITH_UNIT(LENGTH_MEASURE(1.000000E-03),#8,'DISTANCE_ACCURACY_VALUE','Maximum Tolerance applied to model');
#10=(GEOMETRIC_REPRESENTATION_CONTEXT(3)GLOBAL_UNCERTAINTY_ASSIGNED_CONTEXT((#9))GLOBAL_UNIT_ASSIGNED_CONTEXT((#8,#5,#7))REPRESENTATION_CONTEXT('','root'));
#12=CARTESIAN_POINT('',(0.,0.,0.));
#13=DIRECTION('',(0.,0.,1.));
#14=DIRECTION('',(1.,0.,0.));
#15=AXIS2_PLACEMENT_3D('',#12,#13,#14);
#26=(NAMED_UNIT(*)PLANE_ANGLE_UNIT()SI_UNIT($,.RADIAN.));
#27=PLANE_ANGLE_MEASURE_WITH_UNIT(PLANE_ANGLE_MEASURE(0.0174532925),#26);
#28=(CONVERSION_BASED_UNIT('DEGREE',#27)NAMED_UNIT(#29)PLANE_ANGLE_UNIT());
#29=DIMENSIONAL_EXPONENTS(0.,0.,0.,0.,0.,0.,0.);
#30=(NAMED_UNIT(*)SI_UNIT($,.STERADIAN.)SOLID_ANGLE_UNIT());
#31=(LENGTH_UNIT()NAMED_UNIT(*)SI_UNIT(.MILLI.,.METRE.));
#32=UNCERTAINTY_MEASURE_WITH_UNIT(LENGTH_MEASURE(1.000000E-05),#31,'DISTANCE_ACCURACY_VALUE','Maximum Tolerance applied to model');
#33=(GEOMETRIC_REPRESENTATION_CONTEXT(3)GLOBAL_UNCERTAINTY_ASSIGNED_CONTEXT((#32))GLOBAL_UNIT_ASSIGNED_CONTEXT((#31,#28,#30))REPRESENTATION_CONTEXT('','SSSS811101.STEP'));
#45=CARTESIAN_POINT('',(0.,0.,0.));
#46=DIRECTION('',(0.,0.,1.));
#47=DIRECTION('',(1.,0.,-0.));
#48=AXIS2_PLACEMENT_3D('',#45,#46,#47);
#49=ITEM_DEFINED_TRANSFORMATION('','',#48,#15);
#50=(REPRESENTATION_RELATIONSHIP('','',#35,#16)REPRESENTATION_RELATIONSHIP_WITH_TRANSFORMATION(#49)SHAPE_REPRESENTATION_RELATIONSHIP());
#51=NEXT_ASSEMBLY_USAGE_OCCURRENCE('SSSS811101.STEP_1','SSSS811101.STEP','SSSS811101.STEP',#25,#44,$);
#52=PRODUCT_DEFINITION_SHAPE('','',#51);
#53=CONTEXT_DEPENDENT_SHAPE_REPRESENTATION(#50,#52);
#55=CARTESIAN_POINT('',(3.35,0.75,-0.15));
#56=DIRECTION('',(1.,0.,0.));
#57=DIRECTION('',(-0.,0.,1.));
#58=AXIS2_PLACEMENT_3D('',#55,#56,#57);
#59=PLANE('',#58);
#60=CARTESIAN_POINT('',(3.35,-0.55,0.55));
#61=VERTEX_POINT('',#60);
#62=CARTESIAN_POINT('',(3.35,-0.55,0.1));
#63=VERTEX_POINT('',#62);
#64=CARTESIAN_POINT('',(3.35,-0.55,0.55));
#65=DIRECTION('',(0.,-0.,-1.));
#66=VECTOR('',#65,0.45);
#67=LINE('',#64,#66);
#68=EDGE_CURVE('NONE',#61,#63,#67,.T.);
#69=ORIENTED_EDGE('',*,*,#68,.T.);
#70=CARTESIAN_POINT('',(3.35,-0.15,0.1));
#71=VERTEX_POINT('',#70);
#72=CARTESIAN_POINT('',(3.35,-0.15,0.1));
#73=DIRECTION('',(0.,-1.,-0.));
#74=VECTOR('',#73,0.4);
#75=LINE('',#72,#74);
#76=EDGE_CURVE('NONE',#71,#63,#75,.T.);
#77=ORIENTED_EDGE('',*,*,#76,.F.);
#78=CARTESIAN_POINT('',(3.35,-0.15,0.15));
#79=VERTEX_POINT('',#78);
#80=CARTESIAN_POINT('',(3.35,-0.15,0.15));
#81=DIRECTION('',(0.,-0.,-1.));
#82=VECTOR('',#81,0.05);
#83=LINE('',#80,#82);
#84=EDGE_CURVE('NONE',#79,#71,#83,.T.);
#85=ORIENTED_EDGE('',*,*,#84,.F.);
#86=CARTESIAN_POINT('',(3.35,-0.1,0.15));
#87=VERTEX_POINT('',#86);
#88=CARTESIAN_POINT('',(3.35,-0.1,0.15));
#89=DIRECTION('',(0.,-1.,0.));
#90=VECTOR('',#89,0.05);
#91=LINE('',#88,#90);
#92=EDGE_CURVE('NONE',#87,#79,#91,.T.);
#93=ORIENTED_EDGE('',*,*,#92,.F.);
#94=CARTESIAN_POINT('',(3.35,-0.1,-0.15));
#95=VERTEX_POINT('',#94);
#96=CARTESIAN_POINT('',(3.35,-0.1,0.15));
#97=DIRECTION('',(0.,-0.,-1.));
#98=VECTOR('',#97,0.3);
#99=LINE('',#96,#98);
#100=EDGE_CURVE('NONE',#87,#95,#99,.T.);
#101=ORIENTED_EDGE('',*,*,#100,.T.);
#102=CARTESIAN_POINT('',(3.35,1.6,-0.15));
#103=VERTEX_POINT('',#102);
#104=CARTESIAN_POINT('',(3.35,1.6,-0.15));
#105=DIRECTION('',(0.,-1.,0.));
#106=VECTOR('',#105,1.7);
#107=LINE('',#104,#106);
#108=EDGE_CURVE('NONE',#103,#95,#107,.T.);
#109=ORIENTED_EDGE('',*,*,#108,.F.);
#110=CARTESIAN_POINT('',(3.35,1.6,0.15));
#111=VERTEX_POINT('',#110);
#112=CARTESIAN_POINT('',(3.35,1.6,0.15));
#113=DIRECTION('',(0.,-0.,-1.));
#114=VECTOR('',#113,0.3);
#115=LINE('',#112,#114);
#116=EDGE_CURVE('NONE',#111,#103,#115,.T.);
#117=ORIENTED_EDGE('',*,*,#116,.F.);
#118=CARTESIAN_POINT('',(3.35,1.65,0.15));
#119=VERTEX_POINT('',#118);
#120=CARTESIAN_POINT('',(3.35,1.65,0.15));
#121=DIRECTION('',(0.,-1.,0.));
#122=VECTOR('',#121,0.05);
#123=LINE('',#120,#122);
#124=EDGE_CURVE('NONE',#119,#111,#123,.T.);
#125=ORIENTED_EDGE('',*,*,#124,.F.);
#126=CARTESIAN_POINT('',(3.35,1.65,0.1));
#127=VERTEX_POINT('',#126);
#128=CARTESIAN_POINT('',(3.35,1.65,0.15));
#129=DIRECTION('',(0.,-0.,-1.));
#130=VECTOR('',#129,0.05);
#131=LINE('',#128,#130);
#132=EDGE_CURVE('NONE',#119,#127,#131,.T.);
#133=ORIENTED_EDGE('',*,*,#132,.T.);
#134=CARTESIAN_POINT('',(3.35,2.05,0.1));
#135=VERTEX_POINT('',#134);
#136=CARTESIAN_POINT('',(3.35,2.05,0.1));
#137=DIRECTION('',(-0.,-1.,-0.));
#138=VECTOR('',#137,0.4);
#139=LINE('',#136,#138);
#140=EDGE_CURVE('NONE',#135,#127,#139,.T.);
#141=ORIENTED_EDGE('',*,*,#140,.F.);
#142=CARTESIAN_POINT('',(3.35,2.05,0.55));
#143=VERTEX_POINT('',#142);
#144=CARTESIAN_POINT('',(3.35,2.05,0.55));
#145=DIRECTION('',(-0.,-0.,-1.));
#146=VECTOR('',#145,0.45);
#147=LINE('',#144,#146);
#148=EDGE_CURVE('NONE',#143,#135,#147,.T.);
#149=ORIENTED_EDGE('',*,*,#148,.F.);
#150=CARTESIAN_POINT('',(3.35,1.5,0.55));
#151=VERTEX_POINT('',#150);
#152=CARTESIAN_POINT('',(3.35,2.05,0.55));
#153=DIRECTION('',(0.,-1.,0.));
#154=VECTOR('',#153,0.55);
#155=LINE('',#152,#154);
#156=EDGE_CURVE('NONE',#143,#151,#155,.T.);
#157=ORIENTED_EDGE('',*,*,#156,.T.);
#158=CARTESIAN_POINT('',(3.35,1.5,0.9));
#159=VERTEX_POINT('',#158);
#160=CARTESIAN_POINT('',(3.35,1.5,0.9));
#161=DIRECTION('',(-0.,-0.,-1.));
#162=VECTOR('',#161,0.35);
#163=LINE('',#160,#162);
#164=EDGE_CURVE('NONE',#159,#151,#163,.T.);
#165=ORIENTED_EDGE('',*,*,#164,.F.);
#166=CARTESIAN_POINT('',(3.35,0.,0.9));
#167=VERTEX_POINT('',#166);
#168=CARTESIAN_POINT('',(3.35,1.5,0.9));
#169=DIRECTION('',(0.,-1.,0.));
#170=VECTOR('',#169,1.5);
#171=LINE('',#168,#170);
#172=EDGE_CURVE('NONE',#159,#167,#171,.T.);
#173=ORIENTED_EDGE('',*,*,#172,.T.);
#174=CARTESIAN_POINT('',(3.35,0.,0.55));
#175=VERTEX_POINT('',#174);
#176=CARTESIAN_POINT('',(3.35,0.,0.55));
#177=DIRECTION('',(0.,0.,1.));
#178=VECTOR('',#177,0.35);
#179=LINE('',#176,#178);
#180=EDGE_CURVE('NONE',#175,#167,#179,.T.);
#181=ORIENTED_EDGE('',*,*,#180,.F.);
#182=CARTESIAN_POINT('',(3.35,0.,0.55));
#183=DIRECTION('',(0.,-1.,0.));
#184=VECTOR('',#183,0.55);
#185=LINE('',#182,#184);
#186=EDGE_CURVE('NONE',#175,#61,#185,.T.);
#187=ORIENTED_EDGE('',*,*,#186,.T.);
#188=EDGE_LOOP('',(#69,#77,#85,#93,#101,#109,#117,#125,#133,#141,#149,#157,#165,#173,#181,#187));
#189=FACE_BOUND('',#188,.T.);
#190=ADVANCED_FACE('NONE',(#189),#59,.T.);
#191=CARTESIAN_POINT('',(3.15,0.75,-0.15));
#192=DIRECTION('',(1.,0.,0.));
#193=DIRECTION('',(-0.,0.,1.));
#194=AXIS2_PLACEMENT_3D('',#191,#192,#193);
#195=PLANE('',#194);
#196=CARTESIAN_POINT('',(3.15,-0.15,0.1));
#197=VERTEX_POINT('',#196);
#198=CARTESIAN_POINT('',(3.15,-0.55,0.1));
#199=VERTEX_POINT('',#198);
#200=CARTESIAN_POINT('',(3.15,-0.15,0.1));
#201=DIRECTION('',(0.,-1.,0.));
#202=VECTOR('',#201,0.4);
#203=LINE('',#200,#202);
#204=EDGE_CURVE('NONE',#197,#199,#203,.T.);
#205=ORIENTED_EDGE('',*,*,#204,.T.);
#206=CARTESIAN_POINT('',(3.15,-0.55,0.55));
#207=VERTEX_POINT('',#206);
#208=CARTESIAN_POINT('',(3.15,-0.55,0.55));
#209=DIRECTION('',(-0.,-0.,-1.));
#210=VECTOR('',#209,0.45);
#211=LINE('',#208,#210);
#212=EDGE_CURVE('NONE',#207,#199,#211,.T.);
#213=ORIENTED_EDGE('',*,*,#212,.F.);
#214=CARTESIAN_POINT('',(3.15,0.,0.55));
#215=VERTEX_POINT('',#214);
#216=CARTESIAN_POINT('',(3.15,-0.55,0.55));
#217=DIRECTION('',(-0.,1.,-0.));
#218=VECTOR('',#217,0.55);
#219=LINE('',#216,#218);
#220=EDGE_CURVE('NONE',#207,#215,#219,.T.);
#221=ORIENTED_EDGE('',*,*,#220,.T.);
#222=CARTESIAN_POINT('',(3.15,0.,0.9));
#223=VERTEX_POINT('',#222);
#224=CARTESIAN_POINT('',(3.15,0.,0.55));
#225=DIRECTION('',(-0.,0.,1.));
#226=VECTOR('',#225,0.35);
#227=LINE('',#224,#226);
#228=EDGE_CURVE('NONE',#215,#223,#227,.T.);
#229=ORIENTED_EDGE('',*,*,#228,.T.);
#230=CARTESIAN_POINT('',(3.15,1.5,0.9));
#231=VERTEX_POINT('',#230);
#232=CARTESIAN_POINT('',(3.15,1.5,0.9));
#233=DIRECTION('',(0.,-1.,0.));
#234=VECTOR('',#233,1.5);
#235=LINE('',#232,#234);
#236=EDGE_CURVE('NONE',#231,#223,#235,.T.);
#237=ORIENTED_EDGE('',*,*,#236,.F.);
#238=CARTESIAN_POINT('',(3.15,1.5,0.55));
#239=VERTEX_POINT('',#238);
#240=CARTESIAN_POINT('',(3.15,1.5,0.9));
#241=DIRECTION('',(0.,-0.,-1.));
#242=VECTOR('',#241,0.35);
#243=LINE('',#240,#242);
#244=EDGE_CURVE('NONE',#231,#239,#243,.T.);
#245=ORIENTED_EDGE('',*,*,#244,.T.);
#246=CARTESIAN_POINT('',(3.15,2.05,0.55));
#247=VERTEX_POINT('',#246);
#248=CARTESIAN_POINT('',(3.15,1.5,0.55));
#249=DIRECTION('',(-0.,1.,-0.));
#250=VECTOR('',#249,0.55);
#251=LINE('',#248,#250);
#252=EDGE_CURVE('NONE',#239,#247,#251,.T.);
#253=ORIENTED_EDGE('',*,*,#252,.T.);
#254=CARTESIAN_POINT('',(3.15,2.05,0.1));
#255=VERTEX_POINT('',#254);
#256=CARTESIAN_POINT('',(3.15,2.05,0.55));
#257=DIRECTION('',(0.,-0.,-1.));
#258=VECTOR('',#257,0.45);
#259=LINE('',#256,#258);
#260=EDGE_CURVE('NONE',#247,#255,#259,.T.);
#261=ORIENTED_EDGE('',*,*,#260,.T.);
#262=CARTESIAN_POINT('',(3.15,1.65,0.1));
#263=VERTEX_POINT('',#262);
#264=CARTESIAN_POINT('',(3.15,2.05,0.1));
#265=DIRECTION('',(0.,-1.,0.));
#266=VECTOR('',#265,0.4);
#267=LINE('',#264,#266);
#268=EDGE_CURVE('NONE',#255,#263,#267,.T.);
#269=ORIENTED_EDGE('',*,*,#268,.T.);
#270=CARTESIAN_POINT('',(3.15,1.65,0.15));
#271=VERTEX_POINT('',#270);
#272=CARTESIAN_POINT('',(3.15,1.65,0.15));
#273=DIRECTION('',(0.,-0.,-1.));
#274=VECTOR('',#273,0.05);
#275=LINE('',#272,#274);
#276=EDGE_CURVE('NONE',#271,#263,#275,.T.);
#277=ORIENTED_EDGE('',*,*,#276,.F.);
#278=CARTESIAN_POINT('',(3.15,1.6,0.15));
#279=VERTEX_POINT('',#278);
#280=CARTESIAN_POINT('',(3.15,1.6,0.15));
#281=DIRECTION('',(-0.,1.,-0.));
#282=VECTOR('',#281,0.05);
#283=LINE('',#280,#282);
#284=EDGE_CURVE('NONE',#279,#271,#283,.T.);
#285=ORIENTED_EDGE('',*,*,#284,.F.);
#286=CARTESIAN_POINT('',(3.15,1.6,-0.15));
#287=VERTEX_POINT('',#286);
#288=CARTESIAN_POINT('',(3.15,1.6,0.15));
#289=DIRECTION('',(0.,-0.,-1.));
#290=VECTOR('',#289,0.3);
#291=LINE('',#288,#290);
#292=EDGE_CURVE('NONE',#279,#287,#291,.T.);
#293=ORIENTED_EDGE('',*,*,#292,.T.);
#294=CARTESIAN_POINT('',(3.15,-0.1,-0.15));
#295=VERTEX_POINT('',#294);
#296=CARTESIAN_POINT('',(3.15,1.6,-0.15));
#297=DIRECTION('',(0.,-1.,0.));
#298=VECTOR('',#297,1.7);
#299=LINE('',#296,#298);
#300=EDGE_CURVE('NONE',#287,#295,#299,.T.);
#301=ORIENTED_EDGE('',*,*,#300,.T.);
#302=CARTESIAN_POINT('',(3.15,-0.1,0.15));
#303=VERTEX_POINT('',#302);
#304=CARTESIAN_POINT('',(3.15,-0.1,0.15));
#305=DIRECTION('',(0.,-0.,-1.));
#306=VECTOR('',#305,0.3);
#307=LINE('',#304,#306);
#308=EDGE_CURVE('NONE',#303,#295,#307,.T.);
#309=ORIENTED_EDGE('',*,*,#308,.F.);
#310=CARTESIAN_POINT('',(3.15,-0.15,0.15));
#311=VERTEX_POINT('',#310);
#312=CARTESIAN_POINT('',(3.15,-0.15,0.15));
#313=DIRECTION('',(-0.,1.,-0.));
#314=VECTOR('',#313,0.05);
#315=LINE('',#312,#314);
#316=EDGE_CURVE('NONE',#311,#303,#315,.T.);
#317=ORIENTED_EDGE('',*,*,#316,.F.);
#318=CARTESIAN_POINT('',(3.15,-0.15,0.15));
#319=DIRECTION('',(0.,-0.,-1.));
#320=VECTOR('',#319,0.05);
#321=LINE('',#318,#320);
#322=EDGE_CURVE('NONE',#311,#197,#321,.T.);
#323=ORIENTED_EDGE('',*,*,#322,.T.);
#324=EDGE_LOOP('',(#205,#213,#221,#229,#237,#245,#253,#261,#269,#277,#285,#293,#301,#309,#317,#323));
#325=FACE_BOUND('',#324,.T.);
#326=ADVANCED_FACE('NONE',(#325),#195,.F.);
#327=CARTESIAN_POINT('',(3.35,-0.15,0.15));
#328=DIRECTION('',(-0.,-1.,0.));
#329=DIRECTION('',(1.,-0.,0.));
#330=AXIS2_PLACEMENT_3D('',#327,#328,#329);
#331=PLANE('',#330);
#332=ORIENTED_EDGE('',*,*,#84,.T.);
#333=CARTESIAN_POINT('',(3.4,-0.15,0.05));
#334=VERTEX_POINT('',#333);
#335=CARTESIAN_POINT('',(3.4,-0.15,0.1));
#336=DIRECTION('',(-0.,1.,0.));
#337=DIRECTION('',(-1.,-0.,0.));
#338=AXIS2_PLACEMENT_3D('',#335,#336,#337);
#339=CIRCLE('',#338,0.05);
#340=EDGE_CURVE('NONE',#334,#71,#339,.T.);
#341=ORIENTED_EDGE('',*,*,#340,.F.);
#342=CARTESIAN_POINT('',(3.85,-0.15,0.05));
#343=VERTEX_POINT('',#342);
#344=CARTESIAN_POINT('',(3.4,-0.15,0.05));
#345=DIRECTION('',(1.,0.,-0.));
#346=VECTOR('',#345,0.45);
#347=LINE('',#344,#346);
#348=EDGE_CURVE('NONE',#334,#343,#347,.T.);
#349=ORIENTED_EDGE('',*,*,#348,.T.);
#350=CARTESIAN_POINT('',(3.85,-0.15,-0.15));
#351=VERTEX_POINT('',#350);
#352=CARTESIAN_POINT('',(3.85,-0.15,-0.15));
#353=DIRECTION('',(-0.,0.,1.));
#354=VECTOR('',#353,0.2);
#355=LINE('',#352,#354);
#356=EDGE_CURVE('NONE',#351,#343,#355,.T.);
#357=ORIENTED_EDGE('',*,*,#356,.F.);
#358=CARTESIAN_POINT('',(3.4,-0.15,-0.15));
#359=VERTEX_POINT('',#358);
#360=CARTESIAN_POINT('',(3.4,-0.15,-0.15));
#361=DIRECTION('',(1.,0.,0.));
#362=VECTOR('',#361,0.45);
#363=LINE('',#360,#362);
#364=EDGE_CURVE('NONE',#359,#351,#363,.T.);
#365=ORIENTED_EDGE('',*,*,#364,.F.);
#366=CARTESIAN_POINT('',(3.4,-0.15,0.1));
#367=DIRECTION('',(-0.,1.,0.));
#368=DIRECTION('',(-1.,-0.,0.));
#369=AXIS2_PLACEMENT_3D('',#366,#367,#368);
#370=CIRCLE('',#369,0.25);
#371=EDGE_CURVE('NONE',#359,#197,#370,.T.);
#372=ORIENTED_EDGE('',*,*,#371,.T.);
#373=ORIENTED_EDGE('',*,*,#322,.F.);
#374=CARTESIAN_POINT('',(3.35,-0.15,0.15));
#375=DIRECTION('',(-1.,-0.,-0.));
#376=VECTOR('',#375,0.2);
#377=LINE('',#374,#376);
#378=EDGE_CURVE('NONE',#79,#311,#377,.T.);
#379=ORIENTED_EDGE('',*,*,#378,.F.);
#380=EDGE_LOOP('',(#332,#341,#349,#357,#365,#372,#373,#379));
#381=FACE_BOUND('',#380,.T.);
#382=ADVANCED_FACE('NONE',(#381),#331,.F.);
#383=CARTESIAN_POINT('',(3.15,2.05,0.55));
#384=DIRECTION('',(0.,1.,-0.));
#385=DIRECTION('',(-1.,0.,0.));
#386=AXIS2_PLACEMENT_3D('',#383,#384,#385);
#387=PLANE('',#386);
#388=ORIENTED_EDGE('',*,*,#148,.T.);
#389=CARTESIAN_POINT('',(3.4,2.05,0.05));
#390=VERTEX_POINT('',#389);
#391=CARTESIAN_POINT('',(3.4,2.05,0.1));
#392=DIRECTION('',(0.,1.,0.));
#393=DIRECTION('',(-1.,0.,-0.));
#394=AXIS2_PLACEMENT_3D('',#391,#392,#393);
#395=CIRCLE('',#394,0.05);
#396=EDGE_CURVE('NONE',#390,#135,#395,.T.);
#397=ORIENTED_EDGE('',*,*,#396,.F.);
#398=CARTESIAN_POINT('',(3.85,2.05,0.05));
#399=VERTEX_POINT('',#398);
#400=CARTESIAN_POINT('',(3.4,2.05,0.05));
#401=DIRECTION('',(1.,-0.,0.));
#402=VECTOR('',#401,0.45);
#403=LINE('',#400,#402);
#404=EDGE_CURVE('NONE',#390,#399,#403,.T.);
#405=ORIENTED_EDGE('',*,*,#404,.T.);
#406=CARTESIAN_POINT('',(3.85,2.05,-0.15));
#407=VERTEX_POINT('',#406);
#408=CARTESIAN_POINT('',(3.85,2.05,-0.15));
#409=DIRECTION('',(-0.,0.,1.));
#410=VECTOR('',#409,0.2);
#411=LINE('',#408,#410);
#412=EDGE_CURVE('NONE',#407,#399,#411,.T.);
#413=ORIENTED_EDGE('',*,*,#412,.F.);
#414=CARTESIAN_POINT('',(3.4,2.05,-0.15));
#415=VERTEX_POINT('',#414);
#416=CARTESIAN_POINT('',(3.4,2.05,-0.15));
#417=DIRECTION('',(1.,0.,0.));
#418=VECTOR('',#417,0.45);
#419=LINE('',#416,#418);
#420=EDGE_CURVE('NONE',#415,#407,#419,.T.);
#421=ORIENTED_EDGE('',*,*,#420,.F.);
#422=CARTESIAN_POINT('',(3.4,2.05,0.1));
#423=DIRECTION('',(0.,1.,0.));
#424=DIRECTION('',(-1.,0.,-0.));
#425=AXIS2_PLACEMENT_3D('',#422,#423,#424);
#426=CIRCLE('',#425,0.25);
#427=EDGE_CURVE('NONE',#415,#255,#426,.T.);
#428=ORIENTED_EDGE('',*,*,#427,.T.);
#429=ORIENTED_EDGE('',*,*,#260,.F.);
#430=CARTESIAN_POINT('',(3.15,2.05,0.55));
#431=DIRECTION('',(1.,-0.,-0.));
#432=VECTOR('',#431,0.2);
#433=LINE('',#430,#432);
#434=EDGE_CURVE('NONE',#247,#143,#433,.T.);
#435=ORIENTED_EDGE('',*,*,#434,.T.);
#436=EDGE_LOOP('',(#388,#397,#405,#413,#421,#428,#429,#435));
#437=FACE_BOUND('',#436,.T.);
#438=ADVANCED_FACE('NONE',(#437),#387,.T.);
#439=CARTESIAN_POINT('',(3.35,1.65,0.15));
#440=DIRECTION('',(0.,1.,-0.));
#441=DIRECTION('',(-1.,0.,-0.));
#442=AXIS2_PLACEMENT_3D('',#439,#440,#441);
#443=PLANE('',#442);
#444=ORIENTED_EDGE('',*,*,#276,.T.);
#445=CARTESIAN_POINT('',(3.4,1.65,-0.15));
#446=VERTEX_POINT('',#445);
#447=CARTESIAN_POINT('',(3.4,1.65,0.1));
#448=DIRECTION('',(-0.,-1.,-0.));
#449=DIRECTION('',(-1.,0.,-0.));
#450=AXIS2_PLACEMENT_3D('',#447,#448,#449);
#451=CIRCLE('',#450,0.25);
#452=EDGE_CURVE('NONE',#263,#446,#451,.T.);
#453=ORIENTED_EDGE('',*,*,#452,.T.);
#454=CARTESIAN_POINT('',(3.85,1.65,-0.15));
#455=VERTEX_POINT('',#454);
#456=CARTESIAN_POINT('',(3.85,1.65,-0.15));
#457=DIRECTION('',(-1.,-0.,-0.));
#458=VECTOR('',#457,0.45);
#459=LINE('',#456,#458);
#460=EDGE_CURVE('NONE',#455,#446,#459,.T.);
#461=ORIENTED_EDGE('',*,*,#460,.F.);
#462=CARTESIAN_POINT('',(3.85,1.65,0.05));
#463=VERTEX_POINT('',#462);
#464=CARTESIAN_POINT('',(3.85,1.65,-0.15));
#465=DIRECTION('',(-0.,0.,1.));
#466=VECTOR('',#465,0.2);
#467=LINE('',#464,#466);
#468=EDGE_CURVE('NONE',#455,#463,#467,.T.);
#469=ORIENTED_EDGE('',*,*,#468,.T.);
#470=CARTESIAN_POINT('',(3.4,1.65,0.05));
#471=VERTEX_POINT('',#470);
#472=CARTESIAN_POINT('',(3.85,1.65,0.05));
#473=DIRECTION('',(-1.,0.,-0.));
#474=VECTOR('',#473,0.45);
#475=LINE('',#472,#474);
#476=EDGE_CURVE('NONE',#463,#471,#475,.T.);
#477=ORIENTED_EDGE('',*,*,#476,.T.);
#478=CARTESIAN_POINT('',(3.4,1.65,0.1));
#479=DIRECTION('',(-0.,-1.,-0.));
#480=DIRECTION('',(-1.,0.,-0.));
#481=AXIS2_PLACEMENT_3D('',#478,#479,#480);
#482=CIRCLE('',#481,0.05);
#483=EDGE_CURVE('NONE',#127,#471,#482,.T.);
#484=ORIENTED_EDGE('',*,*,#483,.F.);
#485=ORIENTED_EDGE('',*,*,#132,.F.);
#486=CARTESIAN_POINT('',(3.15,1.65,0.15));
#487=DIRECTION('',(1.,0.,0.));
#488=VECTOR('',#487,0.2);
#489=LINE('',#486,#488);
#490=EDGE_CURVE('NONE',#271,#119,#489,.T.);
#491=ORIENTED_EDGE('',*,*,#490,.F.);
#492=EDGE_LOOP('',(#444,#453,#461,#469,#477,#484,#485,#491));
#493=FACE_BOUND('',#492,.T.);
#494=ADVANCED_FACE('NONE',(#493),#443,.F.);
#495=CARTESIAN_POINT('',(-3.35,0.75,-0.15));
#496=DIRECTION('',(-1.,0.,0.));
#497=DIRECTION('',(-0.,-0.,-1.));
#498=AXIS2_PLACEMENT_3D('',#495,#496,#497);
#499=PLANE('',#498);
#500=CARTESIAN_POINT('',(-3.35,-0.15,0.15));
#501=VERTEX_POINT('',#500);
#502=CARTESIAN_POINT('',(-3.35,-0.15,0.1));
#503=VERTEX_POINT('',#502);
#504=CARTESIAN_POINT('',(-3.35,-0.15,0.15));
#505=DIRECTION('',(-0.,-0.,-1.));
#506=VECTOR('',#505,0.05);
#507=LINE('',#504,#506);
#508=EDGE_CURVE('NONE',#501,#503,#507,.T.);
#509=ORIENTED_EDGE('',*,*,#508,.T.);
#510=CARTESIAN_POINT('',(-3.35,-0.55,0.1));
#511=VERTEX_POINT('',#510);
#512=CARTESIAN_POINT('',(-3.35,-0.55,0.1));
#513=DIRECTION('',(-0.,1.,-0.));
#514=VECTOR('',#513,0.4);
#515=LINE('',#512,#514);
#516=EDGE_CURVE('NONE',#511,#503,#515,.T.);
#517=ORIENTED_EDGE('',*,*,#516,.F.);
#518=CARTESIAN_POINT('',(-3.35,-0.55,0.55));
#519=VERTEX_POINT('',#518);
#520=CARTESIAN_POINT('',(-3.35,-0.55,0.55));
#521=DIRECTION('',(-0.,-0.,-1.));
#522=VECTOR('',#521,0.45);
#523=LINE('',#520,#522);
#524=EDGE_CURVE('NONE',#519,#511,#523,.T.);
#525=ORIENTED_EDGE('',*,*,#524,.F.);
#526=CARTESIAN_POINT('',(-3.35,0.,0.55));
#527=VERTEX_POINT('',#526);
#528=CARTESIAN_POINT('',(-3.35,-0.55,0.55));
#529=DIRECTION('',(-0.,1.,-0.));
#530=VECTOR('',#529,0.55);
#531=LINE('',#528,#530);
#532=EDGE_CURVE('NONE',#519,#527,#531,.T.);
#533=ORIENTED_EDGE('',*,*,#532,.T.);
#534=CARTESIAN_POINT('',(-3.35,0.,0.9));
#535=VERTEX_POINT('',#534);
#536=CARTESIAN_POINT('',(-3.35,0.,0.9));
#537=DIRECTION('',(-0.,-0.,-1.));
#538=VECTOR('',#537,0.35);
#539=LINE('',#536,#538);
#540=EDGE_CURVE('NONE',#535,#527,#539,.T.);
#541=ORIENTED_EDGE('',*,*,#540,.F.);
#542=CARTESIAN_POINT('',(-3.35,1.5,0.9));
#543=VERTEX_POINT('',#542);
#544=CARTESIAN_POINT('',(-3.35,0.,0.9));
#545=DIRECTION('',(-0.,1.,-0.));
#546=VECTOR('',#545,1.5);
#547=LINE('',#544,#546);
#548=EDGE_CURVE('NONE',#535,#543,#547,.T.);
#549=ORIENTED_EDGE('',*,*,#548,.T.);
#550=CARTESIAN_POINT('',(-3.35,1.5,0.55));
#551=VERTEX_POINT('',#550);
#552=CARTESIAN_POINT('',(-3.35,1.5,0.55));
#553=DIRECTION('',(0.,0.,1.));
#554=VECTOR('',#553,0.35);
#555=LINE('',#552,#554);
#556=EDGE_CURVE('NONE',#551,#543,#555,.T.);
#557=ORIENTED_EDGE('',*,*,#556,.F.);
#558=CARTESIAN_POINT('',(-3.35,2.05,0.55));
#559=VERTEX_POINT('',#558);
#560=CARTESIAN_POINT('',(-3.35,1.5,0.55));
#561=DIRECTION('',(-0.,1.,-0.));
#562=VECTOR('',#561,0.55);
#563=LINE('',#560,#562);
#564=EDGE_CURVE('NONE',#551,#559,#563,.T.);
#565=ORIENTED_EDGE('',*,*,#564,.T.);
#566=CARTESIAN_POINT('',(-3.35,2.05,0.1));
#567=VERTEX_POINT('',#566);
#568=CARTESIAN_POINT('',(-3.35,2.05,0.55));
#569=DIRECTION('',(-0.,-0.,-1.));
#570=VECTOR('',#569,0.45);
#571=LINE('',#568,#570);
#572=EDGE_CURVE('NONE',#559,#567,#571,.T.);
#573=ORIENTED_EDGE('',*,*,#572,.T.);
#574=CARTESIAN_POINT('',(-3.35,1.65,0.1));
#575=VERTEX_POINT('',#574);
#576=CARTESIAN_POINT('',(-3.35,1.65,0.1));
#577=DIRECTION('',(-0.,1.,-0.));
#578=VECTOR('',#577,0.4);
#579=LINE('',#576,#578);
#580=EDGE_CURVE('NONE',#575,#567,#579,.T.);
#581=ORIENTED_EDGE('',*,*,#580,.F.);
#582=CARTESIAN_POINT('',(-3.35,1.65,0.15));
#583=VERTEX_POINT('',#582);
#584=CARTESIAN_POINT('',(-3.35,1.65,0.15));
#585=DIRECTION('',(-0.,-0.,-1.));
#586=VECTOR('',#585,0.05);
#587=LINE('',#584,#586);
#588=EDGE_CURVE('NONE',#583,#575,#587,.T.);
#589=ORIENTED_EDGE('',*,*,#588,.F.);
#590=CARTESIAN_POINT('',(-3.35,1.6,0.15));
#591=VERTEX_POINT('',#590);
#592=CARTESIAN_POINT('',(-3.35,1.6,0.15));
#593=DIRECTION('',(-0.,1.,-0.));
#594=VECTOR('',#593,0.05);
#595=LINE('',#592,#594);
#596=EDGE_CURVE('NONE',#591,#583,#595,.T.);
#597=ORIENTED_EDGE('',*,*,#596,.F.);
#598=CARTESIAN_POINT('',(-3.35,1.6,-0.15));
#599=VERTEX_POINT('',#598);
#600=CARTESIAN_POINT('',(-3.35,1.6,0.15));
#601=DIRECTION('',(-0.,-0.,-1.));
#602=VECTOR('',#601,0.3);
#603=LINE('',#600,#602);
#604=EDGE_CURVE('NONE',#591,#599,#603,.T.);
#605=ORIENTED_EDGE('',*,*,#604,.T.);
#606=CARTESIAN_POINT('',(-3.35,-0.1,-0.15));
#607=VERTEX_POINT('',#606);
#608=CARTESIAN_POINT('',(-3.35,-0.1,-0.15));
#609=DIRECTION('',(-0.,1.,-0.));
#610=VECTOR('',#609,1.7);
#611=LINE('',#608,#610);
#612=EDGE_CURVE('NONE',#607,#599,#611,.T.);
#613=ORIENTED_EDGE('',*,*,#612,.F.);
#614=CARTESIAN_POINT('',(-3.35,-0.1,0.15));
#615=VERTEX_POINT('',#614);
#616=CARTESIAN_POINT('',(-3.35,-0.1,0.15));
#617=DIRECTION('',(-0.,-0.,-1.));
#618=VECTOR('',#617,0.3);
#619=LINE('',#616,#618);
#620=EDGE_CURVE('NONE',#615,#607,#619,.T.);
#621=ORIENTED_EDGE('',*,*,#620,.F.);
#622=CARTESIAN_POINT('',(-3.35,-0.15,0.15));
#623=DIRECTION('',(-0.,1.,-0.));
#624=VECTOR('',#623,0.05);
#625=LINE('',#622,#624);
#626=EDGE_CURVE('NONE',#501,#615,#625,.T.);
#627=ORIENTED_EDGE('',*,*,#626,.F.);
#628=EDGE_LOOP('',(#509,#517,#525,#533,#541,#549,#557,#565,#573,#581,#589,#597,#605,#613,#621,#627));
#629=FACE_BOUND('',#628,.T.);
#630=ADVANCED_FACE('NONE',(#629),#499,.T.);
#631=CARTESIAN_POINT('',(-3.15,0.75,-0.15));
#632=DIRECTION('',(-1.,0.,0.));
#633=DIRECTION('',(-0.,-0.,-1.));
#634=AXIS2_PLACEMENT_3D('',#631,#632,#633);
#635=PLANE('',#634);
#636=CARTESIAN_POINT('',(-3.15,-0.55,0.1));
#637=VERTEX_POINT('',#636);
#638=CARTESIAN_POINT('',(-3.15,-0.15,0.1));
#639=VERTEX_POINT('',#638);
#640=CARTESIAN_POINT('',(-3.15,-0.55,0.1));
#641=DIRECTION('',(-0.,1.,-0.));
#642=VECTOR('',#641,0.4);
#643=LINE('',#640,#642);
#644=EDGE_CURVE('NONE',#637,#639,#643,.T.);
#645=ORIENTED_EDGE('',*,*,#644,.T.);
#646=CARTESIAN_POINT('',(-3.15,-0.15,0.15));
#647=VERTEX_POINT('',#646);
#648=CARTESIAN_POINT('',(-3.15,-0.15,0.15));
#649=DIRECTION('',(-0.,-0.,-1.));
#650=VECTOR('',#649,0.05);
#651=LINE('',#648,#650);
#652=EDGE_CURVE('NONE',#647,#639,#651,.T.);
#653=ORIENTED_EDGE('',*,*,#652,.F.);
#654=CARTESIAN_POINT('',(-3.15,-0.1,0.15));
#655=VERTEX_POINT('',#654);
#656=CARTESIAN_POINT('',(-3.15,-0.1,0.15));
#657=DIRECTION('',(0.,-1.,0.));
#658=VECTOR('',#657,0.05);
#659=LINE('',#656,#658);
#660=EDGE_CURVE('NONE',#655,#647,#659,.T.);
#661=ORIENTED_EDGE('',*,*,#660,.F.);
#662=CARTESIAN_POINT('',(-3.15,-0.1,-0.15));
#663=VERTEX_POINT('',#662);
#664=CARTESIAN_POINT('',(-3.15,-0.1,0.15));
#665=DIRECTION('',(-0.,-0.,-1.));
#666=VECTOR('',#665,0.3);
#667=LINE('',#664,#666);
#668=EDGE_CURVE('NONE',#655,#663,#667,.T.);
#669=ORIENTED_EDGE('',*,*,#668,.T.);
#670=CARTESIAN_POINT('',(-3.15,1.6,-0.15));
#671=VERTEX_POINT('',#670);
#672=CARTESIAN_POINT('',(-3.15,-0.1,-0.15));
#673=DIRECTION('',(-0.,1.,-0.));
#674=VECTOR('',#673,1.7);
#675=LINE('',#672,#674);
#676=EDGE_CURVE('NONE',#663,#671,#675,.T.);
#677=ORIENTED_EDGE('',*,*,#676,.T.);
#678=CARTESIAN_POINT('',(-3.15,1.6,0.15));
#679=VERTEX_POINT('',#678);
#680=CARTESIAN_POINT('',(-3.15,1.6,0.15));
#681=DIRECTION('',(-0.,-0.,-1.));
#682=VECTOR('',#681,0.3);
#683=LINE('',#680,#682);
#684=EDGE_CURVE('NONE',#679,#671,#683,.T.);
#685=ORIENTED_EDGE('',*,*,#684,.F.);
#686=CARTESIAN_POINT('',(-3.15,1.65,0.15));
#687=VERTEX_POINT('',#686);
#688=CARTESIAN_POINT('',(-3.15,1.65,0.15));
#689=DIRECTION('',(0.,-1.,0.));
#690=VECTOR('',#689,0.05);
#691=LINE('',#688,#690);
#692=EDGE_CURVE('NONE',#687,#679,#691,.T.);
#693=ORIENTED_EDGE('',*,*,#692,.F.);
#694=CARTESIAN_POINT('',(-3.15,1.65,0.1));
#695=VERTEX_POINT('',#694);
#696=CARTESIAN_POINT('',(-3.15,1.65,0.15));
#697=DIRECTION('',(-0.,-0.,-1.));
#698=VECTOR('',#697,0.05);
#699=LINE('',#696,#698);
#700=EDGE_CURVE('NONE',#687,#695,#699,.T.);
#701=ORIENTED_EDGE('',*,*,#700,.T.);
#702=CARTESIAN_POINT('',(-3.15,2.05,0.1));
#703=VERTEX_POINT('',#702);
#704=CARTESIAN_POINT('',(-3.15,1.65,0.1));
#705=DIRECTION('',(-0.,1.,-0.));
#706=VECTOR('',#705,0.4);
#707=LINE('',#704,#706);
#708=EDGE_CURVE('NONE',#695,#703,#707,.T.);
#709=ORIENTED_EDGE('',*,*,#708,.T.);
#710=CARTESIAN_POINT('',(-3.15,2.05,0.55));
#711=VERTEX_POINT('',#710);
#712=CARTESIAN_POINT('',(-3.15,2.05,0.55));
#713=DIRECTION('',(-0.,-0.,-1.));
#714=VECTOR('',#713,0.45);
#715=LINE('',#712,#714);
#716=EDGE_CURVE('NONE',#711,#703,#715,.T.);
#717=ORIENTED_EDGE('',*,*,#716,.F.);
#718=CARTESIAN_POINT('',(-3.15,1.5,0.55));
#719=VERTEX_POINT('',#718);
#720=CARTESIAN_POINT('',(-3.15,2.05,0.55));
#721=DIRECTION('',(0.,-1.,0.));
#722=VECTOR('',#721,0.55);
#723=LINE('',#720,#722);
#724=EDGE_CURVE('NONE',#711,#719,#723,.T.);
#725=ORIENTED_EDGE('',*,*,#724,.T.);
#726=CARTESIAN_POINT('',(-3.15,1.5,0.9));
#727=VERTEX_POINT('',#726);
#728=CARTESIAN_POINT('',(-3.15,1.5,0.55));
#729=DIRECTION('',(0.,0.,1.));
#730=VECTOR('',#729,0.35);
#731=LINE('',#728,#730);
#732=EDGE_CURVE('NONE',#719,#727,#731,.T.);
#733=ORIENTED_EDGE('',*,*,#732,.T.);
#734=CARTESIAN_POINT('',(-3.15,0.,0.9));
#735=VERTEX_POINT('',#734);
#736=CARTESIAN_POINT('',(-3.15,0.,0.9));
#737=DIRECTION('',(0.,1.,-0.));
#738=VECTOR('',#737,1.5);
#739=LINE('',#736,#738);
#740=EDGE_CURVE('NONE',#735,#727,#739,.T.);
#741=ORIENTED_EDGE('',*,*,#740,.F.);
#742=CARTESIAN_POINT('',(-3.15,0.,0.55));
#743=VERTEX_POINT('',#742);
#744=CARTESIAN_POINT('',(-3.15,0.,0.9));
#745=DIRECTION('',(-0.,-0.,-1.));
#746=VECTOR('',#745,0.35);
#747=LINE('',#744,#746);
#748=EDGE_CURVE('NONE',#735,#743,#747,.T.);
#749=ORIENTED_EDGE('',*,*,#748,.T.);
#750=CARTESIAN_POINT('',(-3.15,-0.55,0.55));
#751=VERTEX_POINT('',#750);
#752=CARTESIAN_POINT('',(-3.15,0.,0.55));
#753=DIRECTION('',(0.,-1.,0.));
#754=VECTOR('',#753,0.55);
#755=LINE('',#752,#754);
#756=EDGE_CURVE('NONE',#743,#751,#755,.T.);
#757=ORIENTED_EDGE('',*,*,#756,.T.);
#758=CARTESIAN_POINT('',(-3.15,-0.55,0.55));
#759=DIRECTION('',(-0.,-0.,-1.));
#760=VECTOR('',#759,0.45);
#761=LINE('',#758,#760);
#762=EDGE_CURVE('NONE',#751,#637,#761,.T.);
#763=ORIENTED_EDGE('',*,*,#762,.T.);
#764=EDGE_LOOP('',(#645,#653,#661,#669,#677,#685,#693,#701,#709,#717,#725,#733,#741,#749,#757,#763));
#765=FACE_BOUND('',#764,.T.);
#766=ADVANCED_FACE('NONE',(#765),#635,.F.);
#767=CARTESIAN_POINT('',(-3.15,-0.55,0.55));
#768=DIRECTION('',(0.,-1.,0.));
#769=DIRECTION('',(1.,0.,0.));
#770=AXIS2_PLACEMENT_3D('',#767,#768,#769);
#771=PLANE('',#770);
#772=ORIENTED_EDGE('',*,*,#524,.T.);
#773=CARTESIAN_POINT('',(-3.4,-0.55,0.05));
#774=VERTEX_POINT('',#773);
#775=CARTESIAN_POINT('',(-3.4,-0.55,0.1));
#776=DIRECTION('',(0.,-1.,0.));
#777=DIRECTION('',(1.,0.,0.));
#778=AXIS2_PLACEMENT_3D('',#775,#776,#777);
#779=CIRCLE('',#778,0.05);
#780=EDGE_CURVE('NONE',#774,#511,#779,.T.);
#781=ORIENTED_EDGE('',*,*,#780,.F.);
#782=CARTESIAN_POINT('',(-3.85,-0.55,0.05));
#783=VERTEX_POINT('',#782);
#784=CARTESIAN_POINT('',(-3.4,-0.55,0.05));
#785=DIRECTION('',(-1.,0.,0.));
#786=VECTOR('',#785,0.45);
#787=LINE('',#784,#786);
#788=EDGE_CURVE('NONE',#774,#783,#787,.T.);
#789=ORIENTED_EDGE('',*,*,#788,.T.);
#790=CARTESIAN_POINT('',(-3.85,-0.55,-0.15));
#791=VERTEX_POINT('',#790);
#792=CARTESIAN_POINT('',(-3.85,-0.55,-0.15));
#793=DIRECTION('',(-0.,0.,1.));
#794=VECTOR('',#793,0.2);
#795=LINE('',#792,#794);
#796=EDGE_CURVE('NONE',#791,#783,#795,.T.);
#797=ORIENTED_EDGE('',*,*,#796,.F.);
#798=CARTESIAN_POINT('',(-3.4,-0.55,-0.15));
#799=VERTEX_POINT('',#798);
#800=CARTESIAN_POINT('',(-3.4,-0.55,-0.15));
#801=DIRECTION('',(-1.,-0.,-0.));
#802=VECTOR('',#801,0.45);
#803=LINE('',#800,#802);
#804=EDGE_CURVE('NONE',#799,#791,#803,.T.);
#805=ORIENTED_EDGE('',*,*,#804,.F.);
#806=CARTESIAN_POINT('',(-3.4,-0.55,0.1));
#807=DIRECTION('',(0.,-1.,0.));
#808=DIRECTION('',(1.,0.,0.));
#809=AXIS2_PLACEMENT_3D('',#806,#807,#808);
#810=CIRCLE('',#809,0.25);
#811=EDGE_CURVE('NONE',#799,#637,#810,.T.);
#812=ORIENTED_EDGE('',*,*,#811,.T.);
#813=ORIENTED_EDGE('',*,*,#762,.F.);
#814=CARTESIAN_POINT('',(-3.15,-0.55,0.55));
#815=DIRECTION('',(-1.,-0.,0.));
#816=VECTOR('',#815,0.2);
#817=LINE('',#814,#816);
#818=EDGE_CURVE('NONE',#751,#519,#817,.T.);
#819=ORIENTED_EDGE('',*,*,#818,.T.);
#820=EDGE_LOOP('',(#772,#781,#789,#797,#805,#812,#813,#819));
#821=FACE_BOUND('',#820,.T.);
#822=ADVANCED_FACE('NONE',(#821),#771,.T.);
#823=CARTESIAN_POINT('',(-3.35,-0.15,0.15));
#824=DIRECTION('',(0.,-1.,0.));
#825=DIRECTION('',(1.,0.,0.));
#826=AXIS2_PLACEMENT_3D('',#823,#824,#825);
#827=PLANE('',#826);
#828=ORIENTED_EDGE('',*,*,#652,.T.);
#829=CARTESIAN_POINT('',(-3.4,-0.15,-0.15));
#830=VERTEX_POINT('',#829);
#831=CARTESIAN_POINT('',(-3.4,-0.15,0.1));
#832=DIRECTION('',(-0.,1.,-0.));
#833=DIRECTION('',(1.,0.,0.));
#834=AXIS2_PLACEMENT_3D('',#831,#832,#833);
#835=CIRCLE('',#834,0.25);
#836=EDGE_CURVE('NONE',#639,#830,#835,.T.);
#837=ORIENTED_EDGE('',*,*,#836,.T.);
#838=CARTESIAN_POINT('',(-3.85,-0.15,-0.15));
#839=VERTEX_POINT('',#838);
#840=CARTESIAN_POINT('',(-3.85,-0.15,-0.15));
#841=DIRECTION('',(1.,0.,0.));
#842=VECTOR('',#841,0.45);
#843=LINE('',#840,#842);
#844=EDGE_CURVE('NONE',#839,#830,#843,.T.);
#845=ORIENTED_EDGE('',*,*,#844,.F.);
#846=CARTESIAN_POINT('',(-3.85,-0.15,0.05));
#847=VERTEX_POINT('',#846);
#848=CARTESIAN_POINT('',(-3.85,-0.15,-0.15));
#849=DIRECTION('',(0.,0.,1.));
#850=VECTOR('',#849,0.2);
#851=LINE('',#848,#850);
#852=EDGE_CURVE('NONE',#839,#847,#851,.T.);
#853=ORIENTED_EDGE('',*,*,#852,.T.);
#854=CARTESIAN_POINT('',(-3.4,-0.15,0.05));
#855=VERTEX_POINT('',#854);
#856=CARTESIAN_POINT('',(-3.85,-0.15,0.05));
#857=DIRECTION('',(1.,0.,-0.));
#858=VECTOR('',#857,0.45);
#859=LINE('',#856,#858);
#860=EDGE_CURVE('NONE',#847,#855,#859,.T.);
#861=ORIENTED_EDGE('',*,*,#860,.T.);
#862=CARTESIAN_POINT('',(-3.4,-0.15,0.1));
#863=DIRECTION('',(-0.,1.,-0.));
#864=DIRECTION('',(1.,0.,0.));
#865=AXIS2_PLACEMENT_3D('',#862,#863,#864);
#866=CIRCLE('',#865,0.05);
#867=EDGE_CURVE('NONE',#503,#855,#866,.T.);
#868=ORIENTED_EDGE('',*,*,#867,.F.);
#869=ORIENTED_EDGE('',*,*,#508,.F.);
#870=CARTESIAN_POINT('',(-3.15,-0.15,0.15));
#871=DIRECTION('',(-1.,-0.,-0.));
#872=VECTOR('',#871,0.2);
#873=LINE('',#870,#872);
#874=EDGE_CURVE('NONE',#647,#501,#873,.T.);
#875=ORIENTED_EDGE('',*,*,#874,.F.);
#876=EDGE_LOOP('',(#828,#837,#845,#853,#861,#868,#869,#875));
#877=FACE_BOUND('',#876,.T.);
#878=ADVANCED_FACE('NONE',(#877),#827,.F.);
#879=CARTESIAN_POINT('',(-3.35,1.65,0.15));
#880=DIRECTION('',(0.,1.,-0.));
#881=DIRECTION('',(-1.,0.,0.));
#882=AXIS2_PLACEMENT_3D('',#879,#880,#881);
#883=PLANE('',#882);
#884=ORIENTED_EDGE('',*,*,#588,.T.);
#885=CARTESIAN_POINT('',(-3.4,1.65,0.05));
#886=VERTEX_POINT('',#885);
#887=CARTESIAN_POINT('',(-3.4,1.65,0.1));
#888=DIRECTION('',(0.,-1.,0.));
#889=DIRECTION('',(1.,0.,0.));
#890=AXIS2_PLACEMENT_3D('',#887,#888,#889);
#891=CIRCLE('',#890,0.05);
#892=EDGE_CURVE('NONE',#886,#575,#891,.T.);
#893=ORIENTED_EDGE('',*,*,#892,.F.);
#894=CARTESIAN_POINT('',(-3.85,1.65,0.05));
#895=VERTEX_POINT('',#894);
#896=CARTESIAN_POINT('',(-3.4,1.65,0.05));
#897=DIRECTION('',(-1.,0.,0.));
#898=VECTOR('',#897,0.45);
#899=LINE('',#896,#898);
#900=EDGE_CURVE('NONE',#886,#895,#899,.T.);
#901=ORIENTED_EDGE('',*,*,#900,.T.);
#902=CARTESIAN_POINT('',(-3.85,1.65,-0.15));
#903=VERTEX_POINT('',#902);
#904=CARTESIAN_POINT('',(-3.85,1.65,-0.15));
#905=DIRECTION('',(-0.,0.,1.));
#906=VECTOR('',#905,0.2);
#907=LINE('',#904,#906);
#908=EDGE_CURVE('NONE',#903,#895,#907,.T.);
#909=ORIENTED_EDGE('',*,*,#908,.F.);
#910=CARTESIAN_POINT('',(-3.4,1.65,-0.15));
#911=VERTEX_POINT('',#910);
#912=CARTESIAN_POINT('',(-3.4,1.65,-0.15));
#913=DIRECTION('',(-1.,-0.,-0.));
#914=VECTOR('',#913,0.45);
#915=LINE('',#912,#914);
#916=EDGE_CURVE('NONE',#911,#903,#915,.T.);
#917=ORIENTED_EDGE('',*,*,#916,.F.);
#918=CARTESIAN_POINT('',(-3.4,1.65,0.1));
#919=DIRECTION('',(0.,-1.,0.));
#920=DIRECTION('',(1.,0.,0.));
#921=AXIS2_PLACEMENT_3D('',#918,#919,#920);
#922=CIRCLE('',#921,0.25);
#923=EDGE_CURVE('NONE',#911,#695,#922,.T.);
#924=ORIENTED_EDGE('',*,*,#923,.T.);
#925=ORIENTED_EDGE('',*,*,#700,.F.);
#926=CARTESIAN_POINT('',(-3.35,1.65,0.15));
#927=DIRECTION('',(1.,0.,0.));
#928=VECTOR('',#927,0.2);
#929=LINE('',#926,#928);
#930=EDGE_CURVE('NONE',#583,#687,#929,.T.);
#931=ORIENTED_EDGE('',*,*,#930,.F.);
#932=EDGE_LOOP('',(#884,#893,#901,#909,#917,#924,#925,#931));
#933=FACE_BOUND('',#932,.T.);
#934=ADVANCED_FACE('NONE',(#933),#883,.F.);
#935=CARTESIAN_POINT('',(3.35,0.,1.05));
#936=DIRECTION('',(0.,-1.,0.));
#937=DIRECTION('',(1.,0.,0.));
#938=AXIS2_PLACEMENT_3D('',#935,#936,#937);
#939=PLANE('',#938);
#940=ORIENTED_EDGE('',*,*,#228,.F.);
#941=CARTESIAN_POINT('',(3.15,0.,0.55));
#942=DIRECTION('',(1.,0.,-0.));
#943=VECTOR('',#942,0.2);
#944=LINE('',#941,#943);
#945=EDGE_CURVE('NONE',#215,#175,#944,.T.);
#946=ORIENTED_EDGE('',*,*,#945,.T.);
#947=ORIENTED_EDGE('',*,*,#180,.T.);
#948=CARTESIAN_POINT('',(3.,0.,1.25));
#949=VERTEX_POINT('',#948);
#950=CARTESIAN_POINT('',(3.,0.,0.9));
#951=DIRECTION('',(0.,-1.,0.));
#952=DIRECTION('',(1.,0.,0.));
#953=AXIS2_PLACEMENT_3D('',#950,#951,#952);
#954=CIRCLE('',#953,0.35);
#955=EDGE_CURVE('NONE',#167,#949,#954,.T.);
#956=ORIENTED_EDGE('',*,*,#955,.T.);
#957=CARTESIAN_POINT('',(2.75,0.,1.25));
#958=VERTEX_POINT('',#957);
#959=CARTESIAN_POINT('',(2.75,0.,1.25));
#960=DIRECTION('',(1.,0.,0.));
#961=VECTOR('',#960,0.25);
#962=LINE('',#959,#961);
#963=EDGE_CURVE('NONE',#958,#949,#962,.T.);
#964=ORIENTED_EDGE('',*,*,#963,.F.);
#965=CARTESIAN_POINT('',(2.75,0.,1.05));
#966=VERTEX_POINT('',#965);
#967=CARTESIAN_POINT('',(2.75,0.,1.05));
#968=DIRECTION('',(-0.,0.,1.));
#969=VECTOR('',#968,0.2);
#970=LINE('',#967,#969);
#971=EDGE_CURVE('NONE',#966,#958,#970,.T.);
#972=ORIENTED_EDGE('',*,*,#971,.F.);
#973=CARTESIAN_POINT('',(3.,0.,1.05));
#974=VERTEX_POINT('',#973);
#975=CARTESIAN_POINT('',(2.75,0.,1.05));
#976=DIRECTION('',(1.,0.,0.));
#977=VECTOR('',#976,0.25);
#978=LINE('',#975,#977);
#979=EDGE_CURVE('NONE',#966,#974,#978,.T.);
#980=ORIENTED_EDGE('',*,*,#979,.T.);
#981=CARTESIAN_POINT('',(3.,0.,0.9));
#982=DIRECTION('',(0.,-1.,0.));
#983=DIRECTION('',(1.,0.,0.));
#984=AXIS2_PLACEMENT_3D('',#981,#982,#983);
#985=CIRCLE('',#984,0.15);
#986=EDGE_CURVE('NONE',#223,#974,#985,.T.);
#987=ORIENTED_EDGE('',*,*,#986,.F.);
#988=EDGE_LOOP('',(#940,#946,#947,#956,#964,#972,#980,#987));
#989=FACE_BOUND('',#988,.T.);
#990=ADVANCED_FACE('NONE',(#989),#939,.T.);
#991=CARTESIAN_POINT('',(3.35,1.5,-0.15));
#992=DIRECTION('',(0.,1.,-0.));
#993=DIRECTION('',(-1.,0.,0.));
#994=AXIS2_PLACEMENT_3D('',#991,#992,#993);
#995=PLANE('',#994);
#996=ORIENTED_EDGE('',*,*,#164,.T.);
#997=CARTESIAN_POINT('',(3.35,1.5,0.55));
#998=DIRECTION('',(-1.,0.,0.));
#999=VECTOR('',#998,0.2);
#1000=LINE('',#997,#999);
#1001=EDGE_CURVE('NONE',#151,#239,#1000,.T.);
#1002=ORIENTED_EDGE('',*,*,#1001,.T.);
#1003=ORIENTED_EDGE('',*,*,#244,.F.);
#1004=CARTESIAN_POINT('',(3.,1.5,1.05));
#1005=VERTEX_POINT('',#1004);
#1006=CARTESIAN_POINT('',(3.,1.5,0.9));
#1007=DIRECTION('',(-0.,1.,-0.));
#1008=DIRECTION('',(1.,0.,0.));
#1009=AXIS2_PLACEMENT_3D('',#1006,#1007,#1008);
#1010=CIRCLE('',#1009,0.15);
#1011=EDGE_CURVE('NONE',#1005,#231,#1010,.T.);
#1012=ORIENTED_EDGE('',*,*,#1011,.F.);
#1013=CARTESIAN_POINT('',(2.75,1.5,1.05));
#1014=VERTEX_POINT('',#1013);
#1015=CARTESIAN_POINT('',(3.,1.5,1.05));
#1016=DIRECTION('',(-1.,-0.,-0.));
#1017=VECTOR('',#1016,0.25);
#1018=LINE('',#1015,#1017);
#1019=EDGE_CURVE('NONE',#1005,#1014,#1018,.T.);
#1020=ORIENTED_EDGE('',*,*,#1019,.T.);
#1021=CARTESIAN_POINT('',(2.75,1.5,1.25));
#1022=VERTEX_POINT('',#1021);
#1023=CARTESIAN_POINT('',(2.75,1.5,1.05));
#1024=DIRECTION('',(-0.,0.,1.));
#1025=VECTOR('',#1024,0.2);
#1026=LINE('',#1023,#1025);
#1027=EDGE_CURVE('NONE',#1014,#1022,#1026,.T.);
#1028=ORIENTED_EDGE('',*,*,#1027,.T.);
#1029=CARTESIAN_POINT('',(3.,1.5,1.25));
#1030=VERTEX_POINT('',#1029);
#1031=CARTESIAN_POINT('',(3.,1.5,1.25));
#1032=DIRECTION('',(-1.,-0.,-0.));
#1033=VECTOR('',#1032,0.25);
#1034=LINE('',#1031,#1033);
#1035=EDGE_CURVE('NONE',#1030,#1022,#1034,.T.);
#1036=ORIENTED_EDGE('',*,*,#1035,.F.);
#1037=CARTESIAN_POINT('',(3.,1.5,0.9));
#1038=DIRECTION('',(-0.,1.,-0.));
#1039=DIRECTION('',(1.,0.,0.));
#1040=AXIS2_PLACEMENT_3D('',#1037,#1038,#1039);
#1041=CIRCLE('',#1040,0.35);
#1042=EDGE_CURVE('NONE',#1030,#159,#1041,.T.);
#1043=ORIENTED_EDGE('',*,*,#1042,.T.);
#1044=EDGE_LOOP('',(#996,#1002,#1003,#1012,#1020,#1028,#1036,#1043));
#1045=FACE_BOUND('',#1044,.T.);
#1046=ADVANCED_FACE('NONE',(#1045),#995,.T.);
#1047=CARTESIAN_POINT('',(-0.,0.75,1.25));
#1048=DIRECTION('',(-0.,0.,1.));
#1049=DIRECTION('',(-1.,-0.,-0.));
#1050=AXIS2_PLACEMENT_3D('',#1047,#1048,#1049);
#1051=PLANE('',#1050);
#1052=CARTESIAN_POINT('',(-2.75,1.5,1.25));
#1053=VERTEX_POINT('',#1052);
#1054=CARTESIAN_POINT('',(-3.,1.5,1.25));
#1055=VERTEX_POINT('',#1054);
#1056=CARTESIAN_POINT('',(-2.75,1.5,1.25));
#1057=DIRECTION('',(-1.,-0.,-0.));
#1058=VECTOR('',#1057,0.25);
#1059=LINE('',#1056,#1058);
#1060=EDGE_CURVE('NONE',#1053,#1055,#1059,.T.);
#1061=ORIENTED_EDGE('',*,*,#1060,.T.);
#1062=CARTESIAN_POINT('',(-3.,0.,1.25));
#1063=VERTEX_POINT('',#1062);
#1064=CARTESIAN_POINT('',(-3.,1.5,1.25));
#1065=DIRECTION('',(0.,-1.,0.));
#1066=VECTOR('',#1065,1.5);
#1067=LINE('',#1064,#1066);
#1068=EDGE_CURVE('NONE',#1055,#1063,#1067,.T.);
#1069=ORIENTED_EDGE('',*,*,#1068,.T.);
#1070=CARTESIAN_POINT('',(-2.75,0.,1.25));
#1071=VERTEX_POINT('',#1070);
#1072=CARTESIAN_POINT('',(-3.,0.,1.25));
#1073=DIRECTION('',(1.,0.,0.));
#1074=VECTOR('',#1073,0.25);
#1075=LINE('',#1072,#1074);
#1076=EDGE_CURVE('NONE',#1063,#1071,#1075,.T.);
#1077=ORIENTED_EDGE('',*,*,#1076,.T.);
#1078=CARTESIAN_POINT('',(-2.75,-0.55,1.25));
#1079=VERTEX_POINT('',#1078);
#1080=CARTESIAN_POINT('',(-2.75,0.,1.25));
#1081=DIRECTION('',(0.,-1.,0.));
#1082=VECTOR('',#1081,0.55);
#1083=LINE('',#1080,#1082);
#1084=EDGE_CURVE('NONE',#1071,#1079,#1083,.T.);
#1085=ORIENTED_EDGE('',*,*,#1084,.T.);
#1086=CARTESIAN_POINT('',(-2.500109838,-0.55,1.25));
#1087=VERTEX_POINT('',#1086);
#1088=CARTESIAN_POINT('',(-2.75,-0.55,1.25));
#1089=DIRECTION('',(1.,0.,0.));
#1090=VECTOR('',#1089,0.249890162);
#1091=LINE('',#1088,#1090);
#1092=EDGE_CURVE('NONE',#1079,#1087,#1091,.T.);
#1093=ORIENTED_EDGE('',*,*,#1092,.T.);
#1094=CARTESIAN_POINT('',(-2.2,-0.275,1.25));
#1095=VERTEX_POINT('',#1094);
#1096=CARTESIAN_POINT('',(-2.2,-0.275,1.25));
#1097=DIRECTION('',(-0.737277337,-0.675590208,-0.));
#1098=VECTOR('',#1097,0.407051489);
#1099=LINE('',#1096,#1098);
#1100=EDGE_CURVE('NONE',#1095,#1087,#1099,.T.);
#1101=ORIENTED_EDGE('',*,*,#1100,.F.);
#1102=CARTESIAN_POINT('',(-1.899890162,-0.55,1.25));
#1103=VERTEX_POINT('',#1102);
#1104=CARTESIAN_POINT('',(-1.899890162,-0.55,1.25));
#1105=DIRECTION('',(-0.737277337,0.675590208,-0.));
#1106=VECTOR('',#1105,0.407051489);
#1107=LINE('',#1104,#1106);
#1108=EDGE_CURVE('NONE',#1103,#1095,#1107,.T.);
#1109=ORIENTED_EDGE('',*,*,#1108,.F.);
#1110=CARTESIAN_POINT('',(-1.2,-0.55,1.25));
#1111=VERTEX_POINT('',#1110);
#1112=CARTESIAN_POINT('',(-1.899890162,-0.55,1.25));
#1113=DIRECTION('',(1.,0.,0.));
#1114=VECTOR('',#1113,0.699890162);
#1115=LINE('',#1112,#1114);
#1116=EDGE_CURVE('NONE',#1103,#1111,#1115,.T.);
#1117=ORIENTED_EDGE('',*,*,#1116,.T.);
#1118=CARTESIAN_POINT('',(-1.2,-0.275,1.25));
#1119=VERTEX_POINT('',#1118);
#1120=CARTESIAN_POINT('',(-1.2,-0.55,1.25));
#1121=DIRECTION('',(-0.,1.,-0.));
#1122=VECTOR('',#1121,0.275);
#1123=LINE('',#1120,#1122);
#1124=EDGE_CURVE('NONE',#1111,#1119,#1123,.T.);
#1125=ORIENTED_EDGE('',*,*,#1124,.T.);
#1126=CARTESIAN_POINT('',(-0.75,-0.275,1.25));
#1127=VERTEX_POINT('',#1126);
#1128=CARTESIAN_POINT('',(-0.75,-0.275,1.25));
#1129=DIRECTION('',(-1.,0.,-0.));
#1130=VECTOR('',#1129,0.45);
#1131=LINE('',#1128,#1130);
#1132=EDGE_CURVE('NONE',#1127,#1119,#1131,.T.);
#1133=ORIENTED_EDGE('',*,*,#1132,.F.);
#1134=CARTESIAN_POINT('',(-0.75,-0.55,1.25));
#1135=VERTEX_POINT('',#1134);
#1136=CARTESIAN_POINT('',(-0.75,-0.55,1.25));
#1137=DIRECTION('',(-0.,1.,-0.));
#1138=VECTOR('',#1137,0.275);
#1139=LINE('',#1136,#1138);
#1140=EDGE_CURVE('NONE',#1135,#1127,#1139,.T.);
#1141=ORIENTED_EDGE('',*,*,#1140,.F.);
#1142=CARTESIAN_POINT('',(0.75,-0.55,1.25));
#1143=VERTEX_POINT('',#1142);
#1144=CARTESIAN_POINT('',(-0.75,-0.55,1.25));
#1145=DIRECTION('',(1.,0.,0.));
#1146=VECTOR('',#1145,1.5);
#1147=LINE('',#1144,#1146);
#1148=EDGE_CURVE('NONE',#1135,#1143,#1147,.T.);
#1149=ORIENTED_EDGE('',*,*,#1148,.T.);
#1150=CARTESIAN_POINT('',(0.75,-0.275,1.25));
#1151=VERTEX_POINT('',#1150);
#1152=CARTESIAN_POINT('',(0.75,-0.55,1.25));
#1153=DIRECTION('',(-0.,1.,-0.));
#1154=VECTOR('',#1153,0.275);
#1155=LINE('',#1152,#1154);
#1156=EDGE_CURVE('NONE',#1143,#1151,#1155,.T.);
#1157=ORIENTED_EDGE('',*,*,#1156,.T.);
#1158=CARTESIAN_POINT('',(1.2,-0.275,1.25));
#1159=VERTEX_POINT('',#1158);
#1160=CARTESIAN_POINT('',(0.75,-0.275,1.25));
#1161=DIRECTION('',(1.,0.,0.));
#1162=VECTOR('',#1161,0.45);
#1163=LINE('',#1160,#1162);
#1164=EDGE_CURVE('NONE',#1151,#1159,#1163,.T.);
#1165=ORIENTED_EDGE('',*,*,#1164,.T.);
#1166=CARTESIAN_POINT('',(1.2,-0.55,1.25));
#1167=VERTEX_POINT('',#1166);
#1168=CARTESIAN_POINT('',(1.2,-0.55,1.25));
#1169=DIRECTION('',(0.,1.,-0.));
#1170=VECTOR('',#1169,0.275);
#1171=LINE('',#1168,#1170);
#1172=EDGE_CURVE('NONE',#1167,#1159,#1171,.T.);
#1173=ORIENTED_EDGE('',*,*,#1172,.F.);
#1174=CARTESIAN_POINT('',(1.899890162,-0.55,1.25));
#1175=VERTEX_POINT('',#1174);
#1176=CARTESIAN_POINT('',(1.2,-0.55,1.25));
#1177=DIRECTION('',(1.,0.,0.));
#1178=VECTOR('',#1177,0.699890162);
#1179=LINE('',#1176,#1178);
#1180=EDGE_CURVE('NONE',#1167,#1175,#1179,.T.);
#1181=ORIENTED_EDGE('',*,*,#1180,.T.);
#1182=CARTESIAN_POINT('',(2.2,-0.275,1.25));
#1183=VERTEX_POINT('',#1182);
#1184=CARTESIAN_POINT('',(1.899890162,-0.55,1.25));
#1185=DIRECTION('',(0.737277337,0.675590208,-0.));
#1186=VECTOR('',#1185,0.407051489);
#1187=LINE('',#1184,#1186);
#1188=EDGE_CURVE('NONE',#1175,#1183,#1187,.T.);
#1189=ORIENTED_EDGE('',*,*,#1188,.T.);
#1190=CARTESIAN_POINT('',(2.500109838,-0.55,1.25));
#1191=VERTEX_POINT('',#1190);
#1192=CARTESIAN_POINT('',(2.2,-0.275,1.25));
#1193=DIRECTION('',(0.737277337,-0.675590208,0.));
#1194=VECTOR('',#1193,0.407051489);
#1195=LINE('',#1192,#1194);
#1196=EDGE_CURVE('NONE',#1183,#1191,#1195,.T.);
#1197=ORIENTED_EDGE('',*,*,#1196,.T.);
#1198=CARTESIAN_POINT('',(2.75,-0.55,1.25));
#1199=VERTEX_POINT('',#1198);
#1200=CARTESIAN_POINT('',(2.500109838,-0.55,1.25));
#1201=DIRECTION('',(1.,0.,0.));
#1202=VECTOR('',#1201,0.249890162);
#1203=LINE('',#1200,#1202);
#1204=EDGE_CURVE('NONE',#1191,#1199,#1203,.T.);
#1205=ORIENTED_EDGE('',*,*,#1204,.T.);
#1206=CARTESIAN_POINT('',(2.75,-0.55,1.25));
#1207=DIRECTION('',(-0.,1.,-0.));
#1208=VECTOR('',#1207,0.55);
#1209=LINE('',#1206,#1208);
#1210=EDGE_CURVE('NONE',#1199,#958,#1209,.T.);
#1211=ORIENTED_EDGE('',*,*,#1210,.T.);
#1212=ORIENTED_EDGE('',*,*,#963,.T.);
#1213=CARTESIAN_POINT('',(3.,0.,1.25));
#1214=DIRECTION('',(-0.,1.,-0.));
#1215=VECTOR('',#1214,1.5);
#1216=LINE('',#1213,#1215);
#1217=EDGE_CURVE('NONE',#949,#1030,#1216,.T.);
#1218=ORIENTED_EDGE('',*,*,#1217,.T.);
#1219=ORIENTED_EDGE('',*,*,#1035,.T.);
#1220=CARTESIAN_POINT('',(2.75,2.05,1.25));
#1221=VERTEX_POINT('',#1220);
#1222=CARTESIAN_POINT('',(2.75,1.5,1.25));
#1223=DIRECTION('',(-0.,1.,-0.));
#1224=VECTOR('',#1223,0.55);
#1225=LINE('',#1222,#1224);
#1226=EDGE_CURVE('NONE',#1022,#1221,#1225,.T.);
#1227=ORIENTED_EDGE('',*,*,#1226,.T.);
#1228=CARTESIAN_POINT('',(2.500109838,2.05,1.25));
#1229=VERTEX_POINT('',#1228);
#1230=CARTESIAN_POINT('',(2.75,2.05,1.25));
#1231=DIRECTION('',(-1.,-0.,-0.));
#1232=VECTOR('',#1231,0.249890162);
#1233=LINE('',#1230,#1232);
#1234=EDGE_CURVE('NONE',#1221,#1229,#1233,.T.);
#1235=ORIENTED_EDGE('',*,*,#1234,.T.);
#1236=CARTESIAN_POINT('',(2.2,1.775,1.25));
#1237=VERTEX_POINT('',#1236);
#1238=CARTESIAN_POINT('',(2.2,1.775,1.25));
#1239=DIRECTION('',(0.737277337,0.675590208,0.));
#1240=VECTOR('',#1239,0.407051489);
#1241=LINE('',#1238,#1240);
#1242=EDGE_CURVE('NONE',#1237,#1229,#1241,.T.);
#1243=ORIENTED_EDGE('',*,*,#1242,.F.);
#1244=CARTESIAN_POINT('',(1.899890162,2.05,1.25));
#1245=VERTEX_POINT('',#1244);
#1246=CARTESIAN_POINT('',(1.899890162,2.05,1.25));
#1247=DIRECTION('',(0.737277337,-0.675590208,0.));
#1248=VECTOR('',#1247,0.407051489);
#1249=LINE('',#1246,#1248);
#1250=EDGE_CURVE('NONE',#1245,#1237,#1249,.T.);
#1251=ORIENTED_EDGE('',*,*,#1250,.F.);
#1252=CARTESIAN_POINT('',(1.2,2.05,1.25));
#1253=VERTEX_POINT('',#1252);
#1254=CARTESIAN_POINT('',(1.899890162,2.05,1.25));
#1255=DIRECTION('',(-1.,-0.,-0.));
#1256=VECTOR('',#1255,0.699890162);
#1257=LINE('',#1254,#1256);
#1258=EDGE_CURVE('NONE',#1245,#1253,#1257,.T.);
#1259=ORIENTED_EDGE('',*,*,#1258,.T.);
#1260=CARTESIAN_POINT('',(1.2,1.775,1.25));
#1261=VERTEX_POINT('',#1260);
#1262=CARTESIAN_POINT('',(1.2,2.05,1.25));
#1263=DIRECTION('',(0.,-1.,0.));
#1264=VECTOR('',#1263,0.275);
#1265=LINE('',#1262,#1264);
#1266=EDGE_CURVE('NONE',#1253,#1261,#1265,.T.);
#1267=ORIENTED_EDGE('',*,*,#1266,.T.);
#1268=CARTESIAN_POINT('',(0.75,1.775,1.25));
#1269=VERTEX_POINT('',#1268);
#1270=CARTESIAN_POINT('',(0.75,1.775,1.25));
#1271=DIRECTION('',(1.,0.,0.));
#1272=VECTOR('',#1271,0.45);
#1273=LINE('',#1270,#1272);
#1274=EDGE_CURVE('NONE',#1269,#1261,#1273,.T.);
#1275=ORIENTED_EDGE('',*,*,#1274,.F.);
#1276=CARTESIAN_POINT('',(0.75,2.05,1.25));
#1277=VERTEX_POINT('',#1276);
#1278=CARTESIAN_POINT('',(0.75,2.05,1.25));
#1279=DIRECTION('',(0.,-1.,0.));
#1280=VECTOR('',#1279,0.275);
#1281=LINE('',#1278,#1280);
#1282=EDGE_CURVE('NONE',#1277,#1269,#1281,.T.);
#1283=ORIENTED_EDGE('',*,*,#1282,.F.);
#1284=CARTESIAN_POINT('',(-0.75,2.05,1.25));
#1285=VERTEX_POINT('',#1284);
#1286=CARTESIAN_POINT('',(0.75,2.05,1.25));
#1287=DIRECTION('',(-1.,-0.,-0.));
#1288=VECTOR('',#1287,1.5);
#1289=LINE('',#1286,#1288);
#1290=EDGE_CURVE('NONE',#1277,#1285,#1289,.T.);
#1291=ORIENTED_EDGE('',*,*,#1290,.T.);
#1292=CARTESIAN_POINT('',(-0.75,1.775,1.25));
#1293=VERTEX_POINT('',#1292);
#1294=CARTESIAN_POINT('',(-0.75,2.05,1.25));
#1295=DIRECTION('',(0.,-1.,0.));
#1296=VECTOR('',#1295,0.275);
#1297=LINE('',#1294,#1296);
#1298=EDGE_CURVE('NONE',#1285,#1293,#1297,.T.);
#1299=ORIENTED_EDGE('',*,*,#1298,.T.);
#1300=CARTESIAN_POINT('',(-1.2,1.775,1.25));
#1301=VERTEX_POINT('',#1300);
#1302=CARTESIAN_POINT('',(-0.75,1.775,1.25));
#1303=DIRECTION('',(-1.,-0.,-0.));
#1304=VECTOR('',#1303,0.45);
#1305=LINE('',#1302,#1304);
#1306=EDGE_CURVE('NONE',#1293,#1301,#1305,.T.);
#1307=ORIENTED_EDGE('',*,*,#1306,.T.);
#1308=CARTESIAN_POINT('',(-1.2,2.05,1.25));
#1309=VERTEX_POINT('',#1308);
#1310=CARTESIAN_POINT('',(-1.2,2.05,1.25));
#1311=DIRECTION('',(-0.,-1.,0.));
#1312=VECTOR('',#1311,0.275);
#1313=LINE('',#1310,#1312);
#1314=EDGE_CURVE('NONE',#1309,#1301,#1313,.T.);
#1315=ORIENTED_EDGE('',*,*,#1314,.F.);
#1316=CARTESIAN_POINT('',(-1.899890162,2.05,1.25));
#1317=VERTEX_POINT('',#1316);
#1318=CARTESIAN_POINT('',(-1.2,2.05,1.25));
#1319=DIRECTION('',(-1.,-0.,-0.));
#1320=VECTOR('',#1319,0.699890162);
#1321=LINE('',#1318,#1320);
#1322=EDGE_CURVE('NONE',#1309,#1317,#1321,.T.);
#1323=ORIENTED_EDGE('',*,*,#1322,.T.);
#1324=CARTESIAN_POINT('',(-2.2,1.775,1.25));
#1325=VERTEX_POINT('',#1324);
#1326=CARTESIAN_POINT('',(-1.899890162,2.05,1.25));
#1327=DIRECTION('',(-0.737277337,-0.675590208,0.));
#1328=VECTOR('',#1327,0.407051489);
#1329=LINE('',#1326,#1328);
#1330=EDGE_CURVE('NONE',#1317,#1325,#1329,.T.);
#1331=ORIENTED_EDGE('',*,*,#1330,.T.);
#1332=CARTESIAN_POINT('',(-2.500109838,2.05,1.25));
#1333=VERTEX_POINT('',#1332);
#1334=CARTESIAN_POINT('',(-2.2,1.775,1.25));
#1335=DIRECTION('',(-0.737277337,0.675590208,-0.));
#1336=VECTOR('',#1335,0.407051489);
#1337=LINE('',#1334,#1336);
#1338=EDGE_CURVE('NONE',#1325,#1333,#1337,.T.);
#1339=ORIENTED_EDGE('',*,*,#1338,.T.);
#1340=CARTESIAN_POINT('',(-2.75,2.05,1.25));
#1341=VERTEX_POINT('',#1340);
#1342=CARTESIAN_POINT('',(-2.500109838,2.05,1.25));
#1343=DIRECTION('',(-1.,-0.,-0.));
#1344=VECTOR('',#1343,0.249890162);
#1345=LINE('',#1342,#1344);
#1346=EDGE_CURVE('NONE',#1333,#1341,#1345,.T.);
#1347=ORIENTED_EDGE('',*,*,#1346,.T.);
#1348=CARTESIAN_POINT('',(-2.75,2.05,1.25));
#1349=DIRECTION('',(0.,-1.,0.));
#1350=VECTOR('',#1349,0.55);
#1351=LINE('',#1348,#1350);
#1352=EDGE_CURVE('NONE',#1341,#1053,#1351,.T.);
#1353=ORIENTED_EDGE('',*,*,#1352,.T.);
#1354=EDGE_LOOP('',(#1061,#1069,#1077,#1085,#1093,#1101,#1109,#1117,#1125,#1133,#1141,#1149,#1157,#1165,#1173,#1181,#1189,#1197,#1205,#1211,#1212,#1218,#1219,#1227,#1235,#1243,
#1251,#1259,#1267,#1275,#1283,#1291,#1299,#1307,#1315,#1323,#1331,#1339,#1347,#1353));
#1355=FACE_BOUND('',#1354,.T.);
#1356=ADVANCED_FACE('NONE',(#1355),#1051,.T.);
#1357=CARTESIAN_POINT('',(-0.,0.75,1.05));
#1358=DIRECTION('',(-0.,0.,1.));
#1359=DIRECTION('',(-1.,-0.,-0.));
#1360=AXIS2_PLACEMENT_3D('',#1357,#1358,#1359);
#1361=PLANE('',#1360);
#1362=CARTESIAN_POINT('',(-3.,1.5,1.05));
#1363=VERTEX_POINT('',#1362);
#1364=CARTESIAN_POINT('',(-3.,0.,1.05));
#1365=VERTEX_POINT('',#1364);
#1366=CARTESIAN_POINT('',(-3.,1.5,1.05));
#1367=DIRECTION('',(-0.,-1.,0.));
#1368=VECTOR('',#1367,1.5);
#1369=LINE('',#1366,#1368);
#1370=EDGE_CURVE('NONE',#1363,#1365,#1369,.T.);
#1371=ORIENTED_EDGE('',*,*,#1370,.F.);
#1372=CARTESIAN_POINT('',(-2.75,1.5,1.05));
#1373=VERTEX_POINT('',#1372);
#1374=CARTESIAN_POINT('',(-2.75,1.5,1.05));
#1375=DIRECTION('',(-1.,-0.,-0.));
#1376=VECTOR('',#1375,0.25);
#1377=LINE('',#1374,#1376);
#1378=EDGE_CURVE('NONE',#1373,#1363,#1377,.T.);
#1379=ORIENTED_EDGE('',*,*,#1378,.F.);
#1380=CARTESIAN_POINT('',(-2.75,2.05,1.05));
#1381=VERTEX_POINT('',#1380);
#1382=CARTESIAN_POINT('',(-2.75,2.05,1.05));
#1383=DIRECTION('',(0.,-1.,0.));
#1384=VECTOR('',#1383,0.55);
#1385=LINE('',#1382,#1384);
#1386=EDGE_CURVE('NONE',#1381,#1373,#1385,.T.);
#1387=ORIENTED_EDGE('',*,*,#1386,.F.);
#1388=CARTESIAN_POINT('',(-2.500109838,2.05,1.05));
#1389=VERTEX_POINT('',#1388);
#1390=CARTESIAN_POINT('',(-2.500109838,2.05,1.05));
#1391=DIRECTION('',(-1.,-0.,-0.));
#1392=VECTOR('',#1391,0.249890162);
#1393=LINE('',#1390,#1392);
#1394=EDGE_CURVE('NONE',#1389,#1381,#1393,.T.);
#1395=ORIENTED_EDGE('',*,*,#1394,.F.);
#1396=CARTESIAN_POINT('',(-2.2,1.775,1.05));
#1397=VERTEX_POINT('',#1396);
#1398=CARTESIAN_POINT('',(-2.2,1.775,1.05));
#1399=DIRECTION('',(-0.737277337,0.675590208,-0.));
#1400=VECTOR('',#1399,0.407051489);
#1401=LINE('',#1398,#1400);
#1402=EDGE_CURVE('NONE',#1397,#1389,#1401,.T.);
#1403=ORIENTED_EDGE('',*,*,#1402,.F.);
#1404=CARTESIAN_POINT('',(-1.899890162,2.05,1.05));
#1405=VERTEX_POINT('',#1404);
#1406=CARTESIAN_POINT('',(-1.899890162,2.05,1.05));
#1407=DIRECTION('',(-0.737277337,-0.675590208,-0.));
#1408=VECTOR('',#1407,0.407051489);
#1409=LINE('',#1406,#1408);
#1410=EDGE_CURVE('NONE',#1405,#1397,#1409,.T.);
#1411=ORIENTED_EDGE('',*,*,#1410,.F.);
#1412=CARTESIAN_POINT('',(-1.2,2.05,1.05));
#1413=VERTEX_POINT('',#1412);
#1414=CARTESIAN_POINT('',(-1.2,2.05,1.05));
#1415=DIRECTION('',(-1.,-0.,-0.));
#1416=VECTOR('',#1415,0.699890162);
#1417=LINE('',#1414,#1416);
#1418=EDGE_CURVE('NONE',#1413,#1405,#1417,.T.);
#1419=ORIENTED_EDGE('',*,*,#1418,.F.);
#1420=CARTESIAN_POINT('',(-1.2,1.775,1.05));
#1421=VERTEX_POINT('',#1420);
#1422=CARTESIAN_POINT('',(-1.2,2.05,1.05));
#1423=DIRECTION('',(0.,-1.,0.));
#1424=VECTOR('',#1423,0.275);
#1425=LINE('',#1422,#1424);
#1426=EDGE_CURVE('NONE',#1413,#1421,#1425,.T.);
#1427=ORIENTED_EDGE('',*,*,#1426,.T.);
#1428=CARTESIAN_POINT('',(-0.75,1.775,1.05));
#1429=VERTEX_POINT('',#1428);
#1430=CARTESIAN_POINT('',(-0.75,1.775,1.05));
#1431=DIRECTION('',(-1.,0.,-0.));
#1432=VECTOR('',#1431,0.45);
#1433=LINE('',#1430,#1432);
#1434=EDGE_CURVE('NONE',#1429,#1421,#1433,.T.);
#1435=ORIENTED_EDGE('',*,*,#1434,.F.);
#1436=CARTESIAN_POINT('',(-0.75,2.05,1.05));
#1437=VERTEX_POINT('',#1436);
#1438=CARTESIAN_POINT('',(-0.75,2.05,1.05));
#1439=DIRECTION('',(-0.,-1.,0.));
#1440=VECTOR('',#1439,0.275);
#1441=LINE('',#1438,#1440);
#1442=EDGE_CURVE('NONE',#1437,#1429,#1441,.T.);
#1443=ORIENTED_EDGE('',*,*,#1442,.F.);
#1444=CARTESIAN_POINT('',(0.75,2.05,1.05));
#1445=VERTEX_POINT('',#1444);
#1446=CARTESIAN_POINT('',(0.75,2.05,1.05));
#1447=DIRECTION('',(-1.,-0.,-0.));
#1448=VECTOR('',#1447,1.5);
#1449=LINE('',#1446,#1448);
#1450=EDGE_CURVE('NONE',#1445,#1437,#1449,.T.);
#1451=ORIENTED_EDGE('',*,*,#1450,.F.);
#1452=CARTESIAN_POINT('',(0.75,1.775,1.05));
#1453=VERTEX_POINT('',#1452);
#1454=CARTESIAN_POINT('',(0.75,2.05,1.05));
#1455=DIRECTION('',(0.,-1.,0.));
#1456=VECTOR('',#1455,0.275);
#1457=LINE('',#1454,#1456);
#1458=EDGE_CURVE('NONE',#1445,#1453,#1457,.T.);
#1459=ORIENTED_EDGE('',*,*,#1458,.T.);
#1460=CARTESIAN_POINT('',(1.2,1.775,1.05));
#1461=VERTEX_POINT('',#1460);
#1462=CARTESIAN_POINT('',(0.75,1.775,1.05));
#1463=DIRECTION('',(1.,0.,0.));
#1464=VECTOR('',#1463,0.45);
#1465=LINE('',#1462,#1464);
#1466=EDGE_CURVE('NONE',#1453,#1461,#1465,.T.);
#1467=ORIENTED_EDGE('',*,*,#1466,.T.);
#1468=CARTESIAN_POINT('',(1.2,2.05,1.05));
#1469=VERTEX_POINT('',#1468);
#1470=CARTESIAN_POINT('',(1.2,2.05,1.05));
#1471=DIRECTION('',(0.,-1.,0.));
#1472=VECTOR('',#1471,0.275);
#1473=LINE('',#1470,#1472);
#1474=EDGE_CURVE('NONE',#1469,#1461,#1473,.T.);
#1475=ORIENTED_EDGE('',*,*,#1474,.F.);
#1476=CARTESIAN_POINT('',(1.899890162,2.05,1.05));
#1477=VERTEX_POINT('',#1476);
#1478=CARTESIAN_POINT('',(1.899890162,2.05,1.05));
#1479=DIRECTION('',(-1.,-0.,-0.));
#1480=VECTOR('',#1479,0.699890162);
#1481=LINE('',#1478,#1480);
#1482=EDGE_CURVE('NONE',#1477,#1469,#1481,.T.);
#1483=ORIENTED_EDGE('',*,*,#1482,.F.);
#1484=CARTESIAN_POINT('',(2.2,1.775,1.05));
#1485=VERTEX_POINT('',#1484);
#1486=CARTESIAN_POINT('',(1.899890162,2.05,1.05));
#1487=DIRECTION('',(0.737277337,-0.675590208,0.));
#1488=VECTOR('',#1487,0.407051489);
#1489=LINE('',#1486,#1488);
#1490=EDGE_CURVE('NONE',#1477,#1485,#1489,.T.);
#1491=ORIENTED_EDGE('',*,*,#1490,.T.);
#1492=CARTESIAN_POINT('',(2.500109838,2.05,1.05));
#1493=VERTEX_POINT('',#1492);
#1494=CARTESIAN_POINT('',(2.2,1.775,1.05));
#1495=DIRECTION('',(0.737277337,0.675590208,-0.));
#1496=VECTOR('',#1495,0.407051489);
#1497=LINE('',#1494,#1496);
#1498=EDGE_CURVE('NONE',#1485,#1493,#1497,.T.);
#1499=ORIENTED_EDGE('',*,*,#1498,.T.);
#1500=CARTESIAN_POINT('',(2.75,2.05,1.05));
#1501=VERTEX_POINT('',#1500);
#1502=CARTESIAN_POINT('',(2.75,2.05,1.05));
#1503=DIRECTION('',(-1.,-0.,-0.));
#1504=VECTOR('',#1503,0.249890162);
#1505=LINE('',#1502,#1504);
#1506=EDGE_CURVE('NONE',#1501,#1493,#1505,.T.);
#1507=ORIENTED_EDGE('',*,*,#1506,.F.);
#1508=CARTESIAN_POINT('',(2.75,1.5,1.05));
#1509=DIRECTION('',(0.,1.,-0.));
#1510=VECTOR('',#1509,0.55);
#1511=LINE('',#1508,#1510);
#1512=EDGE_CURVE('NONE',#1014,#1501,#1511,.T.);
#1513=ORIENTED_EDGE('',*,*,#1512,.F.);
#1514=ORIENTED_EDGE('',*,*,#1019,.F.);
#1515=CARTESIAN_POINT('',(3.,0.,1.05));
#1516=DIRECTION('',(-0.,1.,-0.));
#1517=VECTOR('',#1516,1.5);
#1518=LINE('',#1515,#1517);
#1519=EDGE_CURVE('NONE',#974,#1005,#1518,.T.);
#1520=ORIENTED_EDGE('',*,*,#1519,.F.);
#1521=ORIENTED_EDGE('',*,*,#979,.F.);
#1522=CARTESIAN_POINT('',(2.75,-0.55,1.05));
#1523=VERTEX_POINT('',#1522);
#1524=CARTESIAN_POINT('',(2.75,-0.55,1.05));
#1525=DIRECTION('',(0.,1.,-0.));
#1526=VECTOR('',#1525,0.55);
#1527=LINE('',#1524,#1526);
#1528=EDGE_CURVE('NONE',#1523,#966,#1527,.T.);
#1529=ORIENTED_EDGE('',*,*,#1528,.F.);
#1530=CARTESIAN_POINT('',(2.500109838,-0.55,1.05));
#1531=VERTEX_POINT('',#1530);
#1532=CARTESIAN_POINT('',(2.500109838,-0.55,1.05));
#1533=DIRECTION('',(1.,0.,0.));
#1534=VECTOR('',#1533,0.249890162);
#1535=LINE('',#1532,#1534);
#1536=EDGE_CURVE('NONE',#1531,#1523,#1535,.T.);
#1537=ORIENTED_EDGE('',*,*,#1536,.F.);
#1538=CARTESIAN_POINT('',(2.2,-0.275,1.05));
#1539=VERTEX_POINT('',#1538);
#1540=CARTESIAN_POINT('',(2.2,-0.275,1.05));
#1541=DIRECTION('',(0.737277337,-0.675590208,0.));
#1542=VECTOR('',#1541,0.407051489);
#1543=LINE('',#1540,#1542);
#1544=EDGE_CURVE('NONE',#1539,#1531,#1543,.T.);
#1545=ORIENTED_EDGE('',*,*,#1544,.F.);
#1546=CARTESIAN_POINT('',(1.899890162,-0.55,1.05));
#1547=VERTEX_POINT('',#1546);
#1548=CARTESIAN_POINT('',(1.899890162,-0.55,1.05));
#1549=DIRECTION('',(0.737277337,0.675590208,0.));
#1550=VECTOR('',#1549,0.407051489);
#1551=LINE('',#1548,#1550);
#1552=EDGE_CURVE('NONE',#1547,#1539,#1551,.T.);
#1553=ORIENTED_EDGE('',*,*,#1552,.F.);
#1554=CARTESIAN_POINT('',(1.2,-0.55,1.05));
#1555=VERTEX_POINT('',#1554);
#1556=CARTESIAN_POINT('',(1.2,-0.55,1.05));
#1557=DIRECTION('',(1.,0.,0.));
#1558=VECTOR('',#1557,0.699890162);
#1559=LINE('',#1556,#1558);
#1560=EDGE_CURVE('NONE',#1555,#1547,#1559,.T.);
#1561=ORIENTED_EDGE('',*,*,#1560,.F.);
#1562=CARTESIAN_POINT('',(1.2,-0.275,1.05));
#1563=VERTEX_POINT('',#1562);
#1564=CARTESIAN_POINT('',(1.2,-0.55,1.05));
#1565=DIRECTION('',(-0.,1.,-0.));
#1566=VECTOR('',#1565,0.275);
#1567=LINE('',#1564,#1566);
#1568=EDGE_CURVE('NONE',#1555,#1563,#1567,.T.);
#1569=ORIENTED_EDGE('',*,*,#1568,.T.);
#1570=CARTESIAN_POINT('',(0.75,-0.275,1.05));
#1571=VERTEX_POINT('',#1570);
#1572=CARTESIAN_POINT('',(0.75,-0.275,1.05));
#1573=DIRECTION('',(1.,-0.,0.));
#1574=VECTOR('',#1573,0.45);
#1575=LINE('',#1572,#1574);
#1576=EDGE_CURVE('NONE',#1571,#1563,#1575,.T.);
#1577=ORIENTED_EDGE('',*,*,#1576,.F.);
#1578=CARTESIAN_POINT('',(0.75,-0.55,1.05));
#1579=VERTEX_POINT('',#1578);
#1580=CARTESIAN_POINT('',(0.75,-0.55,1.05));
#1581=DIRECTION('',(0.,1.,-0.));
#1582=VECTOR('',#1581,0.275);
#1583=LINE('',#1580,#1582);
#1584=EDGE_CURVE('NONE',#1579,#1571,#1583,.T.);
#1585=ORIENTED_EDGE('',*,*,#1584,.F.);
#1586=CARTESIAN_POINT('',(-0.75,-0.55,1.05));
#1587=VERTEX_POINT('',#1586);
#1588=CARTESIAN_POINT('',(-0.75,-0.55,1.05));
#1589=DIRECTION('',(1.,0.,0.));
#1590=VECTOR('',#1589,1.5);
#1591=LINE('',#1588,#1590);
#1592=EDGE_CURVE('NONE',#1587,#1579,#1591,.T.);
#1593=ORIENTED_EDGE('',*,*,#1592,.F.);
#1594=CARTESIAN_POINT('',(-0.75,-0.275,1.05));
#1595=VERTEX_POINT('',#1594);
#1596=CARTESIAN_POINT('',(-0.75,-0.55,1.05));
#1597=DIRECTION('',(-0.,1.,-0.));
#1598=VECTOR('',#1597,0.275);
#1599=LINE('',#1596,#1598);
#1600=EDGE_CURVE('NONE',#1587,#1595,#1599,.T.);
#1601=ORIENTED_EDGE('',*,*,#1600,.T.);
#1602=CARTESIAN_POINT('',(-1.2,-0.275,1.05));
#1603=VERTEX_POINT('',#1602);
#1604=CARTESIAN_POINT('',(-0.75,-0.275,1.05));
#1605=DIRECTION('',(-1.,-0.,-0.));
#1606=VECTOR('',#1605,0.45);
#1607=LINE('',#1604,#1606);
#1608=EDGE_CURVE('NONE',#1595,#1603,#1607,.T.);
#1609=ORIENTED_EDGE('',*,*,#1608,.T.);
#1610=CARTESIAN_POINT('',(-1.2,-0.55,1.05));
#1611=VERTEX_POINT('',#1610);
#1612=CARTESIAN_POINT('',(-1.2,-0.55,1.05));
#1613=DIRECTION('',(0.,1.,-0.));
#1614=VECTOR('',#1613,0.275);
#1615=LINE('',#1612,#1614);
#1616=EDGE_CURVE('NONE',#1611,#1603,#1615,.T.);
#1617=ORIENTED_EDGE('',*,*,#1616,.F.);
#1618=CARTESIAN_POINT('',(-1.899890162,-0.55,1.05));
#1619=VERTEX_POINT('',#1618);
#1620=CARTESIAN_POINT('',(-1.899890162,-0.55,1.05));
#1621=DIRECTION('',(1.,0.,0.));
#1622=VECTOR('',#1621,0.699890162);
#1623=LINE('',#1620,#1622);
#1624=EDGE_CURVE('NONE',#1619,#1611,#1623,.T.);
#1625=ORIENTED_EDGE('',*,*,#1624,.F.);
#1626=CARTESIAN_POINT('',(-2.2,-0.275,1.05));
#1627=VERTEX_POINT('',#1626);
#1628=CARTESIAN_POINT('',(-1.899890162,-0.55,1.05));
#1629=DIRECTION('',(-0.737277337,0.675590208,-0.));
#1630=VECTOR('',#1629,0.407051489);
#1631=LINE('',#1628,#1630);
#1632=EDGE_CURVE('NONE',#1619,#1627,#1631,.T.);
#1633=ORIENTED_EDGE('',*,*,#1632,.T.);
#1634=CARTESIAN_POINT('',(-2.500109838,-0.55,1.05));
#1635=VERTEX_POINT('',#1634);
#1636=CARTESIAN_POINT('',(-2.2,-0.275,1.05));
#1637=DIRECTION('',(-0.737277337,-0.675590208,0.));
#1638=VECTOR('',#1637,0.407051489);
#1639=LINE('',#1636,#1638);
#1640=EDGE_CURVE('NONE',#1627,#1635,#1639,.T.);
#1641=ORIENTED_EDGE('',*,*,#1640,.T.);
#1642=CARTESIAN_POINT('',(-2.75,-0.55,1.05));
#1643=VERTEX_POINT('',#1642);
#1644=CARTESIAN_POINT('',(-2.75,-0.55,1.05));
#1645=DIRECTION('',(1.,0.,0.));
#1646=VECTOR('',#1645,0.249890162);
#1647=LINE('',#1644,#1646);
#1648=EDGE_CURVE('NONE',#1643,#1635,#1647,.T.);
#1649=ORIENTED_EDGE('',*,*,#1648,.F.);
#1650=CARTESIAN_POINT('',(-2.75,0.,1.05));
#1651=VERTEX_POINT('',#1650);
#1652=CARTESIAN_POINT('',(-2.75,0.,1.05));
#1653=DIRECTION('',(0.,-1.,0.));
#1654=VECTOR('',#1653,0.55);
#1655=LINE('',#1652,#1654);
#1656=EDGE_CURVE('NONE',#1651,#1643,#1655,.T.);
#1657=ORIENTED_EDGE('',*,*,#1656,.F.);
#1658=CARTESIAN_POINT('',(-3.,0.,1.05));
#1659=DIRECTION('',(1.,0.,0.));
#1660=VECTOR('',#1659,0.25);
#1661=LINE('',#1658,#1660);
#1662=EDGE_CURVE('NONE',#1365,#1651,#1661,.T.);
#1663=ORIENTED_EDGE('',*,*,#1662,.F.);
#1664=EDGE_LOOP('',(#1371,#1379,#1387,#1395,#1403,#1411,#1419,#1427,#1435,#1443,#1451,#1459,#1467,#1475,#1483,#1491,#1499,#1507,#1513,#1514,#1520,#1521,#1529,#1537,#1545,#1553,
#1561,#1569,#1577,#1585,#1593,#1601,#1609,#1617,#1625,#1633,#1641,#1649,#1657,#1663));
#1665=FACE_BOUND('',#1664,.T.);
#1666=ADVANCED_FACE('NONE',(#1665),#1361,.F.);
#1667=CARTESIAN_POINT('',(-0.,1.5,1.25));
#1668=DIRECTION('',(0.,1.,-0.));
#1669=DIRECTION('',(-1.,-0.,-0.));
#1670=AXIS2_PLACEMENT_3D('',#1667,#1668,#1669);
#1671=PLANE('',#1670);
#1672=ORIENTED_EDGE('',*,*,#1378,.T.);
#1673=CARTESIAN_POINT('',(-3.,1.5,0.9));
#1674=DIRECTION('',(0.,1.,-0.));
#1675=DIRECTION('',(-1.,0.,0.));
#1676=AXIS2_PLACEMENT_3D('',#1673,#1674,#1675);
#1677=CIRCLE('',#1676,0.15);
#1678=EDGE_CURVE('NONE',#727,#1363,#1677,.T.);
#1679=ORIENTED_EDGE('',*,*,#1678,.F.);
#1680=ORIENTED_EDGE('',*,*,#732,.F.);
#1681=CARTESIAN_POINT('',(-3.35,1.5,0.55));
#1682=DIRECTION('',(1.,0.,0.));
#1683=VECTOR('',#1682,0.2);
#1684=LINE('',#1681,#1683);
#1685=EDGE_CURVE('NONE',#551,#719,#1684,.T.);
#1686=ORIENTED_EDGE('',*,*,#1685,.F.);
#1687=ORIENTED_EDGE('',*,*,#556,.T.);
#1688=CARTESIAN_POINT('',(-3.,1.5,0.9));
#1689=DIRECTION('',(0.,1.,-0.));
#1690=DIRECTION('',(-1.,0.,0.));
#1691=AXIS2_PLACEMENT_3D('',#1688,#1689,#1690);
#1692=CIRCLE('',#1691,0.35);
#1693=EDGE_CURVE('NONE',#543,#1055,#1692,.T.);
#1694=ORIENTED_EDGE('',*,*,#1693,.T.);
#1695=ORIENTED_EDGE('',*,*,#1060,.F.);
#1696=CARTESIAN_POINT('',(-2.75,1.5,1.05));
#1697=DIRECTION('',(-0.,0.,1.));
#1698=VECTOR('',#1697,0.2);
#1699=LINE('',#1696,#1698);
#1700=EDGE_CURVE('NONE',#1373,#1053,#1699,.T.);
#1701=ORIENTED_EDGE('',*,*,#1700,.F.);
#1702=EDGE_LOOP('',(#1672,#1679,#1680,#1686,#1687,#1694,#1695,#1701));
#1703=FACE_BOUND('',#1702,.T.);
#1704=ADVANCED_FACE('NONE',(#1703),#1671,.T.);
#1705=CARTESIAN_POINT('',(-1.2,0.75,1.25));
#1706=DIRECTION('',(1.,-0.,0.));
#1707=DIRECTION('',(0.,1.,-0.));
#1708=AXIS2_PLACEMENT_3D('',#1705,#1706,#1707);
#1709=PLANE('',#1708);
#1710=CARTESIAN_POINT('',(-1.2,-0.55,1.05));
#1711=DIRECTION('',(-0.,0.,1.));
#1712=VECTOR('',#1711,0.2);
#1713=LINE('',#1710,#1712);
#1714=EDGE_CURVE('NONE',#1611,#1111,#1713,.T.);
#1715=ORIENTED_EDGE('',*,*,#1714,.F.);
#1716=ORIENTED_EDGE('',*,*,#1616,.T.);
#1717=CARTESIAN_POINT('',(-1.2,-0.275,1.05));
#1718=DIRECTION('',(-0.,0.,1.));
#1719=VECTOR('',#1718,0.2);
#1720=LINE('',#1717,#1719);
#1721=EDGE_CURVE('NONE',#1603,#1119,#1720,.T.);
#1722=ORIENTED_EDGE('',*,*,#1721,.T.);
#1723=ORIENTED_EDGE('',*,*,#1124,.F.);
#1724=EDGE_LOOP('',(#1715,#1716,#1722,#1723));
#1725=FACE_BOUND('',#1724,.T.);
#1726=ADVANCED_FACE('NONE',(#1725),#1709,.T.);
#1727=CARTESIAN_POINT('',(-0.,-0.275,1.25));
#1728=DIRECTION('',(0.,1.,-0.));
#1729=DIRECTION('',(-1.,0.,-0.));
#1730=AXIS2_PLACEMENT_3D('',#1727,#1728,#1729);
#1731=PLANE('',#1730);
#1732=ORIENTED_EDGE('',*,*,#1721,.F.);
#1733=ORIENTED_EDGE('',*,*,#1608,.F.);
#1734=CARTESIAN_POINT('',(-0.75,-0.275,1.05));
#1735=DIRECTION('',(-0.,0.,1.));
#1736=VECTOR('',#1735,0.2);
#1737=LINE('',#1734,#1736);
#1738=EDGE_CURVE('NONE',#1595,#1127,#1737,.T.);
#1739=ORIENTED_EDGE('',*,*,#1738,.T.);
#1740=ORIENTED_EDGE('',*,*,#1132,.T.);
#1741=EDGE_LOOP('',(#1732,#1733,#1739,#1740));
#1742=FACE_BOUND('',#1741,.T.);
#1743=ADVANCED_FACE('NONE',(#1742),#1731,.F.);
#1744=CARTESIAN_POINT('',(-0.75,0.75,1.25));
#1745=DIRECTION('',(1.,0.,0.));
#1746=DIRECTION('',(-0.,1.,-0.));
#1747=AXIS2_PLACEMENT_3D('',#1744,#1745,#1746);
#1748=PLANE('',#1747);
#1749=ORIENTED_EDGE('',*,*,#1738,.F.);
#1750=ORIENTED_EDGE('',*,*,#1600,.F.);
#1751=CARTESIAN_POINT('',(-0.75,-0.55,1.05));
#1752=DIRECTION('',(-0.,0.,1.));
#1753=VECTOR('',#1752,0.2);
#1754=LINE('',#1751,#1753);
#1755=EDGE_CURVE('NONE',#1587,#1135,#1754,.T.);
#1756=ORIENTED_EDGE('',*,*,#1755,.T.);
#1757=ORIENTED_EDGE('',*,*,#1140,.T.);
#1758=EDGE_LOOP('',(#1749,#1750,#1756,#1757));
#1759=FACE_BOUND('',#1758,.T.);
#1760=ADVANCED_FACE('NONE',(#1759),#1748,.F.);
#1761=CARTESIAN_POINT('',(-0.,-0.55,1.25));
#1762=DIRECTION('',(0.,-1.,0.));
#1763=DIRECTION('',(1.,0.,0.));
#1764=AXIS2_PLACEMENT_3D('',#1761,#1762,#1763);
#1765=PLANE('',#1764);
#1766=ORIENTED_EDGE('',*,*,#1755,.F.);
#1767=ORIENTED_EDGE('',*,*,#1592,.T.);
#1768=CARTESIAN_POINT('',(0.75,-0.55,1.05));
#1769=DIRECTION('',(-0.,0.,1.));
#1770=VECTOR('',#1769,0.2);
#1771=LINE('',#1768,#1770);
#1772=EDGE_CURVE('NONE',#1579,#1143,#1771,.T.);
#1773=ORIENTED_EDGE('',*,*,#1772,.T.);
#1774=ORIENTED_EDGE('',*,*,#1148,.F.);
#1775=EDGE_LOOP('',(#1766,#1767,#1773,#1774));
#1776=FACE_BOUND('',#1775,.T.);
#1777=ADVANCED_FACE('NONE',(#1776),#1765,.T.);
#1778=CARTESIAN_POINT('',(0.75,0.75,1.25));
#1779=DIRECTION('',(1.,-0.,0.));
#1780=DIRECTION('',(0.,1.,-0.));
#1781=AXIS2_PLACEMENT_3D('',#1778,#1779,#1780);
#1782=PLANE('',#1781);
#1783=ORIENTED_EDGE('',*,*,#1772,.F.);
#1784=ORIENTED_EDGE('',*,*,#1584,.T.);
#1785=CARTESIAN_POINT('',(0.75,-0.275,1.05));
#1786=DIRECTION('',(-0.,0.,1.));
#1787=VECTOR('',#1786,0.2);
#1788=LINE('',#1785,#1787);
#1789=EDGE_CURVE('NONE',#1571,#1151,#1788,.T.);
#1790=ORIENTED_EDGE('',*,*,#1789,.T.);
#1791=ORIENTED_EDGE('',*,*,#1156,.F.);
#1792=EDGE_LOOP('',(#1783,#1784,#1790,#1791));
#1793=FACE_BOUND('',#1792,.T.);
#1794=ADVANCED_FACE('NONE',(#1793),#1782,.T.);
#1795=CARTESIAN_POINT('',(-0.,-0.275,1.25));
#1796=DIRECTION('',(-0.,-1.,0.));
#1797=DIRECTION('',(1.,-0.,0.));
#1798=AXIS2_PLACEMENT_3D('',#1795,#1796,#1797);
#1799=PLANE('',#1798);
#1800=ORIENTED_EDGE('',*,*,#1789,.F.);
#1801=ORIENTED_EDGE('',*,*,#1576,.T.);
#1802=CARTESIAN_POINT('',(1.2,-0.275,1.05));
#1803=DIRECTION('',(-0.,0.,1.));
#1804=VECTOR('',#1803,0.2);
#1805=LINE('',#1802,#1804);
#1806=EDGE_CURVE('NONE',#1563,#1159,#1805,.T.);
#1807=ORIENTED_EDGE('',*,*,#1806,.T.);
#1808=ORIENTED_EDGE('',*,*,#1164,.F.);
#1809=EDGE_LOOP('',(#1800,#1801,#1807,#1808));
#1810=FACE_BOUND('',#1809,.T.);
#1811=ADVANCED_FACE('NONE',(#1810),#1799,.T.);
#1812=CARTESIAN_POINT('',(1.2,0.75,1.25));
#1813=DIRECTION('',(1.,0.,0.));
#1814=DIRECTION('',(0.,1.,-0.));
#1815=AXIS2_PLACEMENT_3D('',#1812,#1813,#1814);
#1816=PLANE('',#1815);
#1817=ORIENTED_EDGE('',*,*,#1806,.F.);
#1818=ORIENTED_EDGE('',*,*,#1568,.F.);
#1819=CARTESIAN_POINT('',(1.2,-0.55,1.05));
#1820=DIRECTION('',(-0.,0.,1.));
#1821=VECTOR('',#1820,0.2);
#1822=LINE('',#1819,#1821);
#1823=EDGE_CURVE('NONE',#1555,#1167,#1822,.T.);
#1824=ORIENTED_EDGE('',*,*,#1823,.T.);
#1825=ORIENTED_EDGE('',*,*,#1172,.T.);
#1826=EDGE_LOOP('',(#1817,#1818,#1824,#1825));
#1827=FACE_BOUND('',#1826,.T.);
#1828=ADVANCED_FACE('NONE',(#1827),#1816,.F.);
#1829=CARTESIAN_POINT('',(-0.,-0.55,1.25));
#1830=DIRECTION('',(0.,-1.,0.));
#1831=DIRECTION('',(1.,0.,0.));
#1832=AXIS2_PLACEMENT_3D('',#1829,#1830,#1831);
#1833=PLANE('',#1832);
#1834=ORIENTED_EDGE('',*,*,#1823,.F.);
#1835=ORIENTED_EDGE('',*,*,#1560,.T.);
#1836=CARTESIAN_POINT('',(1.899890162,-0.55,1.05));
#1837=DIRECTION('',(-0.,0.,1.));
#1838=VECTOR('',#1837,0.2);
#1839=LINE('',#1836,#1838);
#1840=EDGE_CURVE('NONE',#1547,#1175,#1839,.T.);
#1841=ORIENTED_EDGE('',*,*,#1840,.T.);
#1842=ORIENTED_EDGE('',*,*,#1180,.F.);
#1843=EDGE_LOOP('',(#1834,#1835,#1841,#1842));
#1844=FACE_BOUND('',#1843,.T.);
#1845=ADVANCED_FACE('NONE',(#1844),#1833,.T.);
#1846=CARTESIAN_POINT('',(1.514678466,-0.902981486,1.25));
#1847=DIRECTION('',(0.675590208,-0.737277337,0.));
#1848=DIRECTION('',(0.737277337,0.675590208,0.));
#1849=AXIS2_PLACEMENT_3D('',#1846,#1847,#1848);
#1850=PLANE('',#1849);
#1851=ORIENTED_EDGE('',*,*,#1840,.F.);
#1852=ORIENTED_EDGE('',*,*,#1552,.T.);
#1853=CARTESIAN_POINT('',(2.2,-0.275,1.05));
#1854=DIRECTION('',(-0.,0.,1.));
#1855=VECTOR('',#1854,0.2);
#1856=LINE('',#1853,#1855);
#1857=EDGE_CURVE('NONE',#1539,#1183,#1856,.T.);
#1858=ORIENTED_EDGE('',*,*,#1857,.T.);
#1859=ORIENTED_EDGE('',*,*,#1188,.F.);
#1860=EDGE_LOOP('',(#1851,#1852,#1858,#1859));
#1861=FACE_BOUND('',#1860,.T.);
#1862=ADVANCED_FACE('NONE',(#1861),#1850,.T.);
#1863=CARTESIAN_POINT('',(0.4935789,1.28864685,1.25));
#1864=DIRECTION('',(-0.675590208,-0.737277337,-0.));
#1865=DIRECTION('',(0.737277337,-0.675590208,0.));
#1866=AXIS2_PLACEMENT_3D('',#1863,#1864,#1865);
#1867=PLANE('',#1866);
#1868=ORIENTED_EDGE('',*,*,#1857,.F.);
#1869=ORIENTED_EDGE('',*,*,#1544,.T.);
#1870=CARTESIAN_POINT('',(2.500109838,-0.55,1.05));
#1871=DIRECTION('',(-0.,0.,1.));
#1872=VECTOR('',#1871,0.2);
#1873=LINE('',#1870,#1872);
#1874=EDGE_CURVE('NONE',#1531,#1191,#1873,.T.);
#1875=ORIENTED_EDGE('',*,*,#1874,.T.);
#1876=ORIENTED_EDGE('',*,*,#1196,.F.);
#1877=EDGE_LOOP('',(#1868,#1869,#1875,#1876));
#1878=FACE_BOUND('',#1877,.T.);
#1879=ADVANCED_FACE('NONE',(#1878),#1867,.T.);
#1880=CARTESIAN_POINT('',(-0.,-0.55,1.25));
#1881=DIRECTION('',(0.,-1.,0.));
#1882=DIRECTION('',(1.,0.,0.));
#1883=AXIS2_PLACEMENT_3D('',#1880,#1881,#1882);
#1884=PLANE('',#1883);
#1885=ORIENTED_EDGE('',*,*,#1874,.F.);
#1886=ORIENTED_EDGE('',*,*,#1536,.T.);
#1887=CARTESIAN_POINT('',(2.75,-0.55,1.05));
#1888=DIRECTION('',(-0.,0.,1.));
#1889=VECTOR('',#1888,0.2);
#1890=LINE('',#1887,#1889);
#1891=EDGE_CURVE('NONE',#1523,#1199,#1890,.T.);
#1892=ORIENTED_EDGE('',*,*,#1891,.T.);
#1893=ORIENTED_EDGE('',*,*,#1204,.F.);
#1894=EDGE_LOOP('',(#1885,#1886,#1892,#1893));
#1895=FACE_BOUND('',#1894,.T.);
#1896=ADVANCED_FACE('NONE',(#1895),#1884,.T.);
#1897=CARTESIAN_POINT('',(2.75,0.75,1.25));
#1898=DIRECTION('',(1.,0.,0.));
#1899=DIRECTION('',(0.,1.,-0.));
#1900=AXIS2_PLACEMENT_3D('',#1897,#1898,#1899);
#1901=PLANE('',#1900);
#1902=ORIENTED_EDGE('',*,*,#1891,.F.);
#1903=ORIENTED_EDGE('',*,*,#1528,.T.);
#1904=ORIENTED_EDGE('',*,*,#971,.T.);
#1905=ORIENTED_EDGE('',*,*,#1210,.F.);
#1906=EDGE_LOOP('',(#1902,#1903,#1904,#1905));
#1907=FACE_BOUND('',#1906,.T.);
#1908=ADVANCED_FACE('NONE',(#1907),#1901,.T.);
#1909=CARTESIAN_POINT('',(2.75,0.75,1.25));
#1910=DIRECTION('',(1.,0.,0.));
#1911=DIRECTION('',(0.,1.,-0.));
#1912=AXIS2_PLACEMENT_3D('',#1909,#1910,#1911);
#1913=PLANE('',#1912);
#1914=ORIENTED_EDGE('',*,*,#1027,.F.);
#1915=ORIENTED_EDGE('',*,*,#1512,.T.);
#1916=CARTESIAN_POINT('',(2.75,2.05,1.05));
#1917=DIRECTION('',(-0.,0.,1.));
#1918=VECTOR('',#1917,0.2);
#1919=LINE('',#1916,#1918);
#1920=EDGE_CURVE('NONE',#1501,#1221,#1919,.T.);
#1921=ORIENTED_EDGE('',*,*,#1920,.T.);
#1922=ORIENTED_EDGE('',*,*,#1226,.F.);
#1923=EDGE_LOOP('',(#1914,#1915,#1921,#1922));
#1924=FACE_BOUND('',#1923,.T.);
#1925=ADVANCED_FACE('NONE',(#1924),#1913,.T.);
#1926=CARTESIAN_POINT('',(-0.,2.05,1.25));
#1927=DIRECTION('',(0.,1.,-0.));
#1928=DIRECTION('',(-1.,-0.,-0.));
#1929=AXIS2_PLACEMENT_3D('',#1926,#1927,#1928);
#1930=PLANE('',#1929);
#1931=ORIENTED_EDGE('',*,*,#1920,.F.);
#1932=ORIENTED_EDGE('',*,*,#1506,.T.);
#1933=CARTESIAN_POINT('',(2.500109838,2.05,1.05));
#1934=DIRECTION('',(-0.,0.,1.));
#1935=VECTOR('',#1934,0.2);
#1936=LINE('',#1933,#1935);
#1937=EDGE_CURVE('NONE',#1493,#1229,#1936,.T.);
#1938=ORIENTED_EDGE('',*,*,#1937,.T.);
#1939=ORIENTED_EDGE('',*,*,#1234,.F.);
#1940=EDGE_LOOP('',(#1931,#1932,#1938,#1939));
#1941=FACE_BOUND('',#1940,.T.);
#1942=ADVANCED_FACE('NONE',(#1941),#1930,.T.);
#1943=CARTESIAN_POINT('',(0.4935789,0.21135315,1.25));
#1944=DIRECTION('',(0.675590208,-0.737277337,0.));
#1945=DIRECTION('',(0.737277337,0.675590208,0.));
#1946=AXIS2_PLACEMENT_3D('',#1943,#1944,#1945);
#1947=PLANE('',#1946);
#1948=ORIENTED_EDGE('',*,*,#1937,.F.);
#1949=ORIENTED_EDGE('',*,*,#1498,.F.);
#1950=CARTESIAN_POINT('',(2.2,1.775,1.05));
#1951=DIRECTION('',(-0.,0.,1.));
#1952=VECTOR('',#1951,0.2);
#1953=LINE('',#1950,#1952);
#1954=EDGE_CURVE('NONE',#1485,#1237,#1953,.T.);
#1955=ORIENTED_EDGE('',*,*,#1954,.T.);
#1956=ORIENTED_EDGE('',*,*,#1242,.T.);
#1957=EDGE_LOOP('',(#1948,#1949,#1955,#1956));
#1958=FACE_BOUND('',#1957,.T.);
#1959=ADVANCED_FACE('NONE',(#1958),#1947,.F.);
#1960=CARTESIAN_POINT('',(1.514678466,2.402981486,1.25));
#1961=DIRECTION('',(-0.675590208,-0.737277337,-0.));
#1962=DIRECTION('',(0.737277337,-0.675590208,0.));
#1963=AXIS2_PLACEMENT_3D('',#1960,#1961,#1962);
#1964=PLANE('',#1963);
#1965=ORIENTED_EDGE('',*,*,#1954,.F.);
#1966=ORIENTED_EDGE('',*,*,#1490,.F.);
#1967=CARTESIAN_POINT('',(1.899890162,2.05,1.05));
#1968=DIRECTION('',(-0.,0.,1.));
#1969=VECTOR('',#1968,0.2);
#1970=LINE('',#1967,#1969);
#1971=EDGE_CURVE('NONE',#1477,#1245,#1970,.T.);
#1972=ORIENTED_EDGE('',*,*,#1971,.T.);
#1973=ORIENTED_EDGE('',*,*,#1250,.T.);
#1974=EDGE_LOOP('',(#1965,#1966,#1972,#1973));
#1975=FACE_BOUND('',#1974,.T.);
#1976=ADVANCED_FACE('NONE',(#1975),#1964,.F.);
#1977=CARTESIAN_POINT('',(-0.,2.05,1.25));
#1978=DIRECTION('',(0.,1.,-0.));
#1979=DIRECTION('',(-1.,-0.,-0.));
#1980=AXIS2_PLACEMENT_3D('',#1977,#1978,#1979);
#1981=PLANE('',#1980);
#1982=ORIENTED_EDGE('',*,*,#1971,.F.);
#1983=ORIENTED_EDGE('',*,*,#1482,.T.);
#1984=CARTESIAN_POINT('',(1.2,2.05,1.05));
#1985=DIRECTION('',(-0.,0.,1.));
#1986=VECTOR('',#1985,0.2);
#1987=LINE('',#1984,#1986);
#1988=EDGE_CURVE('NONE',#1469,#1253,#1987,.T.);
#1989=ORIENTED_EDGE('',*,*,#1988,.T.);
#1990=ORIENTED_EDGE('',*,*,#1258,.F.);
#1991=EDGE_LOOP('',(#1982,#1983,#1989,#1990));
#1992=FACE_BOUND('',#1991,.T.);
#1993=ADVANCED_FACE('NONE',(#1992),#1981,.T.);
#1994=CARTESIAN_POINT('',(1.2,0.75,1.25));
#1995=DIRECTION('',(-1.,-0.,-0.));
#1996=DIRECTION('',(0.,-1.,0.));
#1997=AXIS2_PLACEMENT_3D('',#1994,#1995,#1996);
#1998=PLANE('',#1997);
#1999=ORIENTED_EDGE('',*,*,#1988,.F.);
#2000=ORIENTED_EDGE('',*,*,#1474,.T.);
#2001=CARTESIAN_POINT('',(1.2,1.775,1.05));
#2002=DIRECTION('',(-0.,0.,1.));
#2003=VECTOR('',#2002,0.2);
#2004=LINE('',#2001,#2003);
#2005=EDGE_CURVE('NONE',#1461,#1261,#2004,.T.);
#2006=ORIENTED_EDGE('',*,*,#2005,.T.);
#2007=ORIENTED_EDGE('',*,*,#1266,.F.);
#2008=EDGE_LOOP('',(#1999,#2000,#2006,#2007));
#2009=FACE_BOUND('',#2008,.T.);
#2010=ADVANCED_FACE('NONE',(#2009),#1998,.T.);
#2011=CARTESIAN_POINT('',(-0.,1.775,1.25));
#2012=DIRECTION('',(0.,-1.,0.));
#2013=DIRECTION('',(1.,0.,0.));
#2014=AXIS2_PLACEMENT_3D('',#2011,#2012,#2013);
#2015=PLANE('',#2014);
#2016=ORIENTED_EDGE('',*,*,#2005,.F.);
#2017=ORIENTED_EDGE('',*,*,#1466,.F.);
#2018=CARTESIAN_POINT('',(0.75,1.775,1.05));
#2019=DIRECTION('',(-0.,0.,1.));
#2020=VECTOR('',#2019,0.2);
#2021=LINE('',#2018,#2020);
#2022=EDGE_CURVE('NONE',#1453,#1269,#2021,.T.);
#2023=ORIENTED_EDGE('',*,*,#2022,.T.);
#2024=ORIENTED_EDGE('',*,*,#1274,.T.);
#2025=EDGE_LOOP('',(#2016,#2017,#2023,#2024));
#2026=FACE_BOUND('',#2025,.T.);
#2027=ADVANCED_FACE('NONE',(#2026),#2015,.F.);
#2028=CARTESIAN_POINT('',(0.75,0.75,1.25));
#2029=DIRECTION('',(-1.,-0.,-0.));
#2030=DIRECTION('',(0.,-1.,0.));
#2031=AXIS2_PLACEMENT_3D('',#2028,#2029,#2030);
#2032=PLANE('',#2031);
#2033=ORIENTED_EDGE('',*,*,#2022,.F.);
#2034=ORIENTED_EDGE('',*,*,#1458,.F.);
#2035=CARTESIAN_POINT('',(0.75,2.05,1.05));
#2036=DIRECTION('',(-0.,0.,1.));
#2037=VECTOR('',#2036,0.2);
#2038=LINE('',#2035,#2037);
#2039=EDGE_CURVE('NONE',#1445,#1277,#2038,.T.);
#2040=ORIENTED_EDGE('',*,*,#2039,.T.);
#2041=ORIENTED_EDGE('',*,*,#1282,.T.);
#2042=EDGE_LOOP('',(#2033,#2034,#2040,#2041));
#2043=FACE_BOUND('',#2042,.T.);
#2044=ADVANCED_FACE('NONE',(#2043),#2032,.F.);
#2045=CARTESIAN_POINT('',(-0.,2.05,1.25));
#2046=DIRECTION('',(0.,1.,-0.));
#2047=DIRECTION('',(-1.,-0.,-0.));
#2048=AXIS2_PLACEMENT_3D('',#2045,#2046,#2047);
#2049=PLANE('',#2048);
#2050=ORIENTED_EDGE('',*,*,#2039,.F.);
#2051=ORIENTED_EDGE('',*,*,#1450,.T.);
#2052=CARTESIAN_POINT('',(-0.75,2.05,1.05));
#2053=DIRECTION('',(-0.,0.,1.));
#2054=VECTOR('',#2053,0.2);
#2055=LINE('',#2052,#2054);
#2056=EDGE_CURVE('NONE',#1437,#1285,#2055,.T.);
#2057=ORIENTED_EDGE('',*,*,#2056,.T.);
#2058=ORIENTED_EDGE('',*,*,#1290,.F.);
#2059=EDGE_LOOP('',(#2050,#2051,#2057,#2058));
#2060=FACE_BOUND('',#2059,.T.);
#2061=ADVANCED_FACE('NONE',(#2060),#2049,.T.);
#2062=CARTESIAN_POINT('',(-0.75,0.75,1.25));
#2063=DIRECTION('',(-1.,0.,-0.));
#2064=DIRECTION('',(-0.,-1.,0.));
#2065=AXIS2_PLACEMENT_3D('',#2062,#2063,#2064);
#2066=PLANE('',#2065);
#2067=ORIENTED_EDGE('',*,*,#2056,.F.);
#2068=ORIENTED_EDGE('',*,*,#1442,.T.);
#2069=CARTESIAN_POINT('',(-0.75,1.775,1.05));
#2070=DIRECTION('',(-0.,0.,1.));
#2071=VECTOR('',#2070,0.2);
#2072=LINE('',#2069,#2071);
#2073=EDGE_CURVE('NONE',#1429,#1293,#2072,.T.);
#2074=ORIENTED_EDGE('',*,*,#2073,.T.);
#2075=ORIENTED_EDGE('',*,*,#1298,.F.);
#2076=EDGE_LOOP('',(#2067,#2068,#2074,#2075));
#2077=FACE_BOUND('',#2076,.T.);
#2078=ADVANCED_FACE('NONE',(#2077),#2066,.T.);
#2079=CARTESIAN_POINT('',(0.,1.775,1.25));
#2080=DIRECTION('',(0.,1.,-0.));
#2081=DIRECTION('',(-1.,0.,-0.));
#2082=AXIS2_PLACEMENT_3D('',#2079,#2080,#2081);
#2083=PLANE('',#2082);
#2084=ORIENTED_EDGE('',*,*,#2073,.F.);
#2085=ORIENTED_EDGE('',*,*,#1434,.T.);
#2086=CARTESIAN_POINT('',(-1.2,1.775,1.05));
#2087=DIRECTION('',(-0.,0.,1.));
#2088=VECTOR('',#2087,0.2);
#2089=LINE('',#2086,#2088);
#2090=EDGE_CURVE('NONE',#1421,#1301,#2089,.T.);
#2091=ORIENTED_EDGE('',*,*,#2090,.T.);
#2092=ORIENTED_EDGE('',*,*,#1306,.F.);
#2093=EDGE_LOOP('',(#2084,#2085,#2091,#2092));
#2094=FACE_BOUND('',#2093,.T.);
#2095=ADVANCED_FACE('NONE',(#2094),#2083,.T.);
#2096=CARTESIAN_POINT('',(-1.2,0.75,1.25));
#2097=DIRECTION('',(-1.,0.,-0.));
#2098=DIRECTION('',(-0.,-1.,0.));
#2099=AXIS2_PLACEMENT_3D('',#2096,#2097,#2098);
#2100=PLANE('',#2099);
#2101=ORIENTED_EDGE('',*,*,#2090,.F.);
#2102=ORIENTED_EDGE('',*,*,#1426,.F.);
#2103=CARTESIAN_POINT('',(-1.2,2.05,1.05));
#2104=DIRECTION('',(-0.,0.,1.));
#2105=VECTOR('',#2104,0.2);
#2106=LINE('',#2103,#2105);
#2107=EDGE_CURVE('NONE',#1413,#1309,#2106,.T.);
#2108=ORIENTED_EDGE('',*,*,#2107,.T.);
#2109=ORIENTED_EDGE('',*,*,#1314,.T.);
#2110=EDGE_LOOP('',(#2101,#2102,#2108,#2109));
#2111=FACE_BOUND('',#2110,.T.);
#2112=ADVANCED_FACE('NONE',(#2111),#2100,.F.);
#2113=CARTESIAN_POINT('',(-0.,2.05,1.25));
#2114=DIRECTION('',(0.,1.,-0.));
#2115=DIRECTION('',(-1.,-0.,-0.));
#2116=AXIS2_PLACEMENT_3D('',#2113,#2114,#2115);
#2117=PLANE('',#2116);
#2118=ORIENTED_EDGE('',*,*,#2107,.F.);
#2119=ORIENTED_EDGE('',*,*,#1418,.T.);
#2120=CARTESIAN_POINT('',(-1.899890162,2.05,1.05));
#2121=DIRECTION('',(-0.,0.,1.));
#2122=VECTOR('',#2121,0.2);
#2123=LINE('',#2120,#2122);
#2124=EDGE_CURVE('NONE',#1405,#1317,#2123,.T.);
#2125=ORIENTED_EDGE('',*,*,#2124,.T.);
#2126=ORIENTED_EDGE('',*,*,#1322,.F.);
#2127=EDGE_LOOP('',(#2118,#2119,#2125,#2126));
#2128=FACE_BOUND('',#2127,.T.);
#2129=ADVANCED_FACE('NONE',(#2128),#2117,.T.);
#2130=CARTESIAN_POINT('',(-1.514678466,2.402981486,1.25));
#2131=DIRECTION('',(-0.675590208,0.737277337,-0.));
#2132=DIRECTION('',(-0.737277337,-0.675590208,-0.));
#2133=AXIS2_PLACEMENT_3D('',#2130,#2131,#2132);
#2134=PLANE('',#2133);
#2135=ORIENTED_EDGE('',*,*,#2124,.F.);
#2136=ORIENTED_EDGE('',*,*,#1410,.T.);
#2137=CARTESIAN_POINT('',(-2.2,1.775,1.05));
#2138=DIRECTION('',(-0.,0.,1.));
#2139=VECTOR('',#2138,0.2);
#2140=LINE('',#2137,#2139);
#2141=EDGE_CURVE('NONE',#1397,#1325,#2140,.T.);
#2142=ORIENTED_EDGE('',*,*,#2141,.T.);
#2143=ORIENTED_EDGE('',*,*,#1330,.F.);
#2144=EDGE_LOOP('',(#2135,#2136,#2142,#2143));
#2145=FACE_BOUND('',#2144,.T.);
#2146=ADVANCED_FACE('NONE',(#2145),#2134,.T.);
#2147=CARTESIAN_POINT('',(-0.4935789,0.21135315,1.25));
#2148=DIRECTION('',(0.675590208,0.737277337,0.));
#2149=DIRECTION('',(-0.737277337,0.675590208,-0.));
#2150=AXIS2_PLACEMENT_3D('',#2147,#2148,#2149);
#2151=PLANE('',#2150);
#2152=ORIENTED_EDGE('',*,*,#2141,.F.);
#2153=ORIENTED_EDGE('',*,*,#1402,.T.);
#2154=CARTESIAN_POINT('',(-2.500109838,2.05,1.05));
#2155=DIRECTION('',(-0.,0.,1.));
#2156=VECTOR('',#2155,0.2);
#2157=LINE('',#2154,#2156);
#2158=EDGE_CURVE('NONE',#1389,#1333,#2157,.T.);
#2159=ORIENTED_EDGE('',*,*,#2158,.T.);
#2160=ORIENTED_EDGE('',*,*,#1338,.F.);
#2161=EDGE_LOOP('',(#2152,#2153,#2159,#2160));
#2162=FACE_BOUND('',#2161,.T.);
#2163=ADVANCED_FACE('NONE',(#2162),#2151,.T.);
#2164=CARTESIAN_POINT('',(-0.,2.05,1.25));
#2165=DIRECTION('',(0.,1.,-0.));
#2166=DIRECTION('',(-1.,-0.,-0.));
#2167=AXIS2_PLACEMENT_3D('',#2164,#2165,#2166);
#2168=PLANE('',#2167);
#2169=ORIENTED_EDGE('',*,*,#2158,.F.);
#2170=ORIENTED_EDGE('',*,*,#1394,.T.);
#2171=CARTESIAN_POINT('',(-2.75,2.05,1.05));
#2172=DIRECTION('',(-0.,0.,1.));
#2173=VECTOR('',#2172,0.2);
#2174=LINE('',#2171,#2173);
#2175=EDGE_CURVE('NONE',#1381,#1341,#2174,.T.);
#2176=ORIENTED_EDGE('',*,*,#2175,.T.);
#2177=ORIENTED_EDGE('',*,*,#1346,.F.);
#2178=EDGE_LOOP('',(#2169,#2170,#2176,#2177));
#2179=FACE_BOUND('',#2178,.T.);
#2180=ADVANCED_FACE('NONE',(#2179),#2168,.T.);
#2181=CARTESIAN_POINT('',(-2.75,0.75,1.25));
#2182=DIRECTION('',(-1.,-0.,-0.));
#2183=DIRECTION('',(0.,-1.,0.));
#2184=AXIS2_PLACEMENT_3D('',#2181,#2182,#2183);
#2185=PLANE('',#2184);
#2186=ORIENTED_EDGE('',*,*,#2175,.F.);
#2187=ORIENTED_EDGE('',*,*,#1386,.T.);
#2188=ORIENTED_EDGE('',*,*,#1700,.T.);
#2189=ORIENTED_EDGE('',*,*,#1352,.F.);
#2190=EDGE_LOOP('',(#2186,#2187,#2188,#2189));
#2191=FACE_BOUND('',#2190,.T.);
#2192=ADVANCED_FACE('NONE',(#2191),#2185,.T.);
#2193=CARTESIAN_POINT('',(-0.,0.,1.25));
#2194=DIRECTION('',(0.,-1.,0.));
#2195=DIRECTION('',(1.,0.,0.));
#2196=AXIS2_PLACEMENT_3D('',#2193,#2194,#2195);
#2197=PLANE('',#2196);
#2198=ORIENTED_EDGE('',*,*,#1076,.F.);
#2199=CARTESIAN_POINT('',(-3.,0.,0.9));
#2200=DIRECTION('',(-0.,-1.,0.));
#2201=DIRECTION('',(-1.,0.,0.));
#2202=AXIS2_PLACEMENT_3D('',#2199,#2200,#2201);
#2203=CIRCLE('',#2202,0.35);
#2204=EDGE_CURVE('NONE',#1063,#535,#2203,.T.);
#2205=ORIENTED_EDGE('',*,*,#2204,.T.);
#2206=ORIENTED_EDGE('',*,*,#540,.T.);
#2207=CARTESIAN_POINT('',(-3.15,0.,0.55));
#2208=DIRECTION('',(-1.,-0.,-0.));
#2209=VECTOR('',#2208,0.2);
#2210=LINE('',#2207,#2209);
#2211=EDGE_CURVE('NONE',#743,#527,#2210,.T.);
#2212=ORIENTED_EDGE('',*,*,#2211,.F.);
#2213=ORIENTED_EDGE('',*,*,#748,.F.);
#2214=CARTESIAN_POINT('',(-3.,0.,0.9));
#2215=DIRECTION('',(-0.,-1.,0.));
#2216=DIRECTION('',(-1.,0.,0.));
#2217=AXIS2_PLACEMENT_3D('',#2214,#2215,#2216);
#2218=CIRCLE('',#2217,0.15);
#2219=EDGE_CURVE('NONE',#1365,#735,#2218,.T.);
#2220=ORIENTED_EDGE('',*,*,#2219,.F.);
#2221=ORIENTED_EDGE('',*,*,#1662,.T.);
#2222=CARTESIAN_POINT('',(-2.75,0.,1.05));
#2223=DIRECTION('',(-0.,0.,1.));
#2224=VECTOR('',#2223,0.2);
#2225=LINE('',#2222,#2224);
#2226=EDGE_CURVE('NONE',#1651,#1071,#2225,.T.);
#2227=ORIENTED_EDGE('',*,*,#2226,.T.);
#2228=EDGE_LOOP('',(#2198,#2205,#2206,#2212,#2213,#2220,#2221,#2227));
#2229=FACE_BOUND('',#2228,.T.);
#2230=ADVANCED_FACE('NONE',(#2229),#2197,.T.);
#2231=CARTESIAN_POINT('',(-2.75,0.75,1.25));
#2232=DIRECTION('',(-1.,-0.,-0.));
#2233=DIRECTION('',(0.,-1.,0.));
#2234=AXIS2_PLACEMENT_3D('',#2231,#2232,#2233);
#2235=PLANE('',#2234);
#2236=ORIENTED_EDGE('',*,*,#2226,.F.);
#2237=ORIENTED_EDGE('',*,*,#1656,.T.);
#2238=CARTESIAN_POINT('',(-2.75,-0.55,1.05));
#2239=DIRECTION('',(-0.,0.,1.));
#2240=VECTOR('',#2239,0.2);
#2241=LINE('',#2238,#2240);
#2242=EDGE_CURVE('NONE',#1643,#1079,#2241,.T.);
#2243=ORIENTED_EDGE('',*,*,#2242,.T.);
#2244=ORIENTED_EDGE('',*,*,#1084,.F.);
#2245=EDGE_LOOP('',(#2236,#2237,#2243,#2244));
#2246=FACE_BOUND('',#2245,.T.);
#2247=ADVANCED_FACE('NONE',(#2246),#2235,.T.);
#2248=CARTESIAN_POINT('',(-0.,-0.55,1.25));
#2249=DIRECTION('',(0.,-1.,0.));
#2250=DIRECTION('',(1.,0.,0.));
#2251=AXIS2_PLACEMENT_3D('',#2248,#2249,#2250);
#2252=PLANE('',#2251);
#2253=ORIENTED_EDGE('',*,*,#2242,.F.);
#2254=ORIENTED_EDGE('',*,*,#1648,.T.);
#2255=CARTESIAN_POINT('',(-2.500109838,-0.55,1.05));
#2256=DIRECTION('',(-0.,0.,1.));
#2257=VECTOR('',#2256,0.2);
#2258=LINE('',#2255,#2257);
#2259=EDGE_CURVE('NONE',#1635,#1087,#2258,.T.);
#2260=ORIENTED_EDGE('',*,*,#2259,.T.);
#2261=ORIENTED_EDGE('',*,*,#1092,.F.);
#2262=EDGE_LOOP('',(#2253,#2254,#2260,#2261));
#2263=FACE_BOUND('',#2262,.T.);
#2264=ADVANCED_FACE('NONE',(#2263),#2252,.T.);
#2265=CARTESIAN_POINT('',(-0.4935789,1.28864685,1.25));
#2266=DIRECTION('',(-0.675590208,0.737277337,-0.));
#2267=DIRECTION('',(-0.737277337,-0.675590208,-0.));
#2268=AXIS2_PLACEMENT_3D('',#2265,#2266,#2267);
#2269=PLANE('',#2268);
#2270=ORIENTED_EDGE('',*,*,#2259,.F.);
#2271=ORIENTED_EDGE('',*,*,#1640,.F.);
#2272=CARTESIAN_POINT('',(-2.2,-0.275,1.05));
#2273=DIRECTION('',(-0.,0.,1.));
#2274=VECTOR('',#2273,0.2);
#2275=LINE('',#2272,#2274);
#2276=EDGE_CURVE('NONE',#1627,#1095,#2275,.T.);
#2277=ORIENTED_EDGE('',*,*,#2276,.T.);
#2278=ORIENTED_EDGE('',*,*,#1100,.T.);
#2279=EDGE_LOOP('',(#2270,#2271,#2277,#2278));
#2280=FACE_BOUND('',#2279,.T.);
#2281=ADVANCED_FACE('NONE',(#2280),#2269,.F.);
#2282=CARTESIAN_POINT('',(-1.514678466,-0.902981486,1.25));
#2283=DIRECTION('',(0.675590208,0.737277337,0.));
#2284=DIRECTION('',(-0.737277337,0.675590208,-0.));
#2285=AXIS2_PLACEMENT_3D('',#2282,#2283,#2284);
#2286=PLANE('',#2285);
#2287=ORIENTED_EDGE('',*,*,#2276,.F.);
#2288=ORIENTED_EDGE('',*,*,#1632,.F.);
#2289=CARTESIAN_POINT('',(-1.899890162,-0.55,1.05));
#2290=DIRECTION('',(-0.,0.,1.));
#2291=VECTOR('',#2290,0.2);
#2292=LINE('',#2289,#2291);
#2293=EDGE_CURVE('NONE',#1619,#1103,#2292,.T.);
#2294=ORIENTED_EDGE('',*,*,#2293,.T.);
#2295=ORIENTED_EDGE('',*,*,#1108,.T.);
#2296=EDGE_LOOP('',(#2287,#2288,#2294,#2295));
#2297=FACE_BOUND('',#2296,.T.);
#2298=ADVANCED_FACE('NONE',(#2297),#2286,.F.);
#2299=CARTESIAN_POINT('',(-0.,-0.55,1.25));
#2300=DIRECTION('',(0.,-1.,0.));
#2301=DIRECTION('',(1.,0.,0.));
#2302=AXIS2_PLACEMENT_3D('',#2299,#2300,#2301);
#2303=PLANE('',#2302);
#2304=ORIENTED_EDGE('',*,*,#1624,.T.);
#2305=ORIENTED_EDGE('',*,*,#1714,.T.);
#2306=ORIENTED_EDGE('',*,*,#1116,.F.);
#2307=ORIENTED_EDGE('',*,*,#2293,.F.);
#2308=EDGE_LOOP('',(#2304,#2305,#2306,#2307));
#2309=FACE_BOUND('',#2308,.T.);
#2310=ADVANCED_FACE('NONE',(#2309),#2303,.T.);
#2311=CARTESIAN_POINT('',(3.,0.,0.9));
#2312=DIRECTION('',(0.,-1.,0.));
#2313=DIRECTION('',(1.,0.,0.));
#2314=AXIS2_PLACEMENT_3D('',#2311,#2312,#2313);
#2315=CYLINDRICAL_SURFACE('',#2314,0.35);
#2316=ORIENTED_EDGE('',*,*,#1217,.F.);
#2317=ORIENTED_EDGE('',*,*,#955,.F.);
#2318=ORIENTED_EDGE('',*,*,#172,.F.);
#2319=ORIENTED_EDGE('',*,*,#1042,.F.);
#2320=EDGE_LOOP('',(#2316,#2317,#2318,#2319));
#2321=FACE_BOUND('',#2320,.T.);
#2322=ADVANCED_FACE('NONE',(#2321),#2315,.T.);
#2323=CARTESIAN_POINT('',(3.,0.,0.9));
#2324=DIRECTION('',(0.,-1.,0.));
#2325=DIRECTION('',(1.,0.,0.));
#2326=AXIS2_PLACEMENT_3D('',#2323,#2324,#2325);
#2327=CYLINDRICAL_SURFACE('',#2326,0.15);
#2328=ORIENTED_EDGE('',*,*,#1519,.T.);
#2329=ORIENTED_EDGE('',*,*,#1011,.T.);
#2330=ORIENTED_EDGE('',*,*,#236,.T.);
#2331=ORIENTED_EDGE('',*,*,#986,.T.);
#2332=EDGE_LOOP('',(#2328,#2329,#2330,#2331));
#2333=FACE_BOUND('',#2332,.T.);
#2334=ADVANCED_FACE('NONE',(#2333),#2327,.F.);
#2335=CARTESIAN_POINT('',(3.35,0.,-0.15));
#2336=DIRECTION('',(0.,-0.,-1.));
#2337=DIRECTION('',(1.,0.,0.));
#2338=AXIS2_PLACEMENT_3D('',#2335,#2336,#2337);
#2339=PLANE('',#2338);
#2340=CARTESIAN_POINT('',(3.15,-0.1,-0.15));
#2341=DIRECTION('',(1.,-0.,0.));
#2342=VECTOR('',#2341,0.2);
#2343=LINE('',#2340,#2342);
#2344=EDGE_CURVE('NONE',#295,#95,#2343,.T.);
#2345=ORIENTED_EDGE('',*,*,#2344,.F.);
#2346=ORIENTED_EDGE('',*,*,#300,.F.);
#2347=CARTESIAN_POINT('',(3.35,1.6,-0.15));
#2348=DIRECTION('',(-1.,0.,-0.));
#2349=VECTOR('',#2348,0.2);
#2350=LINE('',#2347,#2349);
#2351=EDGE_CURVE('NONE',#103,#287,#2350,.T.);
#2352=ORIENTED_EDGE('',*,*,#2351,.F.);
#2353=ORIENTED_EDGE('',*,*,#108,.T.);
#2354=EDGE_LOOP('',(#2345,#2346,#2352,#2353));
#2355=FACE_BOUND('',#2354,.T.);
#2356=ADVANCED_FACE('NONE',(#2355),#2339,.T.);
#2357=CARTESIAN_POINT('',(-3.,1.5,0.9));
#2358=DIRECTION('',(0.,1.,-0.));
#2359=DIRECTION('',(-1.,0.,0.));
#2360=AXIS2_PLACEMENT_3D('',#2357,#2358,#2359);
#2361=CYLINDRICAL_SURFACE('',#2360,0.35);
#2362=ORIENTED_EDGE('',*,*,#1068,.F.);
#2363=ORIENTED_EDGE('',*,*,#1693,.F.);
#2364=ORIENTED_EDGE('',*,*,#548,.F.);
#2365=ORIENTED_EDGE('',*,*,#2204,.F.);
#2366=EDGE_LOOP('',(#2362,#2363,#2364,#2365));
#2367=FACE_BOUND('',#2366,.T.);
#2368=ADVANCED_FACE('NONE',(#2367),#2361,.T.);
#2369=CARTESIAN_POINT('',(-3.,1.5,0.9));
#2370=DIRECTION('',(0.,1.,-0.));
#2371=DIRECTION('',(-1.,0.,0.));
#2372=AXIS2_PLACEMENT_3D('',#2369,#2370,#2371);
#2373=CYLINDRICAL_SURFACE('',#2372,0.15);
#2374=ORIENTED_EDGE('',*,*,#1370,.T.);
#2375=ORIENTED_EDGE('',*,*,#2219,.T.);
#2376=ORIENTED_EDGE('',*,*,#740,.T.);
#2377=ORIENTED_EDGE('',*,*,#1678,.T.);
#2378=EDGE_LOOP('',(#2374,#2375,#2376,#2377));
#2379=FACE_BOUND('',#2378,.T.);
#2380=ADVANCED_FACE('NONE',(#2379),#2373,.F.);
#2381=CARTESIAN_POINT('',(-3.35,1.5,-0.15));
#2382=DIRECTION('',(-0.,-0.,-1.));
#2383=DIRECTION('',(1.,-0.,-0.));
#2384=AXIS2_PLACEMENT_3D('',#2381,#2382,#2383);
#2385=PLANE('',#2384);
#2386=CARTESIAN_POINT('',(-3.15,1.6,-0.15));
#2387=DIRECTION('',(-1.,-0.,0.));
#2388=VECTOR('',#2387,0.2);
#2389=LINE('',#2386,#2388);
#2390=EDGE_CURVE('NONE',#671,#599,#2389,.T.);
#2391=ORIENTED_EDGE('',*,*,#2390,.F.);
#2392=ORIENTED_EDGE('',*,*,#676,.F.);
#2393=CARTESIAN_POINT('',(-3.35,-0.1,-0.15));
#2394=DIRECTION('',(1.,-0.,-0.));
#2395=VECTOR('',#2394,0.2);
#2396=LINE('',#2393,#2395);
#2397=EDGE_CURVE('NONE',#607,#663,#2396,.T.);
#2398=ORIENTED_EDGE('',*,*,#2397,.F.);
#2399=ORIENTED_EDGE('',*,*,#612,.T.);
#2400=EDGE_LOOP('',(#2391,#2392,#2398,#2399));
#2401=FACE_BOUND('',#2400,.T.);
#2402=ADVANCED_FACE('NONE',(#2401),#2385,.T.);
#2403=CARTESIAN_POINT('',(-0.,0.75,0.55));
#2404=DIRECTION('',(-0.,0.,1.));
#2405=DIRECTION('',(-1.,-0.,-0.));
#2406=AXIS2_PLACEMENT_3D('',#2403,#2404,#2405);
#2407=PLANE('',#2406);
#2408=ORIENTED_EDGE('',*,*,#756,.F.);
#2409=ORIENTED_EDGE('',*,*,#2211,.T.);
#2410=ORIENTED_EDGE('',*,*,#532,.F.);
#2411=ORIENTED_EDGE('',*,*,#818,.F.);
#2412=EDGE_LOOP('',(#2408,#2409,#2410,#2411));
#2413=FACE_BOUND('',#2412,.T.);
#2414=ADVANCED_FACE('NONE',(#2413),#2407,.T.);
#2415=CARTESIAN_POINT('',(-0.,0.75,0.55));
#2416=DIRECTION('',(-0.,0.,1.));
#2417=DIRECTION('',(-1.,-0.,-0.));
#2418=AXIS2_PLACEMENT_3D('',#2415,#2416,#2417);
#2419=PLANE('',#2418);
#2420=ORIENTED_EDGE('',*,*,#564,.F.);
#2421=ORIENTED_EDGE('',*,*,#1685,.T.);
#2422=ORIENTED_EDGE('',*,*,#724,.F.);
#2423=CARTESIAN_POINT('',(-3.35,2.05,0.55));
#2424=DIRECTION('',(1.,-0.,-0.));
#2425=VECTOR('',#2424,0.2);
#2426=LINE('',#2423,#2425);
#2427=EDGE_CURVE('NONE',#559,#711,#2426,.T.);
#2428=ORIENTED_EDGE('',*,*,#2427,.F.);
#2429=EDGE_LOOP('',(#2420,#2421,#2422,#2428));
#2430=FACE_BOUND('',#2429,.T.);
#2431=ADVANCED_FACE('NONE',(#2430),#2419,.T.);
#2432=CARTESIAN_POINT('',(-3.15,2.05,0.55));
#2433=DIRECTION('',(0.,1.,-0.));
#2434=DIRECTION('',(-1.,0.,0.));
#2435=AXIS2_PLACEMENT_3D('',#2432,#2433,#2434);
#2436=PLANE('',#2435);
#2437=ORIENTED_EDGE('',*,*,#716,.T.);
#2438=CARTESIAN_POINT('',(-3.4,2.05,-0.15));
#2439=VERTEX_POINT('',#2438);
#2440=CARTESIAN_POINT('',(-3.4,2.05,0.1));
#2441=DIRECTION('',(-0.,1.,-0.));
#2442=DIRECTION('',(1.,0.,0.));
#2443=AXIS2_PLACEMENT_3D('',#2440,#2441,#2442);
#2444=CIRCLE('',#2443,0.25);
#2445=EDGE_CURVE('NONE',#703,#2439,#2444,.T.);
#2446=ORIENTED_EDGE('',*,*,#2445,.T.);
#2447=CARTESIAN_POINT('',(-3.85,2.05,-0.15));
#2448=VERTEX_POINT('',#2447);
#2449=CARTESIAN_POINT('',(-3.85,2.05,-0.15));
#2450=DIRECTION('',(1.,0.,0.));
#2451=VECTOR('',#2450,0.45);
#2452=LINE('',#2449,#2451);
#2453=EDGE_CURVE('NONE',#2448,#2439,#2452,.T.);
#2454=ORIENTED_EDGE('',*,*,#2453,.F.);
#2455=CARTESIAN_POINT('',(-3.85,2.05,0.05));
#2456=VERTEX_POINT('',#2455);
#2457=CARTESIAN_POINT('',(-3.85,2.05,-0.15));
#2458=DIRECTION('',(0.,0.,1.));
#2459=VECTOR('',#2458,0.2);
#2460=LINE('',#2457,#2459);
#2461=EDGE_CURVE('NONE',#2448,#2456,#2460,.T.);
#2462=ORIENTED_EDGE('',*,*,#2461,.T.);
#2463=CARTESIAN_POINT('',(-3.4,2.05,0.05));
#2464=VERTEX_POINT('',#2463);
#2465=CARTESIAN_POINT('',(-3.85,2.05,0.05));
#2466=DIRECTION('',(1.,0.,-0.));
#2467=VECTOR('',#2466,0.45);
#2468=LINE('',#2465,#2467);
#2469=EDGE_CURVE('NONE',#2456,#2464,#2468,.T.);
#2470=ORIENTED_EDGE('',*,*,#2469,.T.);
#2471=CARTESIAN_POINT('',(-3.4,2.05,0.1));
#2472=DIRECTION('',(-0.,1.,-0.));
#2473=DIRECTION('',(1.,0.,0.));
#2474=AXIS2_PLACEMENT_3D('',#2471,#2472,#2473);
#2475=CIRCLE('',#2474,0.05);
#2476=EDGE_CURVE('NONE',#567,#2464,#2475,.T.);
#2477=ORIENTED_EDGE('',*,*,#2476,.F.);
#2478=ORIENTED_EDGE('',*,*,#572,.F.);
#2479=ORIENTED_EDGE('',*,*,#2427,.T.);
#2480=EDGE_LOOP('',(#2437,#2446,#2454,#2462,#2470,#2477,#2478,#2479));
#2481=FACE_BOUND('',#2480,.T.);
#2482=ADVANCED_FACE('NONE',(#2481),#2436,.T.);
#2483=CARTESIAN_POINT('',(-0.,0.75,0.55));
#2484=DIRECTION('',(0.,-0.,-1.));
#2485=DIRECTION('',(1.,0.,0.));
#2486=AXIS2_PLACEMENT_3D('',#2483,#2484,#2485);
#2487=PLANE('',#2486);
#2488=ORIENTED_EDGE('',*,*,#1001,.F.);
#2489=ORIENTED_EDGE('',*,*,#156,.F.);
#2490=ORIENTED_EDGE('',*,*,#434,.F.);
#2491=ORIENTED_EDGE('',*,*,#252,.F.);
#2492=EDGE_LOOP('',(#2488,#2489,#2490,#2491));
#2493=FACE_BOUND('',#2492,.T.);
#2494=ADVANCED_FACE('NONE',(#2493),#2487,.F.);
#2495=CARTESIAN_POINT('',(-0.,0.75,0.55));
#2496=DIRECTION('',(0.,-0.,-1.));
#2497=DIRECTION('',(1.,0.,0.));
#2498=AXIS2_PLACEMENT_3D('',#2495,#2496,#2497);
#2499=PLANE('',#2498);
#2500=ORIENTED_EDGE('',*,*,#945,.F.);
#2501=ORIENTED_EDGE('',*,*,#220,.F.);
#2502=CARTESIAN_POINT('',(3.35,-0.55,0.55));
#2503=DIRECTION('',(-1.,-0.,0.));
#2504=VECTOR('',#2503,0.2);
#2505=LINE('',#2502,#2504);
#2506=EDGE_CURVE('NONE',#61,#207,#2505,.T.);
#2507=ORIENTED_EDGE('',*,*,#2506,.F.);
#2508=ORIENTED_EDGE('',*,*,#186,.F.);
#2509=EDGE_LOOP('',(#2500,#2501,#2507,#2508));
#2510=FACE_BOUND('',#2509,.T.);
#2511=ADVANCED_FACE('NONE',(#2510),#2499,.F.);
#2512=CARTESIAN_POINT('',(3.15,-0.55,0.55));
#2513=DIRECTION('',(0.,-1.,0.));
#2514=DIRECTION('',(1.,0.,0.));
#2515=AXIS2_PLACEMENT_3D('',#2512,#2513,#2514);
#2516=PLANE('',#2515);
#2517=ORIENTED_EDGE('',*,*,#212,.T.);
#2518=CARTESIAN_POINT('',(3.4,-0.55,-0.15));
#2519=VERTEX_POINT('',#2518);
#2520=CARTESIAN_POINT('',(3.4,-0.55,0.1));
#2521=DIRECTION('',(0.,-1.,-0.));
#2522=DIRECTION('',(-1.,-0.,0.));
#2523=AXIS2_PLACEMENT_3D('',#2520,#2521,#2522);
#2524=CIRCLE('',#2523,0.25);
#2525=EDGE_CURVE('NONE',#199,#2519,#2524,.T.);
#2526=ORIENTED_EDGE('',*,*,#2525,.T.);
#2527=CARTESIAN_POINT('',(3.85,-0.55,-0.15));
#2528=VERTEX_POINT('',#2527);
#2529=CARTESIAN_POINT('',(3.85,-0.55,-0.15));
#2530=DIRECTION('',(-1.,-0.,-0.));
#2531=VECTOR('',#2530,0.45);
#2532=LINE('',#2529,#2531);
#2533=EDGE_CURVE('NONE',#2528,#2519,#2532,.T.);
#2534=ORIENTED_EDGE('',*,*,#2533,.F.);
#2535=CARTESIAN_POINT('',(3.85,-0.55,0.05));
#2536=VERTEX_POINT('',#2535);
#2537=CARTESIAN_POINT('',(3.85,-0.55,-0.15));
#2538=DIRECTION('',(-0.,0.,1.));
#2539=VECTOR('',#2538,0.2);
#2540=LINE('',#2537,#2539);
#2541=EDGE_CURVE('NONE',#2528,#2536,#2540,.T.);
#2542=ORIENTED_EDGE('',*,*,#2541,.T.);
#2543=CARTESIAN_POINT('',(3.4,-0.55,0.05));
#2544=VERTEX_POINT('',#2543);
#2545=CARTESIAN_POINT('',(3.85,-0.55,0.05));
#2546=DIRECTION('',(-1.,-0.,0.));
#2547=VECTOR('',#2546,0.45);
#2548=LINE('',#2545,#2547);
#2549=EDGE_CURVE('NONE',#2536,#2544,#2548,.T.);
#2550=ORIENTED_EDGE('',*,*,#2549,.T.);
#2551=CARTESIAN_POINT('',(3.4,-0.55,0.1));
#2552=DIRECTION('',(0.,-1.,-0.));
#2553=DIRECTION('',(-1.,-0.,0.));
#2554=AXIS2_PLACEMENT_3D('',#2551,#2552,#2553);
#2555=CIRCLE('',#2554,0.05);
#2556=EDGE_CURVE('NONE',#63,#2544,#2555,.T.);
#2557=ORIENTED_EDGE('',*,*,#2556,.F.);
#2558=ORIENTED_EDGE('',*,*,#68,.F.);
#2559=ORIENTED_EDGE('',*,*,#2506,.T.);
#2560=EDGE_LOOP('',(#2517,#2526,#2534,#2542,#2550,#2557,#2558,#2559));
#2561=FACE_BOUND('',#2560,.T.);
#2562=ADVANCED_FACE('NONE',(#2561),#2516,.T.);
#2563=CARTESIAN_POINT('',(-3.35,-0.1,0.15));
#2564=DIRECTION('',(0.,1.,-0.));
#2565=DIRECTION('',(-1.,0.,0.));
#2566=AXIS2_PLACEMENT_3D('',#2563,#2564,#2565);
#2567=PLANE('',#2566);
#2568=ORIENTED_EDGE('',*,*,#2397,.T.);
#2569=ORIENTED_EDGE('',*,*,#668,.F.);
#2570=CARTESIAN_POINT('',(-3.35,-0.1,0.15));
#2571=DIRECTION('',(1.,0.,0.));
#2572=VECTOR('',#2571,0.2);
#2573=LINE('',#2570,#2572);
#2574=EDGE_CURVE('NONE',#615,#655,#2573,.T.);
#2575=ORIENTED_EDGE('',*,*,#2574,.F.);
#2576=ORIENTED_EDGE('',*,*,#620,.T.);
#2577=EDGE_LOOP('',(#2568,#2569,#2575,#2576));
#2578=FACE_BOUND('',#2577,.T.);
#2579=ADVANCED_FACE('NONE',(#2578),#2567,.F.);
#2580=CARTESIAN_POINT('',(-0.,0.75,0.15));
#2581=DIRECTION('',(0.,-0.,-1.));
#2582=DIRECTION('',(1.,0.,0.));
#2583=AXIS2_PLACEMENT_3D('',#2580,#2581,#2582);
#2584=PLANE('',#2583);
#2585=ORIENTED_EDGE('',*,*,#626,.T.);
#2586=ORIENTED_EDGE('',*,*,#2574,.T.);
#2587=ORIENTED_EDGE('',*,*,#660,.T.);
#2588=ORIENTED_EDGE('',*,*,#874,.T.);
#2589=EDGE_LOOP('',(#2585,#2586,#2587,#2588));
#2590=FACE_BOUND('',#2589,.T.);
#2591=ADVANCED_FACE('NONE',(#2590),#2584,.T.);
#2592=CARTESIAN_POINT('',(-3.35,1.6,0.15));
#2593=DIRECTION('',(0.,-1.,0.));
#2594=DIRECTION('',(1.,0.,0.));
#2595=AXIS2_PLACEMENT_3D('',#2592,#2593,#2594);
#2596=PLANE('',#2595);
#2597=ORIENTED_EDGE('',*,*,#2390,.T.);
#2598=ORIENTED_EDGE('',*,*,#604,.F.);
#2599=CARTESIAN_POINT('',(-3.15,1.6,0.15));
#2600=DIRECTION('',(-1.,-0.,-0.));
#2601=VECTOR('',#2600,0.2);
#2602=LINE('',#2599,#2601);
#2603=EDGE_CURVE('NONE',#679,#591,#2602,.T.);
#2604=ORIENTED_EDGE('',*,*,#2603,.F.);
#2605=ORIENTED_EDGE('',*,*,#684,.T.);
#2606=EDGE_LOOP('',(#2597,#2598,#2604,#2605));
#2607=FACE_BOUND('',#2606,.T.);
#2608=ADVANCED_FACE('NONE',(#2607),#2596,.F.);
#2609=CARTESIAN_POINT('',(-0.,0.75,0.15));
#2610=DIRECTION('',(0.,-0.,-1.));
#2611=DIRECTION('',(1.,0.,0.));
#2612=AXIS2_PLACEMENT_3D('',#2609,#2610,#2611);
#2613=PLANE('',#2612);
#2614=ORIENTED_EDGE('',*,*,#930,.T.);
#2615=ORIENTED_EDGE('',*,*,#692,.T.);
#2616=ORIENTED_EDGE('',*,*,#2603,.T.);
#2617=ORIENTED_EDGE('',*,*,#596,.T.);
#2618=EDGE_LOOP('',(#2614,#2615,#2616,#2617));
#2619=FACE_BOUND('',#2618,.T.);
#2620=ADVANCED_FACE('NONE',(#2619),#2613,.T.);
#2621=CARTESIAN_POINT('',(3.35,1.6,0.15));
#2622=DIRECTION('',(-0.,-1.,0.));
#2623=DIRECTION('',(1.,-0.,0.));
#2624=AXIS2_PLACEMENT_3D('',#2621,#2622,#2623);
#2625=PLANE('',#2624);
#2626=ORIENTED_EDGE('',*,*,#2351,.T.);
#2627=ORIENTED_EDGE('',*,*,#292,.F.);
#2628=CARTESIAN_POINT('',(3.35,1.6,0.15));
#2629=DIRECTION('',(-1.,-0.,-0.));
#2630=VECTOR('',#2629,0.2);
#2631=LINE('',#2628,#2630);
#2632=EDGE_CURVE('NONE',#111,#279,#2631,.T.);
#2633=ORIENTED_EDGE('',*,*,#2632,.F.);
#2634=ORIENTED_EDGE('',*,*,#116,.T.);
#2635=EDGE_LOOP('',(#2626,#2627,#2633,#2634));
#2636=FACE_BOUND('',#2635,.T.);
#2637=ADVANCED_FACE('NONE',(#2636),#2625,.F.);
#2638=CARTESIAN_POINT('',(-0.,0.75,0.15));
#2639=DIRECTION('',(0.,-0.,-1.));
#2640=DIRECTION('',(1.,0.,0.));
#2641=AXIS2_PLACEMENT_3D('',#2638,#2639,#2640);
#2642=PLANE('',#2641);
#2643=ORIENTED_EDGE('',*,*,#124,.T.);
#2644=ORIENTED_EDGE('',*,*,#2632,.T.);
#2645=ORIENTED_EDGE('',*,*,#284,.T.);
#2646=ORIENTED_EDGE('',*,*,#490,.T.);
#2647=EDGE_LOOP('',(#2643,#2644,#2645,#2646));
#2648=FACE_BOUND('',#2647,.T.);
#2649=ADVANCED_FACE('NONE',(#2648),#2642,.T.);
#2650=CARTESIAN_POINT('',(3.35,-0.1,0.15));
#2651=DIRECTION('',(0.,1.,-0.));
#2652=DIRECTION('',(-1.,0.,-0.));
#2653=AXIS2_PLACEMENT_3D('',#2650,#2651,#2652);
#2654=PLANE('',#2653);
#2655=ORIENTED_EDGE('',*,*,#2344,.T.);
#2656=ORIENTED_EDGE('',*,*,#100,.F.);
#2657=CARTESIAN_POINT('',(3.15,-0.1,0.15));
#2658=DIRECTION('',(1.,0.,0.));
#2659=VECTOR('',#2658,0.2);
#2660=LINE('',#2657,#2659);
#2661=EDGE_CURVE('NONE',#303,#87,#2660,.T.);
#2662=ORIENTED_EDGE('',*,*,#2661,.F.);
#2663=ORIENTED_EDGE('',*,*,#308,.T.);
#2664=EDGE_LOOP('',(#2655,#2656,#2662,#2663));
#2665=FACE_BOUND('',#2664,.T.);
#2666=ADVANCED_FACE('NONE',(#2665),#2654,.F.);
#2667=CARTESIAN_POINT('',(-0.,0.75,0.15));
#2668=DIRECTION('',(0.,-0.,-1.));
#2669=DIRECTION('',(1.,0.,0.));
#2670=AXIS2_PLACEMENT_3D('',#2667,#2668,#2669);
#2671=PLANE('',#2670);
#2672=ORIENTED_EDGE('',*,*,#378,.T.);
#2673=ORIENTED_EDGE('',*,*,#316,.T.);
#2674=ORIENTED_EDGE('',*,*,#2661,.T.);
#2675=ORIENTED_EDGE('',*,*,#92,.T.);
#2676=EDGE_LOOP('',(#2672,#2673,#2674,#2675));
#2677=FACE_BOUND('',#2676,.T.);
#2678=ADVANCED_FACE('NONE',(#2677),#2671,.T.);
#2679=CARTESIAN_POINT('',(-3.4,1.65,0.1));
#2680=DIRECTION('',(0.,-1.,0.));
#2681=DIRECTION('',(0.,-0.,-1.));
#2682=AXIS2_PLACEMENT_3D('',#2679,#2680,#2681);
#2683=CYLINDRICAL_SURFACE('',#2682,0.25);
#2684=ORIENTED_EDGE('',*,*,#708,.F.);
#2685=ORIENTED_EDGE('',*,*,#923,.F.);
#2686=CARTESIAN_POINT('',(-3.4,1.65,-0.15));
#2687=DIRECTION('',(-0.,1.,-0.));
#2688=VECTOR('',#2687,0.4);
#2689=LINE('',#2686,#2688);
#2690=EDGE_CURVE('NONE',#911,#2439,#2689,.T.);
#2691=ORIENTED_EDGE('',*,*,#2690,.T.);
#2692=ORIENTED_EDGE('',*,*,#2445,.F.);
#2693=EDGE_LOOP('',(#2684,#2685,#2691,#2692));
#2694=FACE_BOUND('',#2693,.T.);
#2695=ADVANCED_FACE('NONE',(#2694),#2683,.T.);
#2696=CARTESIAN_POINT('',(-3.4,1.65,0.1));
#2697=DIRECTION('',(0.,-1.,0.));
#2698=DIRECTION('',(0.,-0.,-1.));
#2699=AXIS2_PLACEMENT_3D('',#2696,#2697,#2698);
#2700=CYLINDRICAL_SURFACE('',#2699,0.05);
#2701=ORIENTED_EDGE('',*,*,#580,.T.);
#2702=ORIENTED_EDGE('',*,*,#2476,.T.);
#2703=CARTESIAN_POINT('',(-3.4,2.05,0.05));
#2704=DIRECTION('',(0.,-1.,0.));
#2705=VECTOR('',#2704,0.4);
#2706=LINE('',#2703,#2705);
#2707=EDGE_CURVE('NONE',#2464,#886,#2706,.T.);
#2708=ORIENTED_EDGE('',*,*,#2707,.T.);
#2709=ORIENTED_EDGE('',*,*,#892,.T.);
#2710=EDGE_LOOP('',(#2701,#2702,#2708,#2709));
#2711=FACE_BOUND('',#2710,.T.);
#2712=ADVANCED_FACE('NONE',(#2711),#2700,.F.);
#2713=CARTESIAN_POINT('',(0.,0.75,-0.15));
#2714=DIRECTION('',(-0.,0.,1.));
#2715=DIRECTION('',(-1.,-0.,-0.));
#2716=AXIS2_PLACEMENT_3D('',#2713,#2714,#2715);
#2717=PLANE('',#2716);
#2718=ORIENTED_EDGE('',*,*,#2690,.F.);
#2719=ORIENTED_EDGE('',*,*,#916,.T.);
#2720=CARTESIAN_POINT('',(-3.85,1.65,-0.15));
#2721=DIRECTION('',(-0.,1.,-0.));
#2722=VECTOR('',#2721,0.4);
#2723=LINE('',#2720,#2722);
#2724=EDGE_CURVE('NONE',#903,#2448,#2723,.T.);
#2725=ORIENTED_EDGE('',*,*,#2724,.T.);
#2726=ORIENTED_EDGE('',*,*,#2453,.T.);
#2727=EDGE_LOOP('',(#2718,#2719,#2725,#2726));
#2728=FACE_BOUND('',#2727,.T.);
#2729=ADVANCED_FACE('NONE',(#2728),#2717,.F.);
#2730=CARTESIAN_POINT('',(0.,0.75,0.05));
#2731=DIRECTION('',(-0.,0.,1.));
#2732=DIRECTION('',(-1.,-0.,-0.));
#2733=AXIS2_PLACEMENT_3D('',#2730,#2731,#2732);
#2734=PLANE('',#2733);
#2735=ORIENTED_EDGE('',*,*,#900,.F.);
#2736=ORIENTED_EDGE('',*,*,#2707,.F.);
#2737=ORIENTED_EDGE('',*,*,#2469,.F.);
#2738=CARTESIAN_POINT('',(-3.85,1.65,0.05));
#2739=DIRECTION('',(-0.,1.,-0.));
#2740=VECTOR('',#2739,0.4);
#2741=LINE('',#2738,#2740);
#2742=EDGE_CURVE('NONE',#895,#2456,#2741,.T.);
#2743=ORIENTED_EDGE('',*,*,#2742,.F.);
#2744=EDGE_LOOP('',(#2735,#2736,#2737,#2743));
#2745=FACE_BOUND('',#2744,.T.);
#2746=ADVANCED_FACE('NONE',(#2745),#2734,.T.);
#2747=CARTESIAN_POINT('',(-3.85,2.05,-0.15));
#2748=DIRECTION('',(1.,0.,0.));
#2749=DIRECTION('',(-0.,0.,1.));
#2750=AXIS2_PLACEMENT_3D('',#2747,#2748,#2749);
#2751=PLANE('',#2750);
#2752=ORIENTED_EDGE('',*,*,#2742,.T.);
#2753=ORIENTED_EDGE('',*,*,#2461,.F.);
#2754=ORIENTED_EDGE('',*,*,#2724,.F.);
#2755=ORIENTED_EDGE('',*,*,#908,.T.);
#2756=EDGE_LOOP('',(#2752,#2753,#2754,#2755));
#2757=FACE_BOUND('',#2756,.T.);
#2758=ADVANCED_FACE('NONE',(#2757),#2751,.F.);
#2759=CARTESIAN_POINT('',(-3.4,-0.55,0.1));
#2760=DIRECTION('',(0.,-1.,0.));
#2761=DIRECTION('',(0.,-0.,-1.));
#2762=AXIS2_PLACEMENT_3D('',#2759,#2760,#2761);
#2763=CYLINDRICAL_SURFACE('',#2762,0.25);
#2764=ORIENTED_EDGE('',*,*,#644,.F.);
#2765=ORIENTED_EDGE('',*,*,#811,.F.);
#2766=CARTESIAN_POINT('',(-3.4,-0.55,-0.15));
#2767=DIRECTION('',(-0.,1.,-0.));
#2768=VECTOR('',#2767,0.4);
#2769=LINE('',#2766,#2768);
#2770=EDGE_CURVE('NONE',#799,#830,#2769,.T.);
#2771=ORIENTED_EDGE('',*,*,#2770,.T.);
#2772=ORIENTED_EDGE('',*,*,#836,.F.);
#2773=EDGE_LOOP('',(#2764,#2765,#2771,#2772));
#2774=FACE_BOUND('',#2773,.T.);
#2775=ADVANCED_FACE('NONE',(#2774),#2763,.T.);
#2776=CARTESIAN_POINT('',(-3.4,-0.55,0.1));
#2777=DIRECTION('',(0.,-1.,0.));
#2778=DIRECTION('',(0.,-0.,-1.));
#2779=AXIS2_PLACEMENT_3D('',#2776,#2777,#2778);
#2780=CYLINDRICAL_SURFACE('',#2779,0.05);
#2781=ORIENTED_EDGE('',*,*,#516,.T.);
#2782=ORIENTED_EDGE('',*,*,#867,.T.);
#2783=CARTESIAN_POINT('',(-3.4,-0.15,0.05));
#2784=DIRECTION('',(0.,-1.,0.));
#2785=VECTOR('',#2784,0.4);
#2786=LINE('',#2783,#2785);
#2787=EDGE_CURVE('NONE',#855,#774,#2786,.T.);
#2788=ORIENTED_EDGE('',*,*,#2787,.T.);
#2789=ORIENTED_EDGE('',*,*,#780,.T.);
#2790=EDGE_LOOP('',(#2781,#2782,#2788,#2789));
#2791=FACE_BOUND('',#2790,.T.);
#2792=ADVANCED_FACE('NONE',(#2791),#2780,.F.);
#2793=CARTESIAN_POINT('',(0.,0.75,-0.15));
#2794=DIRECTION('',(-0.,0.,1.));
#2795=DIRECTION('',(-1.,-0.,-0.));
#2796=AXIS2_PLACEMENT_3D('',#2793,#2794,#2795);
#2797=PLANE('',#2796);
#2798=ORIENTED_EDGE('',*,*,#2770,.F.);
#2799=ORIENTED_EDGE('',*,*,#804,.T.);
#2800=CARTESIAN_POINT('',(-3.85,-0.55,-0.15));
#2801=DIRECTION('',(-0.,1.,-0.));
#2802=VECTOR('',#2801,0.4);
#2803=LINE('',#2800,#2802);
#2804=EDGE_CURVE('NONE',#791,#839,#2803,.T.);
#2805=ORIENTED_EDGE('',*,*,#2804,.T.);
#2806=ORIENTED_EDGE('',*,*,#844,.T.);
#2807=EDGE_LOOP('',(#2798,#2799,#2805,#2806));
#2808=FACE_BOUND('',#2807,.T.);
#2809=ADVANCED_FACE('NONE',(#2808),#2797,.F.);
#2810=CARTESIAN_POINT('',(0.,0.75,0.05));
#2811=DIRECTION('',(-0.,0.,1.));
#2812=DIRECTION('',(-1.,-0.,-0.));
#2813=AXIS2_PLACEMENT_3D('',#2810,#2811,#2812);
#2814=PLANE('',#2813);
#2815=ORIENTED_EDGE('',*,*,#788,.F.);
#2816=ORIENTED_EDGE('',*,*,#2787,.F.);
#2817=ORIENTED_EDGE('',*,*,#860,.F.);
#2818=CARTESIAN_POINT('',(-3.85,-0.55,0.05));
#2819=DIRECTION('',(-0.,1.,-0.));
#2820=VECTOR('',#2819,0.4);
#2821=LINE('',#2818,#2820);
#2822=EDGE_CURVE('NONE',#783,#847,#2821,.T.);
#2823=ORIENTED_EDGE('',*,*,#2822,.F.);
#2824=EDGE_LOOP('',(#2815,#2816,#2817,#2823));
#2825=FACE_BOUND('',#2824,.T.);
#2826=ADVANCED_FACE('NONE',(#2825),#2814,.T.);
#2827=CARTESIAN_POINT('',(-3.85,-0.15,-0.15));
#2828=DIRECTION('',(1.,0.,0.));
#2829=DIRECTION('',(-0.,0.,1.));
#2830=AXIS2_PLACEMENT_3D('',#2827,#2828,#2829);
#2831=PLANE('',#2830);
#2832=ORIENTED_EDGE('',*,*,#2822,.T.);
#2833=ORIENTED_EDGE('',*,*,#852,.F.);
#2834=ORIENTED_EDGE('',*,*,#2804,.F.);
#2835=ORIENTED_EDGE('',*,*,#796,.T.);
#2836=EDGE_LOOP('',(#2832,#2833,#2834,#2835));
#2837=FACE_BOUND('',#2836,.T.);
#2838=ADVANCED_FACE('NONE',(#2837),#2831,.F.);
#2839=CARTESIAN_POINT('',(3.4,2.05,0.1));
#2840=DIRECTION('',(0.,1.,0.));
#2841=DIRECTION('',(-0.,0.,-1.));
#2842=AXIS2_PLACEMENT_3D('',#2839,#2840,#2841);
#2843=CYLINDRICAL_SURFACE('',#2842,0.25);
#2844=ORIENTED_EDGE('',*,*,#268,.F.);
#2845=ORIENTED_EDGE('',*,*,#427,.F.);
#2846=CARTESIAN_POINT('',(3.4,2.05,-0.15));
#2847=DIRECTION('',(-0.,-1.,-0.));
#2848=VECTOR('',#2847,0.4);
#2849=LINE('',#2846,#2848);
#2850=EDGE_CURVE('NONE',#415,#446,#2849,.T.);
#2851=ORIENTED_EDGE('',*,*,#2850,.T.);
#2852=ORIENTED_EDGE('',*,*,#452,.F.);
#2853=EDGE_LOOP('',(#2844,#2845,#2851,#2852));
#2854=FACE_BOUND('',#2853,.T.);
#2855=ADVANCED_FACE('NONE',(#2854),#2843,.T.);
#2856=CARTESIAN_POINT('',(3.4,2.05,0.1));
#2857=DIRECTION('',(0.,1.,0.));
#2858=DIRECTION('',(0.,0.,-1.));
#2859=AXIS2_PLACEMENT_3D('',#2856,#2857,#2858);
#2860=CYLINDRICAL_SURFACE('',#2859,0.05);
#2861=ORIENTED_EDGE('',*,*,#140,.T.);
#2862=ORIENTED_EDGE('',*,*,#483,.T.);
#2863=CARTESIAN_POINT('',(3.4,1.65,0.05));
#2864=DIRECTION('',(0.,1.,0.));
#2865=VECTOR('',#2864,0.4);
#2866=LINE('',#2863,#2865);
#2867=EDGE_CURVE('NONE',#471,#390,#2866,.T.);
#2868=ORIENTED_EDGE('',*,*,#2867,.T.);
#2869=ORIENTED_EDGE('',*,*,#396,.T.);
#2870=EDGE_LOOP('',(#2861,#2862,#2868,#2869));
#2871=FACE_BOUND('',#2870,.T.);
#2872=ADVANCED_FACE('NONE',(#2871),#2860,.F.);
#2873=CARTESIAN_POINT('',(-0.,0.75,-0.15));
#2874=DIRECTION('',(-0.,0.,1.));
#2875=DIRECTION('',(-1.,-0.,-0.));
#2876=AXIS2_PLACEMENT_3D('',#2873,#2874,#2875);
#2877=PLANE('',#2876);
#2878=ORIENTED_EDGE('',*,*,#2850,.F.);
#2879=ORIENTED_EDGE('',*,*,#420,.T.);
#2880=CARTESIAN_POINT('',(3.85,2.05,-0.15));
#2881=DIRECTION('',(0.,-1.,0.));
#2882=VECTOR('',#2881,0.4);
#2883=LINE('',#2880,#2882);
#2884=EDGE_CURVE('NONE',#407,#455,#2883,.T.);
#2885=ORIENTED_EDGE('',*,*,#2884,.T.);
#2886=ORIENTED_EDGE('',*,*,#460,.T.);
#2887=EDGE_LOOP('',(#2878,#2879,#2885,#2886));
#2888=FACE_BOUND('',#2887,.T.);
#2889=ADVANCED_FACE('NONE',(#2888),#2877,.F.);
#2890=CARTESIAN_POINT('',(-0.,0.75,0.05));
#2891=DIRECTION('',(-0.,0.,1.));
#2892=DIRECTION('',(-1.,-0.,-0.));
#2893=AXIS2_PLACEMENT_3D('',#2890,#2891,#2892);
#2894=PLANE('',#2893);
#2895=ORIENTED_EDGE('',*,*,#404,.F.);
#2896=ORIENTED_EDGE('',*,*,#2867,.F.);
#2897=ORIENTED_EDGE('',*,*,#476,.F.);
#2898=CARTESIAN_POINT('',(3.85,2.05,0.05));
#2899=DIRECTION('',(-0.,-1.,0.));
#2900=VECTOR('',#2899,0.4);
#2901=LINE('',#2898,#2900);
#2902=EDGE_CURVE('NONE',#399,#463,#2901,.T.);
#2903=ORIENTED_EDGE('',*,*,#2902,.F.);
#2904=EDGE_LOOP('',(#2895,#2896,#2897,#2903));
#2905=FACE_BOUND('',#2904,.T.);
#2906=ADVANCED_FACE('NONE',(#2905),#2894,.T.);
#2907=CARTESIAN_POINT('',(3.85,1.65,-0.15));
#2908=DIRECTION('',(-1.,0.,-0.));
#2909=DIRECTION('',(-0.,-1.,0.));
#2910=AXIS2_PLACEMENT_3D('',#2907,#2908,#2909);
#2911=PLANE('',#2910);
#2912=ORIENTED_EDGE('',*,*,#2902,.T.);
#2913=ORIENTED_EDGE('',*,*,#468,.F.);
#2914=ORIENTED_EDGE('',*,*,#2884,.F.);
#2915=ORIENTED_EDGE('',*,*,#412,.T.);
#2916=EDGE_LOOP('',(#2912,#2913,#2914,#2915));
#2917=FACE_BOUND('',#2916,.T.);
#2918=ADVANCED_FACE('NONE',(#2917),#2911,.F.);
#2919=CARTESIAN_POINT('',(3.4,-0.15,0.1));
#2920=DIRECTION('',(-0.,1.,0.));
#2921=DIRECTION('',(-0.,0.,-1.));
#2922=AXIS2_PLACEMENT_3D('',#2919,#2920,#2921);
#2923=CYLINDRICAL_SURFACE('',#2922,0.25);
#2924=ORIENTED_EDGE('',*,*,#204,.F.);
#2925=ORIENTED_EDGE('',*,*,#371,.F.);
#2926=CARTESIAN_POINT('',(3.4,-0.15,-0.15));
#2927=DIRECTION('',(0.,-1.,-0.));
#2928=VECTOR('',#2927,0.4);
#2929=LINE('',#2926,#2928);
#2930=EDGE_CURVE('NONE',#359,#2519,#2929,.T.);
#2931=ORIENTED_EDGE('',*,*,#2930,.T.);
#2932=ORIENTED_EDGE('',*,*,#2525,.F.);
#2933=EDGE_LOOP('',(#2924,#2925,#2931,#2932));
#2934=FACE_BOUND('',#2933,.T.);
#2935=ADVANCED_FACE('NONE',(#2934),#2923,.T.);
#2936=CARTESIAN_POINT('',(3.4,-0.15,0.1));
#2937=DIRECTION('',(-0.,1.,0.));
#2938=DIRECTION('',(-0.,0.,-1.));
#2939=AXIS2_PLACEMENT_3D('',#2936,#2937,#2938);
#2940=CYLINDRICAL_SURFACE('',#2939,0.05);
#2941=ORIENTED_EDGE('',*,*,#76,.T.);
#2942=ORIENTED_EDGE('',*,*,#2556,.T.);
#2943=CARTESIAN_POINT('',(3.4,-0.55,0.05));
#2944=DIRECTION('',(-0.,1.,0.));
#2945=VECTOR('',#2944,0.4);
#2946=LINE('',#2943,#2945);
#2947=EDGE_CURVE('NONE',#2544,#334,#2946,.T.);
#2948=ORIENTED_EDGE('',*,*,#2947,.T.);
#2949=ORIENTED_EDGE('',*,*,#340,.T.);
#2950=EDGE_LOOP('',(#2941,#2942,#2948,#2949));
#2951=FACE_BOUND('',#2950,.T.);
#2952=ADVANCED_FACE('NONE',(#2951),#2940,.F.);
#2953=CARTESIAN_POINT('',(-0.,0.75,-0.15));
#2954=DIRECTION('',(-0.,0.,1.));
#2955=DIRECTION('',(-1.,-0.,-0.));
#2956=AXIS2_PLACEMENT_3D('',#2953,#2954,#2955);
#2957=PLANE('',#2956);
#2958=ORIENTED_EDGE('',*,*,#2930,.F.);
#2959=ORIENTED_EDGE('',*,*,#364,.T.);
#2960=CARTESIAN_POINT('',(3.85,-0.15,-0.15));
#2961=DIRECTION('',(-0.,-1.,0.));
#2962=VECTOR('',#2961,0.4);
#2963=LINE('',#2960,#2962);
#2964=EDGE_CURVE('NONE',#351,#2528,#2963,.T.);
#2965=ORIENTED_EDGE('',*,*,#2964,.T.);
#2966=ORIENTED_EDGE('',*,*,#2533,.T.);
#2967=EDGE_LOOP('',(#2958,#2959,#2965,#2966));
#2968=FACE_BOUND('',#2967,.T.);
#2969=ADVANCED_FACE('NONE',(#2968),#2957,.F.);
#2970=CARTESIAN_POINT('',(-0.,0.75,0.05));
#2971=DIRECTION('',(-0.,0.,1.));
#2972=DIRECTION('',(-1.,-0.,-0.));
#2973=AXIS2_PLACEMENT_3D('',#2970,#2971,#2972);
#2974=PLANE('',#2973);
#2975=ORIENTED_EDGE('',*,*,#348,.F.);
#2976=ORIENTED_EDGE('',*,*,#2947,.F.);
#2977=ORIENTED_EDGE('',*,*,#2549,.F.);
#2978=CARTESIAN_POINT('',(3.85,-0.15,0.05));
#2979=DIRECTION('',(0.,-1.,0.));
#2980=VECTOR('',#2979,0.4);
#2981=LINE('',#2978,#2980);
#2982=EDGE_CURVE('NONE',#343,#2536,#2981,.T.);
#2983=ORIENTED_EDGE('',*,*,#2982,.F.);
#2984=EDGE_LOOP('',(#2975,#2976,#2977,#2983));
#2985=FACE_BOUND('',#2984,.T.);
#2986=ADVANCED_FACE('NONE',(#2985),#2974,.T.);
#2987=CARTESIAN_POINT('',(3.85,-0.55,-0.15));
#2988=DIRECTION('',(-1.,-0.,-0.));
#2989=DIRECTION('',(0.,-1.,0.));
#2990=AXIS2_PLACEMENT_3D('',#2987,#2988,#2989);
#2991=PLANE('',#2990);
#2992=ORIENTED_EDGE('',*,*,#2982,.T.);
#2993=ORIENTED_EDGE('',*,*,#2541,.F.);
#2994=ORIENTED_EDGE('',*,*,#2964,.F.);
#2995=ORIENTED_EDGE('',*,*,#356,.T.);
#2996=EDGE_LOOP('',(#2992,#2993,#2994,#2995));
#2997=FACE_BOUND('',#2996,.T.);
#2998=ADVANCED_FACE('NONE',(#2997),#2991,.F.);
#2999=CLOSED_SHELL('',(#190,#326,#382,#438,#494,#630,#766,#822,#878,#934,#990,#1046,#1356,#1666,#1704,#1726,#1743,#1760,#1777,#1794,#1811,#1828,#1845,#1862,#1879,#1896,
#1908,#1925,#1942,#1959,#1976,#1993,#2010,#2027,#2044,#2061,#2078,#2095,#2112,#2129,#2146,#2163,#2180,#2192,#2230,#2247,#2264,#2281,#2298,#2310,#2322,
#2334,#2356,#2368,#2380,#2402,#2414,#2431,#2482,#2494,#2511,#2562,#2579,#2591,#2608,#2620,#2637,#2649,#2666,#2678,#2695,#2712,#2729,#2746,#2758,#2775,
#2792,#2809,#2826,#2838,#2855,#2872,#2889,#2906,#2918,#2935,#2952,#2969,#2986,#2998));
#3000=MANIFOLD_SOLID_BREP('Edge-Flange2',#2999);
#3001=DRAUGHTING_PRE_DEFINED_COLOUR('white');
#3002=FILL_AREA_STYLE_COLOUR('',#3001);
#3003=FILL_AREA_STYLE('',(#3002));
#3004=SURFACE_STYLE_FILL_AREA(#3003);
#3005=SURFACE_SIDE_STYLE('',(#3004));
#3006=SURFACE_STYLE_USAGE(.BOTH.,#3005);
#3007=PRESENTATION_STYLE_ASSIGNMENT((#3006));
#54=STYLED_ITEM('',(#3007),#3000);
#3009=CARTESIAN_POINT('',(0.1,-1.85,1.05));
#3010=DIRECTION('',(1.,0.,0.));
#3011=DIRECTION('',(-0.,1.,-0.));
#3012=AXIS2_PLACEMENT_3D('',#3009,#3010,#3011);
#3013=PLANE('',#3012);
#3014=CARTESIAN_POINT('',(0.1,-0.625,0.1));
#3015=VERTEX_POINT('',#3014);
#3016=CARTESIAN_POINT('',(0.1,-0.625,0.375));
#3017=VERTEX_POINT('',#3016);
#3018=CARTESIAN_POINT('',(0.1,-0.625,0.1));
#3019=DIRECTION('',(-0.,0.,1.));
#3020=VECTOR('',#3019,0.275);
#3021=LINE('',#3018,#3020);
#3022=EDGE_CURVE('NONE',#3015,#3017,#3021,.T.);
#3023=ORIENTED_EDGE('',*,*,#3022,.F.);
#3024=CARTESIAN_POINT('',(0.1,-0.694946149,-0.05));
#3025=VERTEX_POINT('',#3024);
#3026=CARTESIAN_POINT('',(0.1,-0.625,0.1));
#3027=DIRECTION('',(0.,-0.422618262,-0.906307787));
#3028=VECTOR('',#3027,0.165506688);
#3029=LINE('',#3026,#3028);
#3030=EDGE_CURVE('NONE',#3015,#3025,#3029,.T.);
#3031=ORIENTED_EDGE('',*,*,#3030,.T.);
#3032=CARTESIAN_POINT('',(0.1,-1.85,-0.05));
#3033=VERTEX_POINT('',#3032);
#3034=CARTESIAN_POINT('',(0.1,-1.85,-0.05));
#3035=DIRECTION('',(-0.,1.,-0.));
#3036=VECTOR('',#3035,1.155053851);
#3037=LINE('',#3034,#3036);
#3038=EDGE_CURVE('NONE',#3033,#3025,#3037,.T.);
#3039=ORIENTED_EDGE('',*,*,#3038,.F.);
#3040=CARTESIAN_POINT('',(0.1,-1.85,1.05));
#3041=VERTEX_POINT('',#3040);
#3042=CARTESIAN_POINT('',(0.1,-1.85,1.05));
#3043=DIRECTION('',(0.,-0.,-1.));
#3044=VECTOR('',#3043,1.1);
#3045=LINE('',#3042,#3044);
#3046=EDGE_CURVE('NONE',#3041,#3033,#3045,.T.);
#3047=ORIENTED_EDGE('',*,*,#3046,.F.);
#3048=CARTESIAN_POINT('',(0.1,-0.275,1.05));
#3049=VERTEX_POINT('',#3048);
#3050=CARTESIAN_POINT('',(0.1,-0.275,1.05));
#3051=DIRECTION('',(0.,-1.,0.));
#3052=VECTOR('',#3051,1.575);
#3053=LINE('',#3050,#3052);
#3054=EDGE_CURVE('NONE',#3049,#3041,#3053,.T.);
#3055=ORIENTED_EDGE('',*,*,#3054,.F.);
#3056=CARTESIAN_POINT('',(0.1,-0.275,0.45));
#3057=VERTEX_POINT('',#3056);
#3058=CARTESIAN_POINT('',(0.1,-0.275,1.05));
#3059=DIRECTION('',(0.,-0.,-1.));
#3060=VECTOR('',#3059,0.6);
#3061=LINE('',#3058,#3060);
#3062=EDGE_CURVE('NONE',#3049,#3057,#3061,.T.);
#3063=ORIENTED_EDGE('',*,*,#3062,.T.);
#3064=CARTESIAN_POINT('',(0.1,-0.55,0.45));
#3065=VERTEX_POINT('',#3064);
#3066=CARTESIAN_POINT('',(0.1,-0.275,0.45));
#3067=DIRECTION('',(0.,-1.,0.));
#3068=VECTOR('',#3067,0.275);
#3069=LINE('',#3066,#3068);
#3070=EDGE_CURVE('NONE',#3057,#3065,#3069,.T.);
#3071=ORIENTED_EDGE('',*,*,#3070,.T.);
#3072=CARTESIAN_POINT('',(0.1,-0.55,0.45));
#3073=DIRECTION('',(0.,-0.707106781,-0.707106781));
#3074=VECTOR('',#3073,0.106066017);
#3075=LINE('',#3072,#3074);
#3076=EDGE_CURVE('NONE',#3065,#3017,#3075,.T.);
#3077=ORIENTED_EDGE('',*,*,#3076,.T.);
#3078=EDGE_LOOP('',(#3023,#3031,#3039,#3047,#3055,#3063,#3071,#3077));
#3079=FACE_BOUND('',#3078,.T.);
#3080=ADVANCED_FACE('NONE',(#3079),#3013,.F.);
#3081=CARTESIAN_POINT('',(0.3,-2.05,1.05));
#3082=DIRECTION('',(0.707106781,0.707106781,0.));
#3083=DIRECTION('',(-0.707106781,0.707106781,-0.));
#3084=AXIS2_PLACEMENT_3D('',#3081,#3082,#3083);
#3085=PLANE('',#3084);
#3086=ORIENTED_EDGE('',*,*,#3046,.T.);
#3087=CARTESIAN_POINT('',(0.3,-2.05,-0.05));
#3088=VERTEX_POINT('',#3087);
#3089=CARTESIAN_POINT('',(0.3,-2.05,-0.05));
#3090=DIRECTION('',(-0.707106781,0.707106781,-0.));
#3091=VECTOR('',#3090,0.282842712);
#3092=LINE('',#3089,#3091);
#3093=EDGE_CURVE('NONE',#3088,#3033,#3092,.T.);
#3094=ORIENTED_EDGE('',*,*,#3093,.F.);
#3095=CARTESIAN_POINT('',(0.3,-2.05,1.05));
#3096=VERTEX_POINT('',#3095);
#3097=CARTESIAN_POINT('',(0.3,-2.05,1.05));
#3098=DIRECTION('',(0.,-0.,-1.));
#3099=VECTOR('',#3098,1.1);
#3100=LINE('',#3097,#3099);
#3101=EDGE_CURVE('NONE',#3096,#3088,#3100,.T.);
#3102=ORIENTED_EDGE('',*,*,#3101,.F.);
#3103=CARTESIAN_POINT('',(0.1,-1.85,1.05));
#3104=DIRECTION('',(0.707106781,-0.707106781,0.));
#3105=VECTOR('',#3104,0.282842712);
#3106=LINE('',#3103,#3105);
#3107=EDGE_CURVE('NONE',#3041,#3096,#3106,.T.);
#3108=ORIENTED_EDGE('',*,*,#3107,.F.);
#3109=EDGE_LOOP('',(#3086,#3094,#3102,#3108));
#3110=FACE_BOUND('',#3109,.T.);
#3111=ADVANCED_FACE('NONE',(#3110),#3085,.F.);
#3112=CARTESIAN_POINT('',(1.2,-2.05,1.05));
#3113=DIRECTION('',(-0.,1.,-0.));
#3114=DIRECTION('',(-1.,-0.,0.));
#3115=AXIS2_PLACEMENT_3D('',#3112,#3113,#3114);
#3116=PLANE('',#3115);
#3117=ORIENTED_EDGE('',*,*,#3101,.T.);
#3118=CARTESIAN_POINT('',(1.2,-2.05,-0.05));
#3119=VERTEX_POINT('',#3118);
#3120=CARTESIAN_POINT('',(1.2,-2.05,-0.05));
#3121=DIRECTION('',(-1.,-0.,-0.));
#3122=VECTOR('',#3121,0.9);
#3123=LINE('',#3120,#3122);
#3124=EDGE_CURVE('NONE',#3119,#3088,#3123,.T.);
#3125=ORIENTED_EDGE('',*,*,#3124,.F.);
#3126=CARTESIAN_POINT('',(1.2,-2.05,1.05));
#3127=VERTEX_POINT('',#3126);
#3128=CARTESIAN_POINT('',(1.2,-2.05,1.05));
#3129=DIRECTION('',(0.,-0.,-1.));
#3130=VECTOR('',#3129,1.1);
#3131=LINE('',#3128,#3130);
#3132=EDGE_CURVE('NONE',#3127,#3119,#3131,.T.);
#3133=ORIENTED_EDGE('',*,*,#3132,.F.);
#3134=CARTESIAN_POINT('',(0.3,-2.05,1.05));
#3135=DIRECTION('',(1.,0.,0.));
#3136=VECTOR('',#3135,0.9);
#3137=LINE('',#3134,#3136);
#3138=EDGE_CURVE('NONE',#3096,#3127,#3137,.T.);
#3139=ORIENTED_EDGE('',*,*,#3138,.F.);
#3140=EDGE_LOOP('',(#3117,#3125,#3133,#3139));
#3141=FACE_BOUND('',#3140,.T.);
#3142=ADVANCED_FACE('NONE',(#3141),#3116,.F.);
#3143=CARTESIAN_POINT('',(1.4,-1.85,1.05));
#3144=DIRECTION('',(-0.707106781,0.707106781,-0.));
#3145=DIRECTION('',(-0.707106781,-0.707106781,0.));
#3146=AXIS2_PLACEMENT_3D('',#3143,#3144,#3145);
#3147=PLANE('',#3146);
#3148=ORIENTED_EDGE('',*,*,#3132,.T.);
#3149=CARTESIAN_POINT('',(1.4,-1.85,-0.05));
#3150=VERTEX_POINT('',#3149);
#3151=CARTESIAN_POINT('',(1.4,-1.85,-0.05));
#3152=DIRECTION('',(-0.707106781,-0.707106781,-0.));
#3153=VECTOR('',#3152,0.282842712);
#3154=LINE('',#3151,#3153);
#3155=EDGE_CURVE('NONE',#3150,#3119,#3154,.T.);
#3156=ORIENTED_EDGE('',*,*,#3155,.F.);
#3157=CARTESIAN_POINT('',(1.4,-1.85,1.05));
#3158=VERTEX_POINT('',#3157);
#3159=CARTESIAN_POINT('',(1.4,-1.85,1.05));
#3160=DIRECTION('',(0.,-0.,-1.));
#3161=VECTOR('',#3160,1.1);
#3162=LINE('',#3159,#3161);
#3163=EDGE_CURVE('NONE',#3158,#3150,#3162,.T.);
#3164=ORIENTED_EDGE('',*,*,#3163,.F.);
#3165=CARTESIAN_POINT('',(1.2,-2.05,1.05));
#3166=DIRECTION('',(0.707106781,0.707106781,0.));
#3167=VECTOR('',#3166,0.282842712);
#3168=LINE('',#3165,#3167);
#3169=EDGE_CURVE('NONE',#3127,#3158,#3168,.T.);
#3170=ORIENTED_EDGE('',*,*,#3169,.F.);
#3171=EDGE_LOOP('',(#3148,#3156,#3164,#3170));
#3172=FACE_BOUND('',#3171,.T.);
#3173=ADVANCED_FACE('NONE',(#3172),#3147,.F.);
#3174=CARTESIAN_POINT('',(1.4,-0.275,1.05));
#3175=DIRECTION('',(-1.,-0.,-0.));
#3176=DIRECTION('',(0.,-1.,0.));
#3177=AXIS2_PLACEMENT_3D('',#3174,#3175,#3176);
#3178=PLANE('',#3177);
#3179=CARTESIAN_POINT('',(1.4,-0.694946149,-0.05));
#3180=VERTEX_POINT('',#3179);
#3181=CARTESIAN_POINT('',(1.4,-0.694946149,-0.05));
#3182=DIRECTION('',(0.,-1.,0.));
#3183=VECTOR('',#3182,1.155053851);
#3184=LINE('',#3181,#3183);
#3185=EDGE_CURVE('NONE',#3180,#3150,#3184,.T.);
#3186=ORIENTED_EDGE('',*,*,#3185,.F.);
#3187=CARTESIAN_POINT('',(1.4,-0.625,0.1));
#3188=VERTEX_POINT('',#3187);
#3189=CARTESIAN_POINT('',(1.4,-0.694946149,-0.05));
#3190=DIRECTION('',(-0.,0.422618262,0.906307787));
#3191=VECTOR('',#3190,0.165506688);
#3192=LINE('',#3189,#3191);
#3193=EDGE_CURVE('NONE',#3180,#3188,#3192,.T.);
#3194=ORIENTED_EDGE('',*,*,#3193,.T.);
#3195=CARTESIAN_POINT('',(1.4,-0.625,0.375));
#3196=VERTEX_POINT('',#3195);
#3197=CARTESIAN_POINT('',(1.4,-0.625,0.1));
#3198=DIRECTION('',(-0.,0.,1.));
#3199=VECTOR('',#3198,0.275);
#3200=LINE('',#3197,#3199);
#3201=EDGE_CURVE('NONE',#3188,#3196,#3200,.T.);
#3202=ORIENTED_EDGE('',*,*,#3201,.T.);
#3203=CARTESIAN_POINT('',(1.4,-0.55,0.45));
#3204=VERTEX_POINT('',#3203);
#3205=CARTESIAN_POINT('',(1.4,-0.625,0.375));
#3206=DIRECTION('',(0.,0.707106781,0.707106781));
#3207=VECTOR('',#3206,0.106066017);
#3208=LINE('',#3205,#3207);
#3209=EDGE_CURVE('NONE',#3196,#3204,#3208,.T.);
#3210=ORIENTED_EDGE('',*,*,#3209,.T.);
#3211=CARTESIAN_POINT('',(1.4,-0.275,0.45));
#3212=VERTEX_POINT('',#3211);
#3213=CARTESIAN_POINT('',(1.4,-0.55,0.45));
#3214=DIRECTION('',(-0.,1.,-0.));
#3215=VECTOR('',#3214,0.275);
#3216=LINE('',#3213,#3215);
#3217=EDGE_CURVE('NONE',#3204,#3212,#3216,.T.);
#3218=ORIENTED_EDGE('',*,*,#3217,.T.);
#3219=CARTESIAN_POINT('',(1.4,-0.275,1.05));
#3220=VERTEX_POINT('',#3219);
#3221=CARTESIAN_POINT('',(1.4,-0.275,1.05));
#3222=DIRECTION('',(0.,-0.,-1.));
#3223=VECTOR('',#3222,0.6);
#3224=LINE('',#3221,#3223);
#3225=EDGE_CURVE('NONE',#3220,#3212,#3224,.T.);
#3226=ORIENTED_EDGE('',*,*,#3225,.F.);
#3227=CARTESIAN_POINT('',(1.4,-1.85,1.05));
#3228=DIRECTION('',(-0.,1.,-0.));
#3229=VECTOR('',#3228,1.575);
#3230=LINE('',#3227,#3229);
#3231=EDGE_CURVE('NONE',#3158,#3220,#3230,.T.);
#3232=ORIENTED_EDGE('',*,*,#3231,.F.);
#3233=ORIENTED_EDGE('',*,*,#3163,.T.);
#3234=EDGE_LOOP('',(#3186,#3194,#3202,#3210,#3218,#3226,#3232,#3233));
#3235=FACE_BOUND('',#3234,.T.);
#3236=ADVANCED_FACE('NONE',(#3235),#3178,.F.);
#3237=CARTESIAN_POINT('',(0.1,-0.275,1.05));
#3238=DIRECTION('',(0.,-1.,0.));
#3239=DIRECTION('',(1.,0.,-0.));
#3240=AXIS2_PLACEMENT_3D('',#3237,#3238,#3239);
#3241=PLANE('',#3240);
#3242=CARTESIAN_POINT('',(1.4,-0.275,0.45));
#3243=DIRECTION('',(-1.,-0.,0.));
#3244=VECTOR('',#3243,1.3);
#3245=LINE('',#3242,#3244);
#3246=EDGE_CURVE('NONE',#3212,#3057,#3245,.T.);
#3247=ORIENTED_EDGE('',*,*,#3246,.T.);
#3248=ORIENTED_EDGE('',*,*,#3062,.F.);
#3249=CARTESIAN_POINT('',(1.4,-0.275,1.05));
#3250=DIRECTION('',(-1.,-0.,-0.));
#3251=VECTOR('',#3250,1.3);
#3252=LINE('',#3249,#3251);
#3253=EDGE_CURVE('NONE',#3220,#3049,#3252,.T.);
#3254=ORIENTED_EDGE('',*,*,#3253,.F.);
#3255=ORIENTED_EDGE('',*,*,#3225,.T.);
#3256=EDGE_LOOP('',(#3247,#3248,#3254,#3255));
#3257=FACE_BOUND('',#3256,.T.);
#3258=ADVANCED_FACE('NONE',(#3257),#3241,.F.);
#3259=CARTESIAN_POINT('',(-0.,0.75,1.05));
#3260=DIRECTION('',(0.,-0.,-1.));
#3261=DIRECTION('',(1.,0.,0.));
#3262=AXIS2_PLACEMENT_3D('',#3259,#3260,#3261);
#3263=PLANE('',#3262);
#3264=ORIENTED_EDGE('',*,*,#3054,.T.);
#3265=ORIENTED_EDGE('',*,*,#3107,.T.);
#3266=ORIENTED_EDGE('',*,*,#3138,.T.);
#3267=ORIENTED_EDGE('',*,*,#3169,.T.);
#3268=ORIENTED_EDGE('',*,*,#3231,.T.);
#3269=ORIENTED_EDGE('',*,*,#3253,.T.);
#3270=EDGE_LOOP('',(#3264,#3265,#3266,#3267,#3268,#3269));
#3271=FACE_BOUND('',#3270,.T.);
#3272=ADVANCED_FACE('NONE',(#3271),#3263,.F.);
#3273=CARTESIAN_POINT('',(0.,0.75,0.45));
#3274=DIRECTION('',(0.,-0.,-1.));
#3275=DIRECTION('',(1.,0.,0.));
#3276=AXIS2_PLACEMENT_3D('',#3273,#3274,#3275);
#3277=PLANE('',#3276);
#3278=ORIENTED_EDGE('',*,*,#3217,.F.);
#3279=CARTESIAN_POINT('',(1.4,-0.55,0.45));
#3280=DIRECTION('',(-1.,-0.,-0.));
#3281=VECTOR('',#3280,1.3);
#3282=LINE('',#3279,#3281);
#3283=EDGE_CURVE('NONE',#3204,#3065,#3282,.T.);
#3284=ORIENTED_EDGE('',*,*,#3283,.T.);
#3285=ORIENTED_EDGE('',*,*,#3070,.F.);
#3286=ORIENTED_EDGE('',*,*,#3246,.F.);
#3287=EDGE_LOOP('',(#3278,#3284,#3285,#3286));
#3288=FACE_BOUND('',#3287,.T.);
#3289=ADVANCED_FACE('NONE',(#3288),#3277,.T.);
#3290=CARTESIAN_POINT('',(0.1,-0.625,-3.078892169));
#3291=DIRECTION('',(0.,-1.,0.));
#3292=DIRECTION('',(0.,-0.,-1.));
#3293=AXIS2_PLACEMENT_3D('',#3290,#3291,#3292);
#3294=PLANE('',#3293);
#3295=ORIENTED_EDGE('',*,*,#3022,.T.);
#3296=CARTESIAN_POINT('',(0.1,-0.625,0.375));
#3297=DIRECTION('',(1.,0.,-0.));
#3298=VECTOR('',#3297,1.3);
#3299=LINE('',#3296,#3298);
#3300=EDGE_CURVE('NONE',#3017,#3196,#3299,.T.);
#3301=ORIENTED_EDGE('',*,*,#3300,.T.);
#3302=ORIENTED_EDGE('',*,*,#3201,.F.);
#3303=CARTESIAN_POINT('',(1.4,-0.625,0.1));
#3304=DIRECTION('',(-1.,-0.,0.));
#3305=VECTOR('',#3304,1.3);
#3306=LINE('',#3303,#3305);
#3307=EDGE_CURVE('NONE',#3188,#3015,#3306,.T.);
#3308=ORIENTED_EDGE('',*,*,#3307,.T.);
#3309=EDGE_LOOP('',(#3295,#3301,#3302,#3308));
#3310=FACE_BOUND('',#3309,.T.);
#3311=ADVANCED_FACE('NONE',(#3310),#3294,.F.);
#3312=CARTESIAN_POINT('',(0.,0.75,-0.05));
#3313=DIRECTION('',(0.,-0.,-1.));
#3314=DIRECTION('',(1.,0.,0.));
#3315=AXIS2_PLACEMENT_3D('',#3312,#3313,#3314);
#3316=PLANE('',#3315);
#3317=ORIENTED_EDGE('',*,*,#3038,.T.);
#3318=CARTESIAN_POINT('',(0.1,-0.694946149,-0.05));
#3319=DIRECTION('',(1.,0.,0.));
#3320=VECTOR('',#3319,1.3);
#3321=LINE('',#3318,#3320);
#3322=EDGE_CURVE('NONE',#3025,#3180,#3321,.T.);
#3323=ORIENTED_EDGE('',*,*,#3322,.T.);
#3324=ORIENTED_EDGE('',*,*,#3185,.T.);
#3325=ORIENTED_EDGE('',*,*,#3155,.T.);
#3326=ORIENTED_EDGE('',*,*,#3124,.T.);
#3327=ORIENTED_EDGE('',*,*,#3093,.T.);
#3328=EDGE_LOOP('',(#3317,#3323,#3324,#3325,#3326,#3327));
#3329=FACE_BOUND('',#3328,.T.);
#3330=ADVANCED_FACE('NONE',(#3329),#3316,.T.);
#3331=CARTESIAN_POINT('',(0.,-0.694946149,-0.05));
#3332=DIRECTION('',(0.,0.906307787,-0.422618262));
#3333=DIRECTION('',(-1.,-0.,-0.));
#3334=AXIS2_PLACEMENT_3D('',#3331,#3332,#3333);
#3335=PLANE('',#3334);
#3336=ORIENTED_EDGE('',*,*,#3030,.F.);
#3337=ORIENTED_EDGE('',*,*,#3307,.F.);
#3338=ORIENTED_EDGE('',*,*,#3193,.F.);
#3339=ORIENTED_EDGE('',*,*,#3322,.F.);
#3340=EDGE_LOOP('',(#3336,#3337,#3338,#3339));
#3341=FACE_BOUND('',#3340,.T.);
#3342=ADVANCED_FACE('NONE',(#3341),#3335,.T.);
#3343=CARTESIAN_POINT('',(0.1,-0.625,0.375));
#3344=DIRECTION('',(-0.,-0.707106781,0.707106781));
#3345=DIRECTION('',(1.,0.,0.));
#3346=AXIS2_PLACEMENT_3D('',#3343,#3344,#3345);
#3347=PLANE('',#3346);
#3348=ORIENTED_EDGE('',*,*,#3076,.F.);
#3349=ORIENTED_EDGE('',*,*,#3283,.F.);
#3350=ORIENTED_EDGE('',*,*,#3209,.F.);
#3351=ORIENTED_EDGE('',*,*,#3300,.F.);
#3352=EDGE_LOOP('',(#3348,#3349,#3350,#3351));
#3353=FACE_BOUND('',#3352,.T.);
#3354=ADVANCED_FACE('NONE',(#3353),#3347,.F.);
#3355=CLOSED_SHELL('',(#3080,#3111,#3142,#3173,#3236,#3258,#3272,#3289,#3311,#3330,#3342,#3354));
#3356=MANIFOLD_SOLID_BREP('Chamfer3',#3355);
#3357=DRAUGHTING_PRE_DEFINED_COLOUR('black');
#3358=FILL_AREA_STYLE_COLOUR('',#3357);
#3359=FILL_AREA_STYLE('',(#3358));
#3360=SURFACE_STYLE_FILL_AREA(#3359);
#3361=SURFACE_SIDE_STYLE('',(#3360));
#3362=SURFACE_STYLE_USAGE(.BOTH.,#3361);
#3363=PRESENTATION_STYLE_ASSIGNMENT((#3362));
#3008=STYLED_ITEM('',(#3363),#3356);
#3365=CARTESIAN_POINT('',(-1.5,0.75,-0.65));
#3366=DIRECTION('',(0.,0.,1.));
#3367=DIRECTION('',(0.,-1.,0.));
#3368=AXIS2_PLACEMENT_3D('',#3365,#3366,#3367);
#3369=CONICAL_SURFACE('',#3368,0.2,45.);
#3370=CARTESIAN_POINT('',(-1.5,0.35,-0.45));
#3371=VERTEX_POINT('',#3370);
#3372=CARTESIAN_POINT('',(-1.5,0.55,-0.65));
#3373=VERTEX_POINT('',#3372);
#3374=CARTESIAN_POINT('',(-1.5,0.35,-0.45));
#3375=DIRECTION('',(-0.,0.707106781,-0.707106781));
#3376=VECTOR('',#3375,0.282842712);
#3377=LINE('',#3374,#3376);
#3378=EDGE_CURVE('',#3371,#3373,#3377,.T.);
#3379=ORIENTED_EDGE('',*,*,#3378,.T.);
#3380=CARTESIAN_POINT('',(-1.5,0.75,-0.65));
#3381=DIRECTION('',(-0.,-0.,-1.));
#3382=DIRECTION('',(0.,-1.,0.));
#3383=AXIS2_PLACEMENT_3D('',#3380,#3381,#3382);
#3384=CIRCLE('',#3383,0.2);
#3385=EDGE_CURVE('NONE',#3373,#3373,#3384,.T.);
#3386=ORIENTED_EDGE('',*,*,#3385,.F.);
#3387=ORIENTED_EDGE('',*,*,#3378,.F.);
#3388=CARTESIAN_POINT('',(-1.9,0.75,-0.45));
#3389=VERTEX_POINT('',#3388);
#3390=CARTESIAN_POINT('',(-1.5,0.75,-0.45));
#3391=DIRECTION('',(-0.,0.,1.));
#3392=DIRECTION('',(-1.,-0.,-0.));
#3393=AXIS2_PLACEMENT_3D('',#3390,#3391,#3392);
#3394=CIRCLE('',#3393,0.4);
#3395=EDGE_CURVE('NONE',#3389,#3371,#3394,.T.);
#3396=ORIENTED_EDGE('',*,*,#3395,.F.);
#3397=CARTESIAN_POINT('',(-1.5,0.75,-0.45));
#3398=DIRECTION('',(-0.,0.,1.));
#3399=DIRECTION('',(-1.,-0.,-0.));
#3400=AXIS2_PLACEMENT_3D('',#3397,#3398,#3399);
#3401=CIRCLE('',#3400,0.4);
#3402=EDGE_CURVE('NONE',#3371,#3389,#3401,.T.);
#3403=ORIENTED_EDGE('',*,*,#3402,.F.);
#3404=EDGE_LOOP('',(#3379,#3386,#3387,#3396,#3403));
#3405=FACE_BOUND('',#3404,.T.);
#3406=ADVANCED_FACE('NONE',(#3405),#3369,.T.);
#3407=CARTESIAN_POINT('',(1.5,0.75,-0.65));
#3408=DIRECTION('',(0.,0.,1.));
#3409=DIRECTION('',(0.,-1.,0.));
#3410=AXIS2_PLACEMENT_3D('',#3407,#3408,#3409);
#3411=CONICAL_SURFACE('',#3410,0.2,45.);
#3412=CARTESIAN_POINT('',(1.5,0.35,-0.45));
#3413=VERTEX_POINT('',#3412);
#3414=CARTESIAN_POINT('',(1.5,0.55,-0.65));
#3415=VERTEX_POINT('',#3414);
#3416=CARTESIAN_POINT('',(1.5,0.35,-0.45));
#3417=DIRECTION('',(-0.,0.707106781,-0.707106781));
#3418=VECTOR('',#3417,0.282842712);
#3419=LINE('',#3416,#3418);
#3420=EDGE_CURVE('',#3413,#3415,#3419,.T.);
#3421=ORIENTED_EDGE('',*,*,#3420,.T.);
#3422=CARTESIAN_POINT('',(1.5,0.75,-0.65));
#3423=DIRECTION('',(-0.,-0.,-1.));
#3424=DIRECTION('',(0.,-1.,0.));
#3425=AXIS2_PLACEMENT_3D('',#3422,#3423,#3424);
#3426=CIRCLE('',#3425,0.2);
#3427=EDGE_CURVE('NONE',#3415,#3415,#3426,.T.);
#3428=ORIENTED_EDGE('',*,*,#3427,.F.);
#3429=ORIENTED_EDGE('',*,*,#3420,.F.);
#3430=CARTESIAN_POINT('',(1.1,0.75,-0.45));
#3431=VERTEX_POINT('',#3430);
#3432=CARTESIAN_POINT('',(1.5,0.75,-0.45));
#3433=DIRECTION('',(-0.,0.,1.));
#3434=DIRECTION('',(-1.,-0.,-0.));
#3435=AXIS2_PLACEMENT_3D('',#3432,#3433,#3434);
#3436=CIRCLE('',#3435,0.4);
#3437=EDGE_CURVE('NONE',#3431,#3413,#3436,.T.);
#3438=ORIENTED_EDGE('',*,*,#3437,.F.);
#3439=CARTESIAN_POINT('',(1.5,0.75,-0.45));
#3440=DIRECTION('',(-0.,0.,1.));
#3441=DIRECTION('',(-1.,-0.,-0.));
#3442=AXIS2_PLACEMENT_3D('',#3439,#3440,#3441);
#3443=CIRCLE('',#3442,0.4);
#3444=EDGE_CURVE('NONE',#3413,#3431,#3443,.T.);
#3445=ORIENTED_EDGE('',*,*,#3444,.F.);
#3446=EDGE_LOOP('',(#3421,#3428,#3429,#3438,#3445));
#3447=FACE_BOUND('',#3446,.T.);
#3448=ADVANCED_FACE('NONE',(#3447),#3411,.T.);
#3449=CARTESIAN_POINT('',(1.5,0.75,-0.65));
#3450=DIRECTION('',(-0.,0.,1.));
#3451=DIRECTION('',(-1.,-0.,-0.));
#3452=AXIS2_PLACEMENT_3D('',#3449,#3450,#3451);
#3453=CYLINDRICAL_SURFACE('',#3452,0.4);
#3454=CARTESIAN_POINT('',(1.1,0.75,-0.15));
#3455=VERTEX_POINT('',#3454);
#3456=CARTESIAN_POINT('',(1.1,0.75,-0.15));
#3457=DIRECTION('',(0.,-0.,-1.));
#3458=VECTOR('',#3457,0.3);
#3459=LINE('',#3456,#3458);
#3460=EDGE_CURVE('',#3455,#3431,#3459,.T.);
#3461=ORIENTED_EDGE('',*,*,#3460,.T.);
#3462=ORIENTED_EDGE('',*,*,#3437,.T.);
#3463=ORIENTED_EDGE('',*,*,#3444,.T.);
#3464=ORIENTED_EDGE('',*,*,#3460,.F.);
#3465=CARTESIAN_POINT('',(1.5,0.75,-0.15));
#3466=DIRECTION('',(0.,-0.,-1.));
#3467=DIRECTION('',(-1.,-0.,-0.));
#3468=AXIS2_PLACEMENT_3D('',#3465,#3466,#3467);
#3469=CIRCLE('',#3468,0.4);
#3470=EDGE_CURVE('NONE',#3455,#3455,#3469,.T.);
#3471=ORIENTED_EDGE('',*,*,#3470,.T.);
#3472=EDGE_LOOP('',(#3461,#3462,#3463,#3464,#3471));
#3473=FACE_BOUND('',#3472,.T.);
#3474=ADVANCED_FACE('NONE',(#3473),#3453,.T.);
#3475=CARTESIAN_POINT('',(-1.5,0.75,-0.65));
#3476=DIRECTION('',(-0.,0.,1.));
#3477=DIRECTION('',(-1.,-0.,-0.));
#3478=AXIS2_PLACEMENT_3D('',#3475,#3476,#3477);
#3479=CYLINDRICAL_SURFACE('',#3478,0.4);
#3480=CARTESIAN_POINT('',(-1.9,0.75,-0.15));
#3481=VERTEX_POINT('',#3480);
#3482=CARTESIAN_POINT('',(-1.9,0.75,-0.15));
#3483=DIRECTION('',(0.,-0.,-1.));
#3484=VECTOR('',#3483,0.3);
#3485=LINE('',#3482,#3484);
#3486=EDGE_CURVE('',#3481,#3389,#3485,.T.);
#3487=ORIENTED_EDGE('',*,*,#3486,.T.);
#3488=ORIENTED_EDGE('',*,*,#3395,.T.);
#3489=ORIENTED_EDGE('',*,*,#3402,.T.);
#3490=ORIENTED_EDGE('',*,*,#3486,.F.);
#3491=CARTESIAN_POINT('',(-1.5,0.75,-0.15));
#3492=DIRECTION('',(0.,-0.,-1.));
#3493=DIRECTION('',(-1.,-0.,-0.));
#3494=AXIS2_PLACEMENT_3D('',#3491,#3492,#3493);
#3495=CIRCLE('',#3494,0.4);
#3496=EDGE_CURVE('NONE',#3481,#3481,#3495,.T.);
#3497=ORIENTED_EDGE('',*,*,#3496,.T.);
#3498=EDGE_LOOP('',(#3487,#3488,#3489,#3490,#3497));
#3499=FACE_BOUND('',#3498,.T.);
#3500=ADVANCED_FACE('NONE',(#3499),#3479,.T.);
#3501=CARTESIAN_POINT('',(3.15,-0.55,-0.15));
#3502=DIRECTION('',(-1.,-0.,-0.));
#3503=DIRECTION('',(0.,-0.,-1.));
#3504=AXIS2_PLACEMENT_3D('',#3501,#3502,#3503);
#3505=PLANE('',#3504);
#3506=CARTESIAN_POINT('',(3.15,1.5,0.9));
#3507=VERTEX_POINT('',#3506);
#3508=CARTESIAN_POINT('',(3.15,1.5,0.55));
#3509=VERTEX_POINT('',#3508);
#3510=CARTESIAN_POINT('',(3.15,1.5,0.9));
#3511=DIRECTION('',(-0.,-0.,-1.));
#3512=VECTOR('',#3511,0.35);
#3513=LINE('',#3510,#3512);
#3514=EDGE_CURVE('NONE',#3507,#3509,#3513,.T.);
#3515=ORIENTED_EDGE('',*,*,#3514,.F.);
#3516=CARTESIAN_POINT('',(3.15,0.,0.9));
#3517=VERTEX_POINT('',#3516);
#3518=CARTESIAN_POINT('',(3.15,1.5,0.9));
#3519=DIRECTION('',(0.,-1.,0.));
#3520=VECTOR('',#3519,1.5);
#3521=LINE('',#3518,#3520);
#3522=EDGE_CURVE('NONE',#3507,#3517,#3521,.T.);
#3523=ORIENTED_EDGE('',*,*,#3522,.T.);
#3524=CARTESIAN_POINT('',(3.15,0.,0.55));
#3525=VERTEX_POINT('',#3524);
#3526=CARTESIAN_POINT('',(3.15,0.,0.9));
#3527=DIRECTION('',(0.,-0.,-1.));
#3528=VECTOR('',#3527,0.35);
#3529=LINE('',#3526,#3528);
#3530=EDGE_CURVE('NONE',#3517,#3525,#3529,.T.);
#3531=ORIENTED_EDGE('',*,*,#3530,.T.);
#3532=CARTESIAN_POINT('',(3.15,-0.55,0.55));
#3533=VERTEX_POINT('',#3532);
#3534=CARTESIAN_POINT('',(3.15,-0.55,0.55));
#3535=DIRECTION('',(-0.,1.,-0.));
#3536=VECTOR('',#3535,0.55);
#3537=LINE('',#3534,#3536);
#3538=EDGE_CURVE('NONE',#3533,#3525,#3537,.T.);
#3539=ORIENTED_EDGE('',*,*,#3538,.F.);
#3540=CARTESIAN_POINT('',(3.15,-0.55,-0.15));
#3541=VERTEX_POINT('',#3540);
#3542=CARTESIAN_POINT('',(3.15,-0.55,-0.15));
#3543=DIRECTION('',(0.,0.,1.));
#3544=VECTOR('',#3543,0.7);
#3545=LINE('',#3542,#3544);
#3546=EDGE_CURVE('NONE',#3541,#3533,#3545,.T.);
#3547=ORIENTED_EDGE('',*,*,#3546,.F.);
#3548=CARTESIAN_POINT('',(3.15,2.05,-0.15));
#3549=VERTEX_POINT('',#3548);
#3550=CARTESIAN_POINT('',(3.15,-0.55,-0.15));
#3551=DIRECTION('',(-0.,1.,-0.));
#3552=VECTOR('',#3551,2.6);
#3553=LINE('',#3550,#3552);
#3554=EDGE_CURVE('NONE',#3541,#3549,#3553,.T.);
#3555=ORIENTED_EDGE('',*,*,#3554,.T.);
#3556=CARTESIAN_POINT('',(3.15,2.05,0.55));
#3557=VERTEX_POINT('',#3556);
#3558=CARTESIAN_POINT('',(3.15,2.05,-0.15));
#3559=DIRECTION('',(-0.,0.,1.));
#3560=VECTOR('',#3559,0.7);
#3561=LINE('',#3558,#3560);
#3562=EDGE_CURVE('NONE',#3549,#3557,#3561,.T.);
#3563=ORIENTED_EDGE('',*,*,#3562,.T.);
#3564=CARTESIAN_POINT('',(3.15,1.5,0.55));
#3565=DIRECTION('',(-0.,1.,-0.));
#3566=VECTOR('',#3565,0.55);
#3567=LINE('',#3564,#3566);
#3568=EDGE_CURVE('NONE',#3509,#3557,#3567,.T.);
#3569=ORIENTED_EDGE('',*,*,#3568,.F.);
#3570=EDGE_LOOP('',(#3515,#3523,#3531,#3539,#3547,#3555,#3563,#3569));
#3571=FACE_BOUND('',#3570,.T.);
#3572=ADVANCED_FACE('NONE',(#3571),#3505,.F.);
#3573=CARTESIAN_POINT('',(3.35,-0.55,0.75));
#3574=DIRECTION('',(-0.923879533,-0.,-0.382683432));
#3575=DIRECTION('',(0.382683432,-0.,-0.923879533));
#3576=AXIS2_PLACEMENT_3D('',#3573,#3574,#3575);
#3577=PLANE('',#3576);
#3578=CARTESIAN_POINT('',(3.35,0.,0.75));
#3579=VERTEX_POINT('',#3578);
#3580=CARTESIAN_POINT('',(3.142893219,0.,1.25));
#3581=VERTEX_POINT('',#3580);
#3582=CARTESIAN_POINT('',(3.35,0.,0.75));
#3583=DIRECTION('',(-0.382683432,0.,0.923879533));
#3584=VECTOR('',#3583,0.5411961);
#3585=LINE('',#3582,#3584);
#3586=EDGE_CURVE('NONE',#3579,#3581,#3585,.T.);
#3587=ORIENTED_EDGE('',*,*,#3586,.T.);
#3588=CARTESIAN_POINT('',(3.142893219,-0.55,1.25));
#3589=VERTEX_POINT('',#3588);
#3590=CARTESIAN_POINT('',(3.142893219,-0.55,1.25));
#3591=DIRECTION('',(0.,1.,-0.));
#3592=VECTOR('',#3591,0.55);
#3593=LINE('',#3590,#3592);
#3594=EDGE_CURVE('NONE',#3589,#3581,#3593,.T.);
#3595=ORIENTED_EDGE('',*,*,#3594,.F.);
#3596=CARTESIAN_POINT('',(3.35,-0.55,0.75));
#3597=VERTEX_POINT('',#3596);
#3598=CARTESIAN_POINT('',(3.35,-0.55,0.75));
#3599=DIRECTION('',(-0.382683432,0.,0.923879533));
#3600=VECTOR('',#3599,0.5411961);
#3601=LINE('',#3598,#3600);
#3602=EDGE_CURVE('NONE',#3597,#3589,#3601,.T.);
#3603=ORIENTED_EDGE('',*,*,#3602,.F.);
#3604=CARTESIAN_POINT('',(3.35,-0.55,0.75));
#3605=DIRECTION('',(-0.,1.,-0.));
#3606=VECTOR('',#3605,0.55);
#3607=LINE('',#3604,#3606);
#3608=EDGE_CURVE('NONE',#3597,#3579,#3607,.T.);
#3609=ORIENTED_EDGE('',*,*,#3608,.T.);
#3610=EDGE_LOOP('',(#3587,#3595,#3603,#3609));
#3611=FACE_BOUND('',#3610,.T.);
#3612=ADVANCED_FACE('NONE',(#3611),#3577,.F.);
#3613=CARTESIAN_POINT('',(3.35,-0.55,0.75));
#3614=DIRECTION('',(-0.923879533,-0.,-0.382683432));
#3615=DIRECTION('',(0.382683432,-0.,-0.923879533));
#3616=AXIS2_PLACEMENT_3D('',#3613,#3614,#3615);
#3617=PLANE('',#3616);
#3618=CARTESIAN_POINT('',(3.142893219,1.5,1.25));
#3619=VERTEX_POINT('',#3618);
#3620=CARTESIAN_POINT('',(3.142893219,2.05,1.25));
#3621=VERTEX_POINT('',#3620);
#3622=CARTESIAN_POINT('',(3.142893219,1.5,1.25));
#3623=DIRECTION('',(0.,1.,-0.));
#3624=VECTOR('',#3623,0.55);
#3625=LINE('',#3622,#3624);
#3626=EDGE_CURVE('NONE',#3619,#3621,#3625,.T.);
#3627=ORIENTED_EDGE('',*,*,#3626,.F.);
#3628=CARTESIAN_POINT('',(3.35,1.5,0.75));
#3629=VERTEX_POINT('',#3628);
#3630=CARTESIAN_POINT('',(3.142893219,1.5,1.25));
#3631=DIRECTION('',(0.382683432,-0.,-0.923879533));
#3632=VECTOR('',#3631,0.5411961);
#3633=LINE('',#3630,#3632);
#3634=EDGE_CURVE('NONE',#3619,#3629,#3633,.T.);
#3635=ORIENTED_EDGE('',*,*,#3634,.T.);
#3636=CARTESIAN_POINT('',(3.35,2.05,0.75));
#3637=VERTEX_POINT('',#3636);
#3638=CARTESIAN_POINT('',(3.35,1.5,0.75));
#3639=DIRECTION('',(-0.,1.,-0.));
#3640=VECTOR('',#3639,0.55);
#3641=LINE('',#3638,#3640);
#3642=EDGE_CURVE('NONE',#3629,#3637,#3641,.T.);
#3643=ORIENTED_EDGE('',*,*,#3642,.T.);
#3644=CARTESIAN_POINT('',(3.35,2.05,0.75));
#3645=DIRECTION('',(-0.382683432,0.,0.923879533));
#3646=VECTOR('',#3645,0.5411961);
#3647=LINE('',#3644,#3646);
#3648=EDGE_CURVE('NONE',#3637,#3621,#3647,.T.);
#3649=ORIENTED_EDGE('',*,*,#3648,.T.);
#3650=EDGE_LOOP('',(#3627,#3635,#3643,#3649));
#3651=FACE_BOUND('',#3650,.T.);
#3652=ADVANCED_FACE('NONE',(#3651),#3617,.F.);
#3653=CARTESIAN_POINT('',(3.142893219,-0.55,1.25));
#3654=DIRECTION('',(0.,-0.,-1.));
#3655=DIRECTION('',(0.,1.,-0.));
#3656=AXIS2_PLACEMENT_3D('',#3653,#3654,#3655);
#3657=PLANE('',#3656);
#3658=CARTESIAN_POINT('',(2.75,0.,1.25));
#3659=VERTEX_POINT('',#3658);
#3660=CARTESIAN_POINT('',(2.75,0.,1.25));
#3661=DIRECTION('',(1.,-0.,0.));
#3662=VECTOR('',#3661,0.392893219);
#3663=LINE('',#3660,#3662);
#3664=EDGE_CURVE('NONE',#3659,#3581,#3663,.T.);
#3665=ORIENTED_EDGE('',*,*,#3664,.F.);
#3666=CARTESIAN_POINT('',(2.75,-0.55,1.25));
#3667=VERTEX_POINT('',#3666);
#3668=CARTESIAN_POINT('',(2.75,-0.55,1.25));
#3669=DIRECTION('',(0.,1.,-0.));
#3670=VECTOR('',#3669,0.55);
#3671=LINE('',#3668,#3670);
#3672=EDGE_CURVE('NONE',#3667,#3659,#3671,.T.);
#3673=ORIENTED_EDGE('',*,*,#3672,.F.);
#3674=CARTESIAN_POINT('',(3.142893219,-0.55,1.25));
#3675=DIRECTION('',(-1.,-0.,0.));
#3676=VECTOR('',#3675,0.392893219);
#3677=LINE('',#3674,#3676);
#3678=EDGE_CURVE('NONE',#3589,#3667,#3677,.T.);
#3679=ORIENTED_EDGE('',*,*,#3678,.F.);
#3680=ORIENTED_EDGE('',*,*,#3594,.T.);
#3681=EDGE_LOOP('',(#3665,#3673,#3679,#3680));
#3682=FACE_BOUND('',#3681,.T.);
#3683=ADVANCED_FACE('NONE',(#3682),#3657,.F.);
#3684=CARTESIAN_POINT('',(3.142893219,-0.55,1.25));
#3685=DIRECTION('',(0.,-0.,-1.));
#3686=DIRECTION('',(0.,1.,-0.));
#3687=AXIS2_PLACEMENT_3D('',#3684,#3685,#3686);
#3688=PLANE('',#3687);
#3689=CARTESIAN_POINT('',(2.75,1.5,1.25));
#3690=VERTEX_POINT('',#3689);
#3691=CARTESIAN_POINT('',(3.142893219,1.5,1.25));
#3692=DIRECTION('',(-1.,-0.,0.));
#3693=VECTOR('',#3692,0.392893219);
#3694=LINE('',#3691,#3693);
#3695=EDGE_CURVE('NONE',#3619,#3690,#3694,.T.);
#3696=ORIENTED_EDGE('',*,*,#3695,.F.);
#3697=ORIENTED_EDGE('',*,*,#3626,.T.);
#3698=CARTESIAN_POINT('',(2.75,2.05,1.25));
#3699=VERTEX_POINT('',#3698);
#3700=CARTESIAN_POINT('',(3.142893219,2.05,1.25));
#3701=DIRECTION('',(-1.,-0.,0.));
#3702=VECTOR('',#3701,0.392893219);
#3703=LINE('',#3700,#3702);
#3704=EDGE_CURVE('NONE',#3621,#3699,#3703,.T.);
#3705=ORIENTED_EDGE('',*,*,#3704,.T.);
#3706=CARTESIAN_POINT('',(2.75,1.5,1.25));
#3707=DIRECTION('',(0.,1.,-0.));
#3708=VECTOR('',#3707,0.55);
#3709=LINE('',#3706,#3708);
#3710=EDGE_CURVE('NONE',#3690,#3699,#3709,.T.);
#3711=ORIENTED_EDGE('',*,*,#3710,.F.);
#3712=EDGE_LOOP('',(#3696,#3697,#3705,#3711));
#3713=FACE_BOUND('',#3712,.T.);
#3714=ADVANCED_FACE('NONE',(#3713),#3688,.F.);
#3715=CARTESIAN_POINT('',(2.75,-0.55,1.25));
#3716=DIRECTION('',(1.,0.,0.));
#3717=DIRECTION('',(0.,1.,-0.));
#3718=AXIS2_PLACEMENT_3D('',#3715,#3716,#3717);
#3719=PLANE('',#3718);
#3720=CARTESIAN_POINT('',(2.75,0.,1.05));
#3721=VERTEX_POINT('',#3720);
#3722=CARTESIAN_POINT('',(2.75,0.,1.05));
#3723=DIRECTION('',(0.,0.,1.));
#3724=VECTOR('',#3723,0.2);
#3725=LINE('',#3722,#3724);
#3726=EDGE_CURVE('NONE',#3721,#3659,#3725,.T.);
#3727=ORIENTED_EDGE('',*,*,#3726,.F.);
#3728=CARTESIAN_POINT('',(2.75,-0.55,1.05));
#3729=VERTEX_POINT('',#3728);
#3730=CARTESIAN_POINT('',(2.75,-0.55,1.05));
#3731=DIRECTION('',(-0.,1.,-0.));
#3732=VECTOR('',#3731,0.55);
#3733=LINE('',#3730,#3732);
#3734=EDGE_CURVE('NONE',#3729,#3721,#3733,.T.);
#3735=ORIENTED_EDGE('',*,*,#3734,.F.);
#3736=CARTESIAN_POINT('',(2.75,-0.55,1.25));
#3737=DIRECTION('',(-0.,-0.,-1.));
#3738=VECTOR('',#3737,0.2);
#3739=LINE('',#3736,#3738);
#3740=EDGE_CURVE('NONE',#3667,#3729,#3739,.T.);
#3741=ORIENTED_EDGE('',*,*,#3740,.F.);
#3742=ORIENTED_EDGE('',*,*,#3672,.T.);
#3743=EDGE_LOOP('',(#3727,#3735,#3741,#3742));
#3744=FACE_BOUND('',#3743,.T.);
#3745=ADVANCED_FACE('NONE',(#3744),#3719,.F.);
#3746=CARTESIAN_POINT('',(2.75,-0.55,1.25));
#3747=DIRECTION('',(1.,0.,0.));
#3748=DIRECTION('',(0.,1.,-0.));
#3749=AXIS2_PLACEMENT_3D('',#3746,#3747,#3748);
#3750=PLANE('',#3749);
#3751=CARTESIAN_POINT('',(2.75,1.5,1.05));
#3752=VERTEX_POINT('',#3751);
#3753=CARTESIAN_POINT('',(2.75,1.5,1.25));
#3754=DIRECTION('',(-0.,-0.,-1.));
#3755=VECTOR('',#3754,0.2);
#3756=LINE('',#3753,#3755);
#3757=EDGE_CURVE('NONE',#3690,#3752,#3756,.T.);
#3758=ORIENTED_EDGE('',*,*,#3757,.F.);
#3759=ORIENTED_EDGE('',*,*,#3710,.T.);
#3760=CARTESIAN_POINT('',(2.75,2.05,1.05));
#3761=VERTEX_POINT('',#3760);
#3762=CARTESIAN_POINT('',(2.75,2.05,1.25));
#3763=DIRECTION('',(-0.,-0.,-1.));
#3764=VECTOR('',#3763,0.2);
#3765=LINE('',#3762,#3764);
#3766=EDGE_CURVE('NONE',#3699,#3761,#3765,.T.);
#3767=ORIENTED_EDGE('',*,*,#3766,.T.);
#3768=CARTESIAN_POINT('',(2.75,1.5,1.05));
#3769=DIRECTION('',(-0.,1.,-0.));
#3770=VECTOR('',#3769,0.55);
#3771=LINE('',#3768,#3770);
#3772=EDGE_CURVE('NONE',#3752,#3761,#3771,.T.);
#3773=ORIENTED_EDGE('',*,*,#3772,.F.);
#3774=EDGE_LOOP('',(#3758,#3759,#3767,#3773));
#3775=FACE_BOUND('',#3774,.T.);
#3776=ADVANCED_FACE('NONE',(#3775),#3750,.F.);
#3777=CARTESIAN_POINT('',(-2.75,-0.55,1.05));
#3778=DIRECTION('',(-1.,0.,0.));
#3779=DIRECTION('',(0.,-1.,0.));
#3780=AXIS2_PLACEMENT_3D('',#3777,#3778,#3779);
#3781=PLANE('',#3780);
#3782=CARTESIAN_POINT('',(-2.75,0.,1.25));
#3783=VERTEX_POINT('',#3782);
#3784=CARTESIAN_POINT('',(-2.75,0.,1.05));
#3785=VERTEX_POINT('',#3784);
#3786=CARTESIAN_POINT('',(-2.75,0.,1.25));
#3787=DIRECTION('',(-0.,-0.,-1.));
#3788=VECTOR('',#3787,0.2);
#3789=LINE('',#3786,#3788);
#3790=EDGE_CURVE('NONE',#3783,#3785,#3789,.T.);
#3791=ORIENTED_EDGE('',*,*,#3790,.F.);
#3792=CARTESIAN_POINT('',(-2.75,-0.55,1.25));
#3793=VERTEX_POINT('',#3792);
#3794=CARTESIAN_POINT('',(-2.75,-0.55,1.25));
#3795=DIRECTION('',(0.,1.,-0.));
#3796=VECTOR('',#3795,0.55);
#3797=LINE('',#3794,#3796);
#3798=EDGE_CURVE('NONE',#3793,#3783,#3797,.T.);
#3799=ORIENTED_EDGE('',*,*,#3798,.F.);
#3800=CARTESIAN_POINT('',(-2.75,-0.55,1.05));
#3801=VERTEX_POINT('',#3800);
#3802=CARTESIAN_POINT('',(-2.75,-0.55,1.05));
#3803=DIRECTION('',(0.,0.,1.));
#3804=VECTOR('',#3803,0.2);
#3805=LINE('',#3802,#3804);
#3806=EDGE_CURVE('NONE',#3801,#3793,#3805,.T.);
#3807=ORIENTED_EDGE('',*,*,#3806,.F.);
#3808=CARTESIAN_POINT('',(-2.75,-0.55,1.05));
#3809=DIRECTION('',(-0.,1.,-0.));
#3810=VECTOR('',#3809,0.55);
#3811=LINE('',#3808,#3810);
#3812=EDGE_CURVE('NONE',#3801,#3785,#3811,.T.);
#3813=ORIENTED_EDGE('',*,*,#3812,.T.);
#3814=EDGE_LOOP('',(#3791,#3799,#3807,#3813));
#3815=FACE_BOUND('',#3814,.T.);
#3816=ADVANCED_FACE('NONE',(#3815),#3781,.F.);
#3817=CARTESIAN_POINT('',(-2.75,-0.55,1.05));
#3818=DIRECTION('',(-1.,0.,0.));
#3819=DIRECTION('',(0.,-1.,0.));
#3820=AXIS2_PLACEMENT_3D('',#3817,#3818,#3819);
#3821=PLANE('',#3820);
#3822=CARTESIAN_POINT('',(-2.75,1.5,1.05));
#3823=VERTEX_POINT('',#3822);
#3824=CARTESIAN_POINT('',(-2.75,1.5,1.25));
#3825=VERTEX_POINT('',#3824);
#3826=CARTESIAN_POINT('',(-2.75,1.5,1.05));
#3827=DIRECTION('',(0.,0.,1.));
#3828=VECTOR('',#3827,0.2);
#3829=LINE('',#3826,#3828);
#3830=EDGE_CURVE('NONE',#3823,#3825,#3829,.T.);
#3831=ORIENTED_EDGE('',*,*,#3830,.F.);
#3832=CARTESIAN_POINT('',(-2.75,2.05,1.05));
#3833=VERTEX_POINT('',#3832);
#3834=CARTESIAN_POINT('',(-2.75,1.5,1.05));
#3835=DIRECTION('',(-0.,1.,-0.));
#3836=VECTOR('',#3835,0.55);
#3837=LINE('',#3834,#3836);
#3838=EDGE_CURVE('NONE',#3823,#3833,#3837,.T.);
#3839=ORIENTED_EDGE('',*,*,#3838,.T.);
#3840=CARTESIAN_POINT('',(-2.75,2.05,1.25));
#3841=VERTEX_POINT('',#3840);
#3842=CARTESIAN_POINT('',(-2.75,2.05,1.05));
#3843=DIRECTION('',(0.,0.,1.));
#3844=VECTOR('',#3843,0.2);
#3845=LINE('',#3842,#3844);
#3846=EDGE_CURVE('NONE',#3833,#3841,#3845,.T.);
#3847=ORIENTED_EDGE('',*,*,#3846,.T.);
#3848=CARTESIAN_POINT('',(-2.75,1.5,1.25));
#3849=DIRECTION('',(0.,1.,-0.));
#3850=VECTOR('',#3849,0.55);
#3851=LINE('',#3848,#3850);
#3852=EDGE_CURVE('NONE',#3825,#3841,#3851,.T.);
#3853=ORIENTED_EDGE('',*,*,#3852,.F.);
#3854=EDGE_LOOP('',(#3831,#3839,#3847,#3853));
#3855=FACE_BOUND('',#3854,.T.);
#3856=ADVANCED_FACE('NONE',(#3855),#3821,.F.);
#3857=CARTESIAN_POINT('',(-2.75,-0.55,1.25));
#3858=DIRECTION('',(0.,-0.,-1.));
#3859=DIRECTION('',(0.,1.,-0.));
#3860=AXIS2_PLACEMENT_3D('',#3857,#3858,#3859);
#3861=PLANE('',#3860);
#3862=CARTESIAN_POINT('',(-3.142893219,0.,1.25));
#3863=VERTEX_POINT('',#3862);
#3864=CARTESIAN_POINT('',(-3.142893219,0.,1.25));
#3865=DIRECTION('',(1.,0.,-0.));
#3866=VECTOR('',#3865,0.392893219);
#3867=LINE('',#3864,#3866);
#3868=EDGE_CURVE('NONE',#3863,#3783,#3867,.T.);
#3869=ORIENTED_EDGE('',*,*,#3868,.F.);
#3870=CARTESIAN_POINT('',(-3.142893219,-0.55,1.25));
#3871=VERTEX_POINT('',#3870);
#3872=CARTESIAN_POINT('',(-3.142893219,-0.55,1.25));
#3873=DIRECTION('',(-0.,1.,-0.));
#3874=VECTOR('',#3873,0.55);
#3875=LINE('',#3872,#3874);
#3876=EDGE_CURVE('NONE',#3871,#3863,#3875,.T.);
#3877=ORIENTED_EDGE('',*,*,#3876,.F.);
#3878=CARTESIAN_POINT('',(-2.75,-0.55,1.25));
#3879=DIRECTION('',(-1.,-0.,0.));
#3880=VECTOR('',#3879,0.392893219);
#3881=LINE('',#3878,#3880);
#3882=EDGE_CURVE('NONE',#3793,#3871,#3881,.T.);
#3883=ORIENTED_EDGE('',*,*,#3882,.F.);
#3884=ORIENTED_EDGE('',*,*,#3798,.T.);
#3885=EDGE_LOOP('',(#3869,#3877,#3883,#3884));
#3886=FACE_BOUND('',#3885,.T.);
#3887=ADVANCED_FACE('NONE',(#3886),#3861,.F.);
#3888=CARTESIAN_POINT('',(-2.75,-0.55,1.25));
#3889=DIRECTION('',(0.,-0.,-1.));
#3890=DIRECTION('',(0.,1.,-0.));
#3891=AXIS2_PLACEMENT_3D('',#3888,#3889,#3890);
#3892=PLANE('',#3891);
#3893=CARTESIAN_POINT('',(-3.142893219,1.5,1.25));
#3894=VERTEX_POINT('',#3893);
#3895=CARTESIAN_POINT('',(-2.75,1.5,1.25));
#3896=DIRECTION('',(-1.,0.,-0.));
#3897=VECTOR('',#3896,0.392893219);
#3898=LINE('',#3895,#3897);
#3899=EDGE_CURVE('NONE',#3825,#3894,#3898,.T.);
#3900=ORIENTED_EDGE('',*,*,#3899,.F.);
#3901=ORIENTED_EDGE('',*,*,#3852,.T.);
#3902=CARTESIAN_POINT('',(-3.142893219,2.05,1.25));
#3903=VERTEX_POINT('',#3902);
#3904=CARTESIAN_POINT('',(-2.75,2.05,1.25));
#3905=DIRECTION('',(-1.,-0.,0.));
#3906=VECTOR('',#3905,0.392893219);
#3907=LINE('',#3904,#3906);
#3908=EDGE_CURVE('NONE',#3841,#3903,#3907,.T.);
#3909=ORIENTED_EDGE('',*,*,#3908,.T.);
#3910=CARTESIAN_POINT('',(-3.142893219,1.5,1.25));
#3911=DIRECTION('',(-0.,1.,-0.));
#3912=VECTOR('',#3911,0.55);
#3913=LINE('',#3910,#3912);
#3914=EDGE_CURVE('NONE',#3894,#3903,#3913,.T.);
#3915=ORIENTED_EDGE('',*,*,#3914,.F.);
#3916=EDGE_LOOP('',(#3900,#3901,#3909,#3915));
#3917=FACE_BOUND('',#3916,.T.);
#3918=ADVANCED_FACE('NONE',(#3917),#3892,.F.);
#3919=CARTESIAN_POINT('',(-3.142893219,-0.55,1.25));
#3920=DIRECTION('',(0.923879533,-0.,-0.382683432));
#3921=DIRECTION('',(0.382683432,0.,0.923879533));
#3922=AXIS2_PLACEMENT_3D('',#3919,#3920,#3921);
#3923=PLANE('',#3922);
#3924=ORIENTED_EDGE('',*,*,#3876,.T.);
#3925=CARTESIAN_POINT('',(-3.35,0.,0.75));
#3926=VERTEX_POINT('',#3925);
#3927=CARTESIAN_POINT('',(-3.142893219,0.,1.25));
#3928=DIRECTION('',(-0.382683432,-0.,-0.923879533));
#3929=VECTOR('',#3928,0.5411961);
#3930=LINE('',#3927,#3929);
#3931=EDGE_CURVE('NONE',#3863,#3926,#3930,.T.);
#3932=ORIENTED_EDGE('',*,*,#3931,.T.);
#3933=CARTESIAN_POINT('',(-3.35,-0.55,0.75));
#3934=VERTEX_POINT('',#3933);
#3935=CARTESIAN_POINT('',(-3.35,-0.55,0.75));
#3936=DIRECTION('',(0.,1.,-0.));
#3937=VECTOR('',#3936,0.55);
#3938=LINE('',#3935,#3937);
#3939=EDGE_CURVE('NONE',#3934,#3926,#3938,.T.);
#3940=ORIENTED_EDGE('',*,*,#3939,.F.);
#3941=CARTESIAN_POINT('',(-3.142893219,-0.55,1.25));
#3942=DIRECTION('',(-0.382683432,-0.,-0.923879533));
#3943=VECTOR('',#3942,0.5411961);
#3944=LINE('',#3941,#3943);
#3945=EDGE_CURVE('NONE',#3871,#3934,#3944,.T.);
#3946=ORIENTED_EDGE('',*,*,#3945,.F.);
#3947=EDGE_LOOP('',(#3924,#3932,#3940,#3946));
#3948=FACE_BOUND('',#3947,.T.);
#3949=ADVANCED_FACE('NONE',(#3948),#3923,.F.);
#3950=CARTESIAN_POINT('',(-3.142893219,-0.55,1.25));
#3951=DIRECTION('',(0.923879533,-0.,-0.382683432));
#3952=DIRECTION('',(0.382683432,0.,0.923879533));
#3953=AXIS2_PLACEMENT_3D('',#3950,#3951,#3952);
#3954=PLANE('',#3953);
#3955=CARTESIAN_POINT('',(-3.35,1.5,0.75));
#3956=VERTEX_POINT('',#3955);
#3957=CARTESIAN_POINT('',(-3.35,1.5,0.75));
#3958=DIRECTION('',(0.382683432,0.,0.923879533));
#3959=VECTOR('',#3958,0.5411961);
#3960=LINE('',#3957,#3959);
#3961=EDGE_CURVE('NONE',#3956,#3894,#3960,.T.);
#3962=ORIENTED_EDGE('',*,*,#3961,.T.);
#3963=ORIENTED_EDGE('',*,*,#3914,.T.);
#3964=CARTESIAN_POINT('',(-3.35,2.05,0.75));
#3965=VERTEX_POINT('',#3964);
#3966=CARTESIAN_POINT('',(-3.142893219,2.05,1.25));
#3967=DIRECTION('',(-0.382683432,-0.,-0.923879533));
#3968=VECTOR('',#3967,0.5411961);
#3969=LINE('',#3966,#3968);
#3970=EDGE_CURVE('NONE',#3903,#3965,#3969,.T.);
#3971=ORIENTED_EDGE('',*,*,#3970,.T.);
#3972=CARTESIAN_POINT('',(-3.35,1.5,0.75));
#3973=DIRECTION('',(0.,1.,-0.));
#3974=VECTOR('',#3973,0.55);
#3975=LINE('',#3972,#3974);
#3976=EDGE_CURVE('NONE',#3956,#3965,#3975,.T.);
#3977=ORIENTED_EDGE('',*,*,#3976,.F.);
#3978=EDGE_LOOP('',(#3962,#3963,#3971,#3977));
#3979=FACE_BOUND('',#3978,.T.);
#3980=ADVANCED_FACE('NONE',(#3979),#3954,.F.);
#3981=CARTESIAN_POINT('',(-3.15,-0.55,0.55));
#3982=DIRECTION('',(1.,0.,0.));
#3983=DIRECTION('',(0.,1.,-0.));
#3984=AXIS2_PLACEMENT_3D('',#3981,#3982,#3983);
#3985=PLANE('',#3984);
#3986=CARTESIAN_POINT('',(-3.15,0.,0.9));
#3987=VERTEX_POINT('',#3986);
#3988=CARTESIAN_POINT('',(-3.15,0.,0.55));
#3989=VERTEX_POINT('',#3988);
#3990=CARTESIAN_POINT('',(-3.15,0.,0.9));
#3991=DIRECTION('',(-0.,-0.,-1.));
#3992=VECTOR('',#3991,0.35);
#3993=LINE('',#3990,#3992);
#3994=EDGE_CURVE('NONE',#3987,#3989,#3993,.T.);
#3995=ORIENTED_EDGE('',*,*,#3994,.F.);
#3996=CARTESIAN_POINT('',(-3.15,1.5,0.9));
#3997=VERTEX_POINT('',#3996);
#3998=CARTESIAN_POINT('',(-3.15,0.,0.9));
#3999=DIRECTION('',(0.,1.,-0.));
#4000=VECTOR('',#3999,1.5);
#4001=LINE('',#3998,#4000);
#4002=EDGE_CURVE('NONE',#3987,#3997,#4001,.T.);
#4003=ORIENTED_EDGE('',*,*,#4002,.T.);
#4004=CARTESIAN_POINT('',(-3.15,1.5,0.55));
#4005=VERTEX_POINT('',#4004);
#4006=CARTESIAN_POINT('',(-3.15,1.5,0.9));
#4007=DIRECTION('',(-0.,-0.,-1.));
#4008=VECTOR('',#4007,0.35);
#4009=LINE('',#4006,#4008);
#4010=EDGE_CURVE('NONE',#3997,#4005,#4009,.T.);
#4011=ORIENTED_EDGE('',*,*,#4010,.T.);
#4012=CARTESIAN_POINT('',(-3.15,2.05,0.55));
#4013=VERTEX_POINT('',#4012);
#4014=CARTESIAN_POINT('',(-3.15,1.5,0.55));
#4015=DIRECTION('',(0.,1.,-0.));
#4016=VECTOR('',#4015,0.55);
#4017=LINE('',#4014,#4016);
#4018=EDGE_CURVE('NONE',#4005,#4013,#4017,.T.);
#4019=ORIENTED_EDGE('',*,*,#4018,.T.);
#4020=CARTESIAN_POINT('',(-3.15,2.05,-0.15));
#4021=VERTEX_POINT('',#4020);
#4022=CARTESIAN_POINT('',(-3.15,2.05,0.55));
#4023=DIRECTION('',(-0.,-0.,-1.));
#4024=VECTOR('',#4023,0.7);
#4025=LINE('',#4022,#4024);
#4026=EDGE_CURVE('NONE',#4013,#4021,#4025,.T.);
#4027=ORIENTED_EDGE('',*,*,#4026,.T.);
#4028=CARTESIAN_POINT('',(-3.15,-0.55,-0.15));
#4029=VERTEX_POINT('',#4028);
#4030=CARTESIAN_POINT('',(-3.15,-0.55,-0.15));
#4031=DIRECTION('',(-0.,1.,-0.));
#4032=VECTOR('',#4031,2.6);
#4033=LINE('',#4030,#4032);
#4034=EDGE_CURVE('NONE',#4029,#4021,#4033,.T.);
#4035=ORIENTED_EDGE('',*,*,#4034,.F.);
#4036=CARTESIAN_POINT('',(-3.15,-0.55,0.55));
#4037=VERTEX_POINT('',#4036);
#4038=CARTESIAN_POINT('',(-3.15,-0.55,0.55));
#4039=DIRECTION('',(-0.,-0.,-1.));
#4040=VECTOR('',#4039,0.7);
#4041=LINE('',#4038,#4040);
#4042=EDGE_CURVE('NONE',#4037,#4029,#4041,.T.);
#4043=ORIENTED_EDGE('',*,*,#4042,.F.);
#4044=CARTESIAN_POINT('',(-3.15,-0.55,0.55));
#4045=DIRECTION('',(0.,1.,-0.));
#4046=VECTOR('',#4045,0.55);
#4047=LINE('',#4044,#4046);
#4048=EDGE_CURVE('NONE',#4037,#3989,#4047,.T.);
#4049=ORIENTED_EDGE('',*,*,#4048,.T.);
#4050=EDGE_LOOP('',(#3995,#4003,#4011,#4019,#4027,#4035,#4043,#4049));
#4051=FACE_BOUND('',#4050,.T.);
#4052=ADVANCED_FACE('NONE',(#4051),#3985,.F.);
#4053=CARTESIAN_POINT('',(3.15,-0.55,0.55));
#4054=DIRECTION('',(0.,0.,1.));
#4055=DIRECTION('',(-1.,0.,0.));
#4056=AXIS2_PLACEMENT_3D('',#4053,#4054,#4055);
#4057=PLANE('',#4056);
#4058=ORIENTED_EDGE('',*,*,#3538,.T.);
#4059=CARTESIAN_POINT('',(3.35,0.,0.55));
#4060=VERTEX_POINT('',#4059);
#4061=CARTESIAN_POINT('',(3.35,0.,0.55));
#4062=DIRECTION('',(-1.,0.,-0.));
#4063=VECTOR('',#4062,0.2);
#4064=LINE('',#4061,#4063);
#4065=EDGE_CURVE('NONE',#4060,#3525,#4064,.T.);
#4066=ORIENTED_EDGE('',*,*,#4065,.F.);
#4067=CARTESIAN_POINT('',(3.35,-0.55,0.55));
#4068=VERTEX_POINT('',#4067);
#4069=CARTESIAN_POINT('',(3.35,-0.55,0.55));
#4070=DIRECTION('',(-0.,1.,-0.));
#4071=VECTOR('',#4070,0.55);
#4072=LINE('',#4069,#4071);
#4073=EDGE_CURVE('NONE',#4068,#4060,#4072,.T.);
#4074=ORIENTED_EDGE('',*,*,#4073,.F.);
#4075=CARTESIAN_POINT('',(3.15,-0.55,0.55));
#4076=DIRECTION('',(1.,0.,-0.));
#4077=VECTOR('',#4076,0.2);
#4078=LINE('',#4075,#4077);
#4079=EDGE_CURVE('NONE',#3533,#4068,#4078,.T.);
#4080=ORIENTED_EDGE('',*,*,#4079,.F.);
#4081=EDGE_LOOP('',(#4058,#4066,#4074,#4080));
#4082=FACE_BOUND('',#4081,.T.);
#4083=ADVANCED_FACE('NONE',(#4082),#4057,.F.);
#4084=CARTESIAN_POINT('',(3.35,-0.55,0.55));
#4085=DIRECTION('',(-1.,-0.,-0.));
#4086=DIRECTION('',(0.,-0.,-1.));
#4087=AXIS2_PLACEMENT_3D('',#4084,#4085,#4086);
#4088=PLANE('',#4087);
#4089=ORIENTED_EDGE('',*,*,#4073,.T.);
#4090=CARTESIAN_POINT('',(3.35,0.,0.75));
#4091=DIRECTION('',(-0.,-0.,-1.));
#4092=VECTOR('',#4091,0.2);
#4093=LINE('',#4090,#4092);
#4094=EDGE_CURVE('NONE',#3579,#4060,#4093,.T.);
#4095=ORIENTED_EDGE('',*,*,#4094,.F.);
#4096=ORIENTED_EDGE('',*,*,#3608,.F.);
#4097=CARTESIAN_POINT('',(3.35,-0.55,0.55));
#4098=DIRECTION('',(0.,0.,1.));
#4099=VECTOR('',#4098,0.2);
#4100=LINE('',#4097,#4099);
#4101=EDGE_CURVE('NONE',#4068,#3597,#4100,.T.);
#4102=ORIENTED_EDGE('',*,*,#4101,.F.);
#4103=EDGE_LOOP('',(#4089,#4095,#4096,#4102));
#4104=FACE_BOUND('',#4103,.T.);
#4105=ADVANCED_FACE('NONE',(#4104),#4088,.F.);
#4106=CARTESIAN_POINT('',(-3.35,-0.55,0.75));
#4107=DIRECTION('',(1.,0.,0.));
#4108=DIRECTION('',(0.,1.,-0.));
#4109=AXIS2_PLACEMENT_3D('',#4106,#4107,#4108);
#4110=PLANE('',#4109);
#4111=ORIENTED_EDGE('',*,*,#3939,.T.);
#4112=CARTESIAN_POINT('',(-3.35,0.,0.55));
#4113=VERTEX_POINT('',#4112);
#4114=CARTESIAN_POINT('',(-3.35,0.,0.75));
#4115=DIRECTION('',(-0.,-0.,-1.));
#4116=VECTOR('',#4115,0.2);
#4117=LINE('',#4114,#4116);
#4118=EDGE_CURVE('NONE',#3926,#4113,#4117,.T.);
#4119=ORIENTED_EDGE('',*,*,#4118,.T.);
#4120=CARTESIAN_POINT('',(-3.35,-0.55,0.55));
#4121=VERTEX_POINT('',#4120);
#4122=CARTESIAN_POINT('',(-3.35,-0.55,0.55));
#4123=DIRECTION('',(-0.,1.,-0.));
#4124=VECTOR('',#4123,0.55);
#4125=LINE('',#4122,#4124);
#4126=EDGE_CURVE('NONE',#4121,#4113,#4125,.T.);
#4127=ORIENTED_EDGE('',*,*,#4126,.F.);
#4128=CARTESIAN_POINT('',(-3.35,-0.55,0.75));
#4129=DIRECTION('',(-0.,-0.,-1.));
#4130=VECTOR('',#4129,0.2);
#4131=LINE('',#4128,#4130);
#4132=EDGE_CURVE('NONE',#3934,#4121,#4131,.T.);
#4133=ORIENTED_EDGE('',*,*,#4132,.F.);
#4134=EDGE_LOOP('',(#4111,#4119,#4127,#4133));
#4135=FACE_BOUND('',#4134,.T.);
#4136=ADVANCED_FACE('NONE',(#4135),#4110,.F.);
#4137=CARTESIAN_POINT('',(-3.35,-0.55,0.55));
#4138=DIRECTION('',(0.,0.,1.));
#4139=DIRECTION('',(0.,-1.,0.));
#4140=AXIS2_PLACEMENT_3D('',#4137,#4138,#4139);
#4141=PLANE('',#4140);
#4142=ORIENTED_EDGE('',*,*,#4126,.T.);
#4143=CARTESIAN_POINT('',(-3.15,0.,0.55));
#4144=DIRECTION('',(-1.,-0.,0.));
#4145=VECTOR('',#4144,0.2);
#4146=LINE('',#4143,#4145);
#4147=EDGE_CURVE('NONE',#3989,#4113,#4146,.T.);
#4148=ORIENTED_EDGE('',*,*,#4147,.F.);
#4149=ORIENTED_EDGE('',*,*,#4048,.F.);
#4150=CARTESIAN_POINT('',(-3.35,-0.55,0.55));
#4151=DIRECTION('',(1.,0.,-0.));
#4152=VECTOR('',#4151,0.2);
#4153=LINE('',#4150,#4152);
#4154=EDGE_CURVE('NONE',#4121,#4037,#4153,.T.);
#4155=ORIENTED_EDGE('',*,*,#4154,.F.);
#4156=EDGE_LOOP('',(#4142,#4148,#4149,#4155));
#4157=FACE_BOUND('',#4156,.T.);
#4158=ADVANCED_FACE('NONE',(#4157),#4141,.F.);
#4159=CARTESIAN_POINT('',(-3.15,-0.55,-0.15));
#4160=DIRECTION('',(-0.,0.,1.));
#4161=DIRECTION('',(-1.,-0.,-0.));
#4162=AXIS2_PLACEMENT_3D('',#4159,#4160,#4161);
#4163=PLANE('',#4162);
#4164=ORIENTED_EDGE('',*,*,#3470,.F.);
#4165=EDGE_LOOP('',(#4164));
#4166=FACE_BOUND('',#4165,.T.);
#4167=ORIENTED_EDGE('',*,*,#3496,.F.);
#4168=EDGE_LOOP('',(#4167));
#4169=FACE_BOUND('',#4168,.T.);
#4170=CARTESIAN_POINT('',(-3.15,2.05,-0.15));
#4171=DIRECTION('',(1.,0.,0.));
#4172=VECTOR('',#4171,6.3);
#4173=LINE('',#4170,#4172);
#4174=EDGE_CURVE('NONE',#4021,#3549,#4173,.T.);
#4175=ORIENTED_EDGE('',*,*,#4174,.T.);
#4176=ORIENTED_EDGE('',*,*,#3554,.F.);
#4177=CARTESIAN_POINT('',(-3.15,-0.55,-0.15));
#4178=DIRECTION('',(1.,0.,-0.));
#4179=VECTOR('',#4178,6.3);
#4180=LINE('',#4177,#4179);
#4181=EDGE_CURVE('NONE',#4029,#3541,#4180,.T.);
#4182=ORIENTED_EDGE('',*,*,#4181,.F.);
#4183=ORIENTED_EDGE('',*,*,#4034,.T.);
#4184=EDGE_LOOP('',(#4175,#4176,#4182,#4183));
#4185=FACE_BOUND('',#4184,.T.);
#4186=ADVANCED_FACE('NONE',(#4166,#4169,#4185),#4163,.F.);
#4187=CARTESIAN_POINT('',(3.15,-0.55,0.55));
#4188=DIRECTION('',(0.,0.,1.));
#4189=DIRECTION('',(-1.,0.,0.));
#4190=AXIS2_PLACEMENT_3D('',#4187,#4188,#4189);
#4191=PLANE('',#4190);
#4192=CARTESIAN_POINT('',(3.35,1.5,0.55));
#4193=VERTEX_POINT('',#4192);
#4194=CARTESIAN_POINT('',(3.35,2.05,0.55));
#4195=VERTEX_POINT('',#4194);
#4196=CARTESIAN_POINT('',(3.35,1.5,0.55));
#4197=DIRECTION('',(-0.,1.,-0.));
#4198=VECTOR('',#4197,0.55);
#4199=LINE('',#4196,#4198);
#4200=EDGE_CURVE('NONE',#4193,#4195,#4199,.T.);
#4201=ORIENTED_EDGE('',*,*,#4200,.F.);
#4202=CARTESIAN_POINT('',(3.15,1.5,0.55));
#4203=DIRECTION('',(1.,0.,-0.));
#4204=VECTOR('',#4203,0.2);
#4205=LINE('',#4202,#4204);
#4206=EDGE_CURVE('NONE',#3509,#4193,#4205,.T.);
#4207=ORIENTED_EDGE('',*,*,#4206,.F.);
#4208=ORIENTED_EDGE('',*,*,#3568,.T.);
#4209=CARTESIAN_POINT('',(3.15,2.05,0.55));
#4210=DIRECTION('',(1.,-0.,-0.));
#4211=VECTOR('',#4210,0.2);
#4212=LINE('',#4209,#4211);
#4213=EDGE_CURVE('NONE',#3557,#4195,#4212,.T.);
#4214=ORIENTED_EDGE('',*,*,#4213,.T.);
#4215=EDGE_LOOP('',(#4201,#4207,#4208,#4214));
#4216=FACE_BOUND('',#4215,.T.);
#4217=ADVANCED_FACE('NONE',(#4216),#4191,.F.);
#4218=CARTESIAN_POINT('',(3.35,-0.55,0.55));
#4219=DIRECTION('',(-1.,-0.,-0.));
#4220=DIRECTION('',(0.,-0.,-1.));
#4221=AXIS2_PLACEMENT_3D('',#4218,#4219,#4220);
#4222=PLANE('',#4221);
#4223=ORIENTED_EDGE('',*,*,#3642,.F.);
#4224=CARTESIAN_POINT('',(3.35,1.5,0.75));
#4225=DIRECTION('',(0.,-0.,-1.));
#4226=VECTOR('',#4225,0.2);
#4227=LINE('',#4224,#4226);
#4228=EDGE_CURVE('NONE',#3629,#4193,#4227,.T.);
#4229=ORIENTED_EDGE('',*,*,#4228,.T.);
#4230=ORIENTED_EDGE('',*,*,#4200,.T.);
#4231=CARTESIAN_POINT('',(3.35,2.05,0.55));
#4232=DIRECTION('',(-0.,0.,1.));
#4233=VECTOR('',#4232,0.2);
#4234=LINE('',#4231,#4233);
#4235=EDGE_CURVE('NONE',#4195,#3637,#4234,.T.);
#4236=ORIENTED_EDGE('',*,*,#4235,.T.);
#4237=EDGE_LOOP('',(#4223,#4229,#4230,#4236));
#4238=FACE_BOUND('',#4237,.T.);
#4239=ADVANCED_FACE('NONE',(#4238),#4222,.F.);
#4240=CARTESIAN_POINT('',(2.75,-0.55,1.05));
#4241=DIRECTION('',(0.,-0.,-1.));
#4242=DIRECTION('',(1.,0.,0.));
#4243=AXIS2_PLACEMENT_3D('',#4240,#4241,#4242);
#4244=PLANE('',#4243);
#4245=CARTESIAN_POINT('',(-1.5,-0.55,1.05));
#4246=VERTEX_POINT('',#4245);
#4247=CARTESIAN_POINT('',(-1.5,-0.55,1.05));
#4248=DIRECTION('',(-1.,-0.,0.));
#4249=VECTOR('',#4248,1.25);
#4250=LINE('',#4247,#4249);
#4251=EDGE_CURVE('NONE',#4246,#3801,#4250,.T.);
#4252=ORIENTED_EDGE('',*,*,#4251,.F.);
#4253=CARTESIAN_POINT('',(-1.5,-0.275,1.05));
#4254=VERTEX_POINT('',#4253);
#4255=CARTESIAN_POINT('',(-1.5,-0.275,1.05));
#4256=DIRECTION('',(0.,-1.,0.));
#4257=VECTOR('',#4256,0.275);
#4258=LINE('',#4255,#4257);
#4259=EDGE_CURVE('NONE',#4254,#4246,#4258,.T.);
#4260=ORIENTED_EDGE('',*,*,#4259,.F.);
#4261=CARTESIAN_POINT('',(1.5,-0.275,1.05));
#4262=VERTEX_POINT('',#4261);
#4263=CARTESIAN_POINT('',(1.5,-0.275,1.05));
#4264=DIRECTION('',(-1.,-0.,0.));
#4265=VECTOR('',#4264,3.);
#4266=LINE('',#4263,#4265);
#4267=EDGE_CURVE('NONE',#4262,#4254,#4266,.T.);
#4268=ORIENTED_EDGE('',*,*,#4267,.F.);
#4269=CARTESIAN_POINT('',(1.5,-0.55,1.05));
#4270=VERTEX_POINT('',#4269);
#4271=CARTESIAN_POINT('',(1.5,-0.275,1.05));
#4272=DIRECTION('',(0.,-1.,0.));
#4273=VECTOR('',#4272,0.275);
#4274=LINE('',#4271,#4273);
#4275=EDGE_CURVE('NONE',#4262,#4270,#4274,.T.);
#4276=ORIENTED_EDGE('',*,*,#4275,.T.);
#4277=CARTESIAN_POINT('',(2.75,-0.55,1.05));
#4278=DIRECTION('',(-1.,-0.,0.));
#4279=VECTOR('',#4278,1.25);
#4280=LINE('',#4277,#4279);
#4281=EDGE_CURVE('NONE',#3729,#4270,#4280,.T.);
#4282=ORIENTED_EDGE('',*,*,#4281,.F.);
#4283=ORIENTED_EDGE('',*,*,#3734,.T.);
#4284=CARTESIAN_POINT('',(3.,0.,1.05));
#4285=VERTEX_POINT('',#4284);
#4286=CARTESIAN_POINT('',(2.75,0.,1.05));
#4287=DIRECTION('',(1.,0.,0.));
#4288=VECTOR('',#4287,0.25);
#4289=LINE('',#4286,#4288);
#4290=EDGE_CURVE('NONE',#3721,#4285,#4289,.T.);
#4291=ORIENTED_EDGE('',*,*,#4290,.T.);
#4292=CARTESIAN_POINT('',(3.,1.5,1.05));
#4293=VERTEX_POINT('',#4292);
#4294=CARTESIAN_POINT('',(3.,0.,1.05));
#4295=DIRECTION('',(-0.,1.,-0.));
#4296=VECTOR('',#4295,1.5);
#4297=LINE('',#4294,#4296);
#4298=EDGE_CURVE('NONE',#4285,#4293,#4297,.T.);
#4299=ORIENTED_EDGE('',*,*,#4298,.T.);
#4300=CARTESIAN_POINT('',(3.,1.5,1.05));
#4301=DIRECTION('',(-1.,-0.,-0.));
#4302=VECTOR('',#4301,0.25);
#4303=LINE('',#4300,#4302);
#4304=EDGE_CURVE('NONE',#4293,#3752,#4303,.T.);
#4305=ORIENTED_EDGE('',*,*,#4304,.T.);
#4306=ORIENTED_EDGE('',*,*,#3772,.T.);
#4307=CARTESIAN_POINT('',(2.75,2.05,1.05));
#4308=DIRECTION('',(-1.,-0.,-0.));
#4309=VECTOR('',#4308,5.5);
#4310=LINE('',#4307,#4309);
#4311=EDGE_CURVE('NONE',#3761,#3833,#4310,.T.);
#4312=ORIENTED_EDGE('',*,*,#4311,.T.);
#4313=ORIENTED_EDGE('',*,*,#3838,.F.);
#4314=CARTESIAN_POINT('',(-3.,1.5,1.05));
#4315=VERTEX_POINT('',#4314);
#4316=CARTESIAN_POINT('',(-2.75,1.5,1.05));
#4317=DIRECTION('',(-1.,-0.,-0.));
#4318=VECTOR('',#4317,0.25);
#4319=LINE('',#4316,#4318);
#4320=EDGE_CURVE('NONE',#3823,#4315,#4319,.T.);
#4321=ORIENTED_EDGE('',*,*,#4320,.T.);
#4322=CARTESIAN_POINT('',(-3.,0.,1.05));
#4323=VERTEX_POINT('',#4322);
#4324=CARTESIAN_POINT('',(-3.,1.5,1.05));
#4325=DIRECTION('',(0.,-1.,0.));
#4326=VECTOR('',#4325,1.5);
#4327=LINE('',#4324,#4326);
#4328=EDGE_CURVE('NONE',#4315,#4323,#4327,.T.);
#4329=ORIENTED_EDGE('',*,*,#4328,.T.);
#4330=CARTESIAN_POINT('',(-3.,0.,1.05));
#4331=DIRECTION('',(1.,0.,0.));
#4332=VECTOR('',#4331,0.25);
#4333=LINE('',#4330,#4332);
#4334=EDGE_CURVE('NONE',#4323,#3785,#4333,.T.);
#4335=ORIENTED_EDGE('',*,*,#4334,.T.);
#4336=ORIENTED_EDGE('',*,*,#3812,.F.);
#4337=EDGE_LOOP('',(#4252,#4260,#4268,#4276,#4282,#4283,#4291,#4299,#4305,#4306,#4312,#4313,#4321,#4329,#4335,#4336));
#4338=FACE_BOUND('',#4337,.T.);
#4339=ADVANCED_FACE('NONE',(#4338),#4244,.F.);
#4340=CARTESIAN_POINT('',(-3.35,-0.55,0.75));
#4341=DIRECTION('',(1.,0.,0.));
#4342=DIRECTION('',(0.,1.,-0.));
#4343=AXIS2_PLACEMENT_3D('',#4340,#4341,#4342);
#4344=PLANE('',#4343);
#4345=CARTESIAN_POINT('',(-3.35,1.5,0.55));
#4346=VERTEX_POINT('',#4345);
#4347=CARTESIAN_POINT('',(-3.35,2.05,0.55));
#4348=VERTEX_POINT('',#4347);
#4349=CARTESIAN_POINT('',(-3.35,1.5,0.55));
#4350=DIRECTION('',(-0.,1.,-0.));
#4351=VECTOR('',#4350,0.55);
#4352=LINE('',#4349,#4351);
#4353=EDGE_CURVE('NONE',#4346,#4348,#4352,.T.);
#4354=ORIENTED_EDGE('',*,*,#4353,.F.);
#4355=CARTESIAN_POINT('',(-3.35,1.5,0.75));
#4356=DIRECTION('',(-0.,-0.,-1.));
#4357=VECTOR('',#4356,0.2);
#4358=LINE('',#4355,#4357);
#4359=EDGE_CURVE('NONE',#3956,#4346,#4358,.T.);
#4360=ORIENTED_EDGE('',*,*,#4359,.F.);
#4361=ORIENTED_EDGE('',*,*,#3976,.T.);
#4362=CARTESIAN_POINT('',(-3.35,2.05,0.75));
#4363=DIRECTION('',(-0.,-0.,-1.));
#4364=VECTOR('',#4363,0.2);
#4365=LINE('',#4362,#4364);
#4366=EDGE_CURVE('NONE',#3965,#4348,#4365,.T.);
#4367=ORIENTED_EDGE('',*,*,#4366,.T.);
#4368=EDGE_LOOP('',(#4354,#4360,#4361,#4367));
#4369=FACE_BOUND('',#4368,.T.);
#4370=ADVANCED_FACE('NONE',(#4369),#4344,.F.);
#4371=CARTESIAN_POINT('',(-3.35,-0.55,0.55));
#4372=DIRECTION('',(0.,0.,1.));
#4373=DIRECTION('',(0.,-1.,0.));
#4374=AXIS2_PLACEMENT_3D('',#4371,#4372,#4373);
#4375=PLANE('',#4374);
#4376=ORIENTED_EDGE('',*,*,#4018,.F.);
#4377=CARTESIAN_POINT('',(-3.35,1.5,0.55));
#4378=DIRECTION('',(1.,-0.,0.));
#4379=VECTOR('',#4378,0.2);
#4380=LINE('',#4377,#4379);
#4381=EDGE_CURVE('NONE',#4346,#4005,#4380,.T.);
#4382=ORIENTED_EDGE('',*,*,#4381,.F.);
#4383=ORIENTED_EDGE('',*,*,#4353,.T.);
#4384=CARTESIAN_POINT('',(-3.35,2.05,0.55));
#4385=DIRECTION('',(1.,0.,-0.));
#4386=VECTOR('',#4385,0.2);
#4387=LINE('',#4384,#4386);
#4388=EDGE_CURVE('NONE',#4348,#4013,#4387,.T.);
#4389=ORIENTED_EDGE('',*,*,#4388,.T.);
#4390=EDGE_LOOP('',(#4376,#4382,#4383,#4389));
#4391=FACE_BOUND('',#4390,.T.);
#4392=ADVANCED_FACE('NONE',(#4391),#4375,.F.);
#4393=CARTESIAN_POINT('',(0.,-0.55,-0.15));
#4394=DIRECTION('',(0.,-1.,0.));
#4395=DIRECTION('',(1.,0.,0.));
#4396=AXIS2_PLACEMENT_3D('',#4393,#4394,#4395);
#4397=PLANE('',#4396);
#4398=CARTESIAN_POINT('',(-1.5,-0.55,0.45));
#4399=VERTEX_POINT('',#4398);
#4400=CARTESIAN_POINT('',(-1.5,-0.55,1.05));
#4401=DIRECTION('',(-0.,-0.,-1.));
#4402=VECTOR('',#4401,0.6);
#4403=LINE('',#4400,#4402);
#4404=EDGE_CURVE('NONE',#4246,#4399,#4403,.T.);
#4405=ORIENTED_EDGE('',*,*,#4404,.F.);
#4406=ORIENTED_EDGE('',*,*,#4251,.T.);
#4407=ORIENTED_EDGE('',*,*,#3806,.T.);
#4408=ORIENTED_EDGE('',*,*,#3882,.T.);
#4409=ORIENTED_EDGE('',*,*,#3945,.T.);
#4410=ORIENTED_EDGE('',*,*,#4132,.T.);
#4411=ORIENTED_EDGE('',*,*,#4154,.T.);
#4412=ORIENTED_EDGE('',*,*,#4042,.T.);
#4413=ORIENTED_EDGE('',*,*,#4181,.T.);
#4414=ORIENTED_EDGE('',*,*,#3546,.T.);
#4415=ORIENTED_EDGE('',*,*,#4079,.T.);
#4416=ORIENTED_EDGE('',*,*,#4101,.T.);
#4417=ORIENTED_EDGE('',*,*,#3602,.T.);
#4418=ORIENTED_EDGE('',*,*,#3678,.T.);
#4419=ORIENTED_EDGE('',*,*,#3740,.T.);
#4420=ORIENTED_EDGE('',*,*,#4281,.T.);
#4421=CARTESIAN_POINT('',(1.5,-0.55,0.45));
#4422=VERTEX_POINT('',#4421);
#4423=CARTESIAN_POINT('',(1.5,-0.55,0.45));
#4424=DIRECTION('',(0.,0.,1.));
#4425=VECTOR('',#4424,0.6);
#4426=LINE('',#4423,#4425);
#4427=EDGE_CURVE('NONE',#4422,#4270,#4426,.T.);
#4428=ORIENTED_EDGE('',*,*,#4427,.F.);
#4429=CARTESIAN_POINT('',(-1.5,-0.55,0.45));
#4430=DIRECTION('',(1.,0.,0.));
#4431=VECTOR('',#4430,3.);
#4432=LINE('',#4429,#4431);
#4433=EDGE_CURVE('NONE',#4399,#4422,#4432,.T.);
#4434=ORIENTED_EDGE('',*,*,#4433,.F.);
#4435=EDGE_LOOP('',(#4405,#4406,#4407,#4408,#4409,#4410,#4411,#4412,#4413,#4414,#4415,#4416,#4417,#4418,#4419,#4420,#4428,#4434));
#4436=FACE_BOUND('',#4435,.T.);
#4437=ADVANCED_FACE('NONE',(#4436),#4397,.T.);
#4438=CARTESIAN_POINT('',(0.,2.05,-0.15));
#4439=DIRECTION('',(0.,-1.,0.));
#4440=DIRECTION('',(1.,0.,0.));
#4441=AXIS2_PLACEMENT_3D('',#4438,#4439,#4440);
#4442=PLANE('',#4441);
#4443=ORIENTED_EDGE('',*,*,#4174,.F.);
#4444=ORIENTED_EDGE('',*,*,#4026,.F.);
#4445=ORIENTED_EDGE('',*,*,#4388,.F.);
#4446=ORIENTED_EDGE('',*,*,#4366,.F.);
#4447=ORIENTED_EDGE('',*,*,#3970,.F.);
#4448=ORIENTED_EDGE('',*,*,#3908,.F.);
#4449=ORIENTED_EDGE('',*,*,#3846,.F.);
#4450=ORIENTED_EDGE('',*,*,#4311,.F.);
#4451=ORIENTED_EDGE('',*,*,#3766,.F.);
#4452=ORIENTED_EDGE('',*,*,#3704,.F.);
#4453=ORIENTED_EDGE('',*,*,#3648,.F.);
#4454=ORIENTED_EDGE('',*,*,#4235,.F.);
#4455=ORIENTED_EDGE('',*,*,#4213,.F.);
#4456=ORIENTED_EDGE('',*,*,#3562,.F.);
#4457=EDGE_LOOP('',(#4443,#4444,#4445,#4446,#4447,#4448,#4449,#4450,#4451,#4452,#4453,#4454,#4455,#4456));
#4458=FACE_BOUND('',#4457,.T.);
#4459=ADVANCED_FACE('NONE',(#4458),#4442,.F.);
#4460=CARTESIAN_POINT('',(-3.35,0.,1.25));
#4461=DIRECTION('',(0.,-1.,0.));
#4462=DIRECTION('',(1.,0.,-0.));
#4463=AXIS2_PLACEMENT_3D('',#4460,#4461,#4462);
#4464=PLANE('',#4463);
#4465=ORIENTED_EDGE('',*,*,#3931,.F.);
#4466=ORIENTED_EDGE('',*,*,#3868,.T.);
#4467=ORIENTED_EDGE('',*,*,#3790,.T.);
#4468=ORIENTED_EDGE('',*,*,#4334,.F.);
#4469=CARTESIAN_POINT('',(-3.,0.,1.05));
#4470=DIRECTION('',(-0.707106781,-0.,-0.707106781));
#4471=VECTOR('',#4470,0.212132034);
#4472=LINE('',#4469,#4471);
#4473=EDGE_CURVE('NONE',#4323,#3987,#4472,.T.);
#4474=ORIENTED_EDGE('',*,*,#4473,.T.);
#4475=ORIENTED_EDGE('',*,*,#3994,.T.);
#4476=ORIENTED_EDGE('',*,*,#4147,.T.);
#4477=ORIENTED_EDGE('',*,*,#4118,.F.);
#4478=EDGE_LOOP('',(#4465,#4466,#4467,#4468,#4474,#4475,#4476,#4477));
#4479=FACE_BOUND('',#4478,.T.);
#4480=ADVANCED_FACE('NONE',(#4479),#4464,.F.);
#4481=CARTESIAN_POINT('',(-3.35,1.5,1.25));
#4482=DIRECTION('',(0.,1.,-0.));
#4483=DIRECTION('',(-1.,0.,-0.));
#4484=AXIS2_PLACEMENT_3D('',#4481,#4482,#4483);
#4485=PLANE('',#4484);
#4486=ORIENTED_EDGE('',*,*,#4359,.T.);
#4487=ORIENTED_EDGE('',*,*,#4381,.T.);
#4488=ORIENTED_EDGE('',*,*,#4010,.F.);
#4489=CARTESIAN_POINT('',(-3.15,1.5,0.9));
#4490=DIRECTION('',(0.707106781,-0.,0.707106781));
#4491=VECTOR('',#4490,0.212132034);
#4492=LINE('',#4489,#4491);
#4493=EDGE_CURVE('NONE',#3997,#4315,#4492,.T.);
#4494=ORIENTED_EDGE('',*,*,#4493,.T.);
#4495=ORIENTED_EDGE('',*,*,#4320,.F.);
#4496=ORIENTED_EDGE('',*,*,#3830,.T.);
#4497=ORIENTED_EDGE('',*,*,#3899,.T.);
#4498=ORIENTED_EDGE('',*,*,#3961,.F.);
#4499=EDGE_LOOP('',(#4486,#4487,#4488,#4494,#4495,#4496,#4497,#4498));
#4500=FACE_BOUND('',#4499,.T.);
#4501=ADVANCED_FACE('NONE',(#4500),#4485,.F.);
#4502=CARTESIAN_POINT('',(3.35,0.,1.25));
#4503=DIRECTION('',(-0.,-1.,0.));
#4504=DIRECTION('',(1.,-0.,0.));
#4505=AXIS2_PLACEMENT_3D('',#4502,#4503,#4504);
#4506=PLANE('',#4505);
#4507=ORIENTED_EDGE('',*,*,#4094,.T.);
#4508=ORIENTED_EDGE('',*,*,#4065,.T.);
#4509=ORIENTED_EDGE('',*,*,#3530,.F.);
#4510=CARTESIAN_POINT('',(3.15,0.,0.9));
#4511=DIRECTION('',(-0.707106781,0.,0.707106781));
#4512=VECTOR('',#4511,0.212132034);
#4513=LINE('',#4510,#4512);
#4514=EDGE_CURVE('NONE',#3517,#4285,#4513,.T.);
#4515=ORIENTED_EDGE('',*,*,#4514,.T.);
#4516=ORIENTED_EDGE('',*,*,#4290,.F.);
#4517=ORIENTED_EDGE('',*,*,#3726,.T.);
#4518=ORIENTED_EDGE('',*,*,#3664,.T.);
#4519=ORIENTED_EDGE('',*,*,#3586,.F.);
#4520=EDGE_LOOP('',(#4507,#4508,#4509,#4515,#4516,#4517,#4518,#4519));
#4521=FACE_BOUND('',#4520,.T.);
#4522=ADVANCED_FACE('NONE',(#4521),#4506,.F.);
#4523=CARTESIAN_POINT('',(3.35,1.5,1.25));
#4524=DIRECTION('',(-0.,1.,-0.));
#4525=DIRECTION('',(-1.,-0.,0.));
#4526=AXIS2_PLACEMENT_3D('',#4523,#4524,#4525);
#4527=PLANE('',#4526);
#4528=ORIENTED_EDGE('',*,*,#3634,.F.);
#4529=ORIENTED_EDGE('',*,*,#3695,.T.);
#4530=ORIENTED_EDGE('',*,*,#3757,.T.);
#4531=ORIENTED_EDGE('',*,*,#4304,.F.);
#4532=CARTESIAN_POINT('',(3.,1.5,1.05));
#4533=DIRECTION('',(0.707106781,0.,-0.707106781));
#4534=VECTOR('',#4533,0.212132034);
#4535=LINE('',#4532,#4534);
#4536=EDGE_CURVE('NONE',#4293,#3507,#4535,.T.);
#4537=ORIENTED_EDGE('',*,*,#4536,.T.);
#4538=ORIENTED_EDGE('',*,*,#3514,.T.);
#4539=ORIENTED_EDGE('',*,*,#4206,.T.);
#4540=ORIENTED_EDGE('',*,*,#4228,.F.);
#4541=EDGE_LOOP('',(#4528,#4529,#4530,#4531,#4537,#4538,#4539,#4540));
#4542=FACE_BOUND('',#4541,.T.);
#4543=ADVANCED_FACE('NONE',(#4542),#4527,.F.);
#4544=CARTESIAN_POINT('',(3.,-0.55,1.05));
#4545=DIRECTION('',(-0.707106781,-0.,-0.707106781));
#4546=DIRECTION('',(0.,1.,-0.));
#4547=AXIS2_PLACEMENT_3D('',#4544,#4545,#4546);
#4548=PLANE('',#4547);
#4549=ORIENTED_EDGE('',*,*,#4514,.F.);
#4550=ORIENTED_EDGE('',*,*,#3522,.F.);
#4551=ORIENTED_EDGE('',*,*,#4536,.F.);
#4552=ORIENTED_EDGE('',*,*,#4298,.F.);
#4553=EDGE_LOOP('',(#4549,#4550,#4551,#4552));
#4554=FACE_BOUND('',#4553,.T.);
#4555=ADVANCED_FACE('NONE',(#4554),#4548,.F.);
#4556=CARTESIAN_POINT('',(-3.,-0.55,1.05));
#4557=DIRECTION('',(0.707106781,-0.,-0.707106781));
#4558=DIRECTION('',(0.,-1.,0.));
#4559=AXIS2_PLACEMENT_3D('',#4556,#4557,#4558);
#4560=PLANE('',#4559);
#4561=ORIENTED_EDGE('',*,*,#4493,.F.);
#4562=ORIENTED_EDGE('',*,*,#4002,.F.);
#4563=ORIENTED_EDGE('',*,*,#4473,.F.);
#4564=ORIENTED_EDGE('',*,*,#4328,.F.);
#4565=EDGE_LOOP('',(#4561,#4562,#4563,#4564));
#4566=FACE_BOUND('',#4565,.T.);
#4567=ADVANCED_FACE('NONE',(#4566),#4560,.F.);
#4568=CARTESIAN_POINT('',(-1.5,-0.275,1.05));
#4569=DIRECTION('',(-1.,0.,0.));
#4570=DIRECTION('',(0.,-1.,0.));
#4571=AXIS2_PLACEMENT_3D('',#4568,#4569,#4570);
#4572=PLANE('',#4571);
#4573=ORIENTED_EDGE('',*,*,#4404,.T.);
#4574=CARTESIAN_POINT('',(-1.5,-0.275,0.45));
#4575=VERTEX_POINT('',#4574);
#4576=CARTESIAN_POINT('',(-1.5,-0.275,0.45));
#4577=DIRECTION('',(0.,-1.,0.));
#4578=VECTOR('',#4577,0.275);
#4579=LINE('',#4576,#4578);
#4580=EDGE_CURVE('NONE',#4575,#4399,#4579,.T.);
#4581=ORIENTED_EDGE('',*,*,#4580,.F.);
#4582=CARTESIAN_POINT('',(-1.5,-0.275,1.05));
#4583=DIRECTION('',(-0.,-0.,-1.));
#4584=VECTOR('',#4583,0.6);
#4585=LINE('',#4582,#4584);
#4586=EDGE_CURVE('NONE',#4254,#4575,#4585,.T.);
#4587=ORIENTED_EDGE('',*,*,#4586,.F.);
#4588=ORIENTED_EDGE('',*,*,#4259,.T.);
#4589=EDGE_LOOP('',(#4573,#4581,#4587,#4588));
#4590=FACE_BOUND('',#4589,.T.);
#4591=ADVANCED_FACE('NONE',(#4590),#4572,.F.);
#4592=CARTESIAN_POINT('',(1.5,-0.275,1.05));
#4593=DIRECTION('',(1.,0.,0.));
#4594=DIRECTION('',(0.,1.,-0.));
#4595=AXIS2_PLACEMENT_3D('',#4592,#4593,#4594);
#4596=PLANE('',#4595);
#4597=ORIENTED_EDGE('',*,*,#4427,.T.);
#4598=ORIENTED_EDGE('',*,*,#4275,.F.);
#4599=CARTESIAN_POINT('',(1.5,-0.275,0.45));
#4600=VERTEX_POINT('',#4599);
#4601=CARTESIAN_POINT('',(1.5,-0.275,0.45));
#4602=DIRECTION('',(0.,0.,1.));
#4603=VECTOR('',#4602,0.6);
#4604=LINE('',#4601,#4603);
#4605=EDGE_CURVE('NONE',#4600,#4262,#4604,.T.);
#4606=ORIENTED_EDGE('',*,*,#4605,.F.);
#4607=CARTESIAN_POINT('',(1.5,-0.275,0.45));
#4608=DIRECTION('',(-0.,-1.,0.));
#4609=VECTOR('',#4608,0.275);
#4610=LINE('',#4607,#4609);
#4611=EDGE_CURVE('NONE',#4600,#4422,#4610,.T.);
#4612=ORIENTED_EDGE('',*,*,#4611,.T.);
#4613=EDGE_LOOP('',(#4597,#4598,#4606,#4612));
#4614=FACE_BOUND('',#4613,.T.);
#4615=ADVANCED_FACE('NONE',(#4614),#4596,.F.);
#4616=CARTESIAN_POINT('',(-1.5,-0.275,0.45));
#4617=DIRECTION('',(0.,-0.,-1.));
#4618=DIRECTION('',(1.,0.,0.));
#4619=AXIS2_PLACEMENT_3D('',#4616,#4617,#4618);
#4620=PLANE('',#4619);
#4621=ORIENTED_EDGE('',*,*,#4433,.T.);
#4622=ORIENTED_EDGE('',*,*,#4611,.F.);
#4623=CARTESIAN_POINT('',(-1.5,-0.275,0.45));
#4624=DIRECTION('',(1.,0.,-0.));
#4625=VECTOR('',#4624,3.);
#4626=LINE('',#4623,#4625);
#4627=EDGE_CURVE('NONE',#4575,#4600,#4626,.T.);
#4628=ORIENTED_EDGE('',*,*,#4627,.F.);
#4629=ORIENTED_EDGE('',*,*,#4580,.T.);
#4630=EDGE_LOOP('',(#4621,#4622,#4628,#4629));
#4631=FACE_BOUND('',#4630,.T.);
#4632=ADVANCED_FACE('NONE',(#4631),#4620,.F.);
#4633=CARTESIAN_POINT('',(0.,-0.275,-0.15));
#4634=DIRECTION('',(0.,-1.,0.));
#4635=DIRECTION('',(1.,0.,0.));
#4636=AXIS2_PLACEMENT_3D('',#4633,#4634,#4635);
#4637=PLANE('',#4636);
#4638=ORIENTED_EDGE('',*,*,#4586,.T.);
#4639=ORIENTED_EDGE('',*,*,#4627,.T.);
#4640=ORIENTED_EDGE('',*,*,#4605,.T.);
#4641=ORIENTED_EDGE('',*,*,#4267,.T.);
#4642=EDGE_LOOP('',(#4638,#4639,#4640,#4641));
#4643=FACE_BOUND('',#4642,.T.);
#4644=ADVANCED_FACE('NONE',(#4643),#4637,.T.);
#4645=CARTESIAN_POINT('',(-1.5,0.75,-0.65));
#4646=DIRECTION('',(0.,-0.,-1.));
#4647=DIRECTION('',(1.,0.,0.));
#4648=AXIS2_PLACEMENT_3D('',#4645,#4646,#4647);
#4649=PLANE('',#4648);
#4650=ORIENTED_EDGE('',*,*,#3385,.T.);
#4651=EDGE_LOOP('',(#4650));
#4652=FACE_BOUND('',#4651,.T.);
#4653=ADVANCED_FACE('NONE',(#4652),#4649,.T.);
#4654=CARTESIAN_POINT('',(1.5,0.75,-0.65));
#4655=DIRECTION('',(0.,-0.,-1.));
#4656=DIRECTION('',(1.,0.,0.));
#4657=AXIS2_PLACEMENT_3D('',#4654,#4655,#4656);
#4658=PLANE('',#4657);
#4659=ORIENTED_EDGE('',*,*,#3427,.T.);
#4660=EDGE_LOOP('',(#4659));
#4661=FACE_BOUND('',#4660,.T.);
#4662=ADVANCED_FACE('NONE',(#4661),#4658,.T.);
#4663=CLOSED_SHELL('',(#3406,#3448,#3474,#3500,#3572,#3612,#3652,#3683,#3714,#3745,#3776,#3816,#3856,#3887,#3918,#3949,#3980,#4052,#4083,#4105,#4136,#4158,#4186,#4217,#4239,#4339,
#4370,#4392,#4437,#4459,#4480,#4501,#4522,#4543,#4555,#4567,#4591,#4615,#4632,#4644,#4653,#4662));
#4664=MANIFOLD_SOLID_BREP('Chamfer4',#4663);
#3364=STYLED_ITEM('',(#3363),#4664);
#4666=CARTESIAN_POINT('',(-2.45,2.05,-0.));
#4667=DIRECTION('',(-1.,-0.,-0.));
#4668=DIRECTION('',(0.,-0.,-1.));
#4669=AXIS2_PLACEMENT_3D('',#4666,#4667,#4668);
#4670=PLANE('',#4669);
#4671=CARTESIAN_POINT('',(-2.45,2.05,-0.15));
#4672=VERTEX_POINT('',#4671);
#4673=CARTESIAN_POINT('',(-2.45,2.95,-0.15));
#4674=VERTEX_POINT('',#4673);
#4675=CARTESIAN_POINT('',(-2.45,2.05,-0.15));
#4676=DIRECTION('',(-0.,1.,-0.));
#4677=VECTOR('',#4676,0.9);
#4678=LINE('',#4675,#4677);
#4679=EDGE_CURVE('NONE',#4672,#4674,#4678,.T.);
#4680=ORIENTED_EDGE('',*,*,#4679,.F.);
#4681=CARTESIAN_POINT('',(-2.45,2.05,-0.));
#4682=VERTEX_POINT('',#4681);
#4683=CARTESIAN_POINT('',(-2.45,2.05,-0.));
#4684=DIRECTION('',(-0.,-0.,-1.));
#4685=VECTOR('',#4684,0.15);
#4686=LINE('',#4683,#4685);
#4687=EDGE_CURVE('NONE',#4682,#4672,#4686,.T.);
#4688=ORIENTED_EDGE('',*,*,#4687,.F.);
#4689=CARTESIAN_POINT('',(-2.45,2.95,-0.));
#4690=VERTEX_POINT('',#4689);
#4691=CARTESIAN_POINT('',(-2.45,2.05,-0.));
#4692=DIRECTION('',(-0.,1.,-0.));
#4693=VECTOR('',#4692,0.9);
#4694=LINE('',#4691,#4693);
#4695=EDGE_CURVE('NONE',#4682,#4690,#4694,.T.);
#4696=ORIENTED_EDGE('',*,*,#4695,.T.);
#4697=CARTESIAN_POINT('',(-2.45,2.95,-0.));
#4698=DIRECTION('',(0.,-0.,-1.));
#4699=VECTOR('',#4698,0.15);
#4700=LINE('',#4697,#4699);
#4701=EDGE_CURVE('NONE',#4690,#4674,#4700,.T.);
#4702=ORIENTED_EDGE('',*,*,#4701,.T.);
#4703=EDGE_LOOP('',(#4680,#4688,#4696,#4702));
#4704=FACE_BOUND('',#4703,.T.);
#4705=ADVANCED_FACE('NONE',(#4704),#4670,.T.);
#4706=CARTESIAN_POINT('',(-2.45,2.05,-0.));
#4707=DIRECTION('',(-0.,-1.,0.));
#4708=DIRECTION('',(1.,-0.,0.));
#4709=AXIS2_PLACEMENT_3D('',#4706,#4707,#4708);
#4710=PLANE('',#4709);
#4711=CARTESIAN_POINT('',(-2.05,2.05,-0.15));
#4712=VERTEX_POINT('',#4711);
#4713=CARTESIAN_POINT('',(-2.05,2.05,-0.15));
#4714=DIRECTION('',(-1.,-0.,-0.));
#4715=VECTOR('',#4714,0.4);
#4716=LINE('',#4713,#4715);
#4717=EDGE_CURVE('NONE',#4712,#4672,#4716,.T.);
#4718=ORIENTED_EDGE('',*,*,#4717,.F.);
#4719=CARTESIAN_POINT('',(-2.05,2.05,-0.));
#4720=VERTEX_POINT('',#4719);
#4721=CARTESIAN_POINT('',(-2.05,2.05,-0.));
#4722=DIRECTION('',(0.,-0.,-1.));
#4723=VECTOR('',#4722,0.15);
#4724=LINE('',#4721,#4723);
#4725=EDGE_CURVE('NONE',#4720,#4712,#4724,.T.);
#4726=ORIENTED_EDGE('',*,*,#4725,.F.);
#4727=CARTESIAN_POINT('',(-2.05,2.05,-0.));
#4728=DIRECTION('',(-1.,0.,-0.));
#4729=VECTOR('',#4728,0.4);
#4730=LINE('',#4727,#4729);
#4731=EDGE_CURVE('NONE',#4720,#4682,#4730,.T.);
#4732=ORIENTED_EDGE('',*,*,#4731,.T.);
#4733=ORIENTED_EDGE('',*,*,#4687,.T.);
#4734=EDGE_LOOP('',(#4718,#4726,#4732,#4733));
#4735=FACE_BOUND('',#4734,.T.);
#4736=ADVANCED_FACE('NONE',(#4735),#4710,.T.);
#4737=CARTESIAN_POINT('',(-2.05,2.05,-0.));
#4738=DIRECTION('',(1.,0.,0.));
#4739=DIRECTION('',(-0.,0.,1.));
#4740=AXIS2_PLACEMENT_3D('',#4737,#4738,#4739);
#4741=PLANE('',#4740);
#4742=CARTESIAN_POINT('',(-2.05,2.95,-0.15));
#4743=VERTEX_POINT('',#4742);
#4744=CARTESIAN_POINT('',(-2.05,2.95,-0.15));
#4745=DIRECTION('',(0.,-1.,0.));
#4746=VECTOR('',#4745,0.9);
#4747=LINE('',#4744,#4746);
#4748=EDGE_CURVE('NONE',#4743,#4712,#4747,.T.);
#4749=ORIENTED_EDGE('',*,*,#4748,.F.);
#4750=CARTESIAN_POINT('',(-2.05,2.95,-0.));
#4751=VERTEX_POINT('',#4750);
#4752=CARTESIAN_POINT('',(-2.05,2.95,-0.));
#4753=DIRECTION('',(-0.,-0.,-1.));
#4754=VECTOR('',#4753,0.15);
#4755=LINE('',#4752,#4754);
#4756=EDGE_CURVE('NONE',#4751,#4743,#4755,.T.);
#4757=ORIENTED_EDGE('',*,*,#4756,.F.);
#4758=CARTESIAN_POINT('',(-2.05,2.95,-0.));
#4759=DIRECTION('',(0.,-1.,0.));
#4760=VECTOR('',#4759,0.9);
#4761=LINE('',#4758,#4760);
#4762=EDGE_CURVE('NONE',#4751,#4720,#4761,.T.);
#4763=ORIENTED_EDGE('',*,*,#4762,.T.);
#4764=ORIENTED_EDGE('',*,*,#4725,.T.);
#4765=EDGE_LOOP('',(#4749,#4757,#4763,#4764));
#4766=FACE_BOUND('',#4765,.T.);
#4767=ADVANCED_FACE('NONE',(#4766),#4741,.T.);
#4768=CARTESIAN_POINT('',(-2.45,2.95,-0.));
#4769=DIRECTION('',(0.,1.,-0.));
#4770=DIRECTION('',(-1.,0.,-0.));
#4771=AXIS2_PLACEMENT_3D('',#4768,#4769,#4770);
#4772=PLANE('',#4771);
#4773=CARTESIAN_POINT('',(-2.45,2.95,-0.15));
#4774=DIRECTION('',(1.,0.,0.));
#4775=VECTOR('',#4774,0.4);
#4776=LINE('',#4773,#4775);
#4777=EDGE_CURVE('NONE',#4674,#4743,#4776,.T.);
#4778=ORIENTED_EDGE('',*,*,#4777,.F.);
#4779=ORIENTED_EDGE('',*,*,#4701,.F.);
#4780=CARTESIAN_POINT('',(-2.45,2.95,-0.));
#4781=DIRECTION('',(1.,-0.,0.));
#4782=VECTOR('',#4781,0.4);
#4783=LINE('',#4780,#4782);
#4784=EDGE_CURVE('NONE',#4690,#4751,#4783,.T.);
#4785=ORIENTED_EDGE('',*,*,#4784,.T.);
#4786=ORIENTED_EDGE('',*,*,#4756,.T.);
#4787=EDGE_LOOP('',(#4778,#4779,#4785,#4786));
#4788=FACE_BOUND('',#4787,.T.);
#4789=ADVANCED_FACE('NONE',(#4788),#4772,.T.);
#4790=CARTESIAN_POINT('',(0.,0.75,-0.));
#4791=DIRECTION('',(0.,-0.,-1.));
#4792=DIRECTION('',(1.,0.,0.));
#4793=AXIS2_PLACEMENT_3D('',#4790,#4791,#4792);
#4794=PLANE('',#4793);
#4795=ORIENTED_EDGE('',*,*,#4695,.F.);
#4796=ORIENTED_EDGE('',*,*,#4731,.F.);
#4797=ORIENTED_EDGE('',*,*,#4762,.F.);
#4798=ORIENTED_EDGE('',*,*,#4784,.F.);
#4799=EDGE_LOOP('',(#4795,#4796,#4797,#4798));
#4800=FACE_BOUND('',#4799,.T.);
#4801=ADVANCED_FACE('NONE',(#4800),#4794,.F.);
#4802=CARTESIAN_POINT('',(0.,0.75,-0.15));
#4803=DIRECTION('',(0.,-0.,-1.));
#4804=DIRECTION('',(1.,0.,0.));
#4805=AXIS2_PLACEMENT_3D('',#4802,#4803,#4804);
#4806=PLANE('',#4805);
#4807=ORIENTED_EDGE('',*,*,#4679,.T.);
#4808=ORIENTED_EDGE('',*,*,#4777,.T.);
#4809=ORIENTED_EDGE('',*,*,#4748,.T.);
#4810=ORIENTED_EDGE('',*,*,#4717,.T.);
#4811=EDGE_LOOP('',(#4807,#4808,#4809,#4810));
#4812=FACE_BOUND('',#4811,.T.);
#4813=ADVANCED_FACE('NONE',(#4812),#4806,.T.);
#4814=CLOSED_SHELL('',(#4705,#4736,#4767,#4789,#4801,#4813));
#4815=MANIFOLD_SOLID_BREP('Boss-Extrude8[1]',#4814);
#4665=STYLED_ITEM('',(#3007),#4815);
#4817=CARTESIAN_POINT('',(0.55,2.05,-0.));
#4818=DIRECTION('',(-1.,-0.,-0.));
#4819=DIRECTION('',(0.,-0.,-1.));
#4820=AXIS2_PLACEMENT_3D('',#4817,#4818,#4819);
#4821=PLANE('',#4820);
#4822=CARTESIAN_POINT('',(0.55,2.05,-0.15));
#4823=VERTEX_POINT('',#4822);
#4824=CARTESIAN_POINT('',(0.55,2.95,-0.15));
#4825=VERTEX_POINT('',#4824);
#4826=CARTESIAN_POINT('',(0.55,2.05,-0.15));
#4827=DIRECTION('',(-0.,1.,-0.));
#4828=VECTOR('',#4827,0.9);
#4829=LINE('',#4826,#4828);
#4830=EDGE_CURVE('NONE',#4823,#4825,#4829,.T.);
#4831=ORIENTED_EDGE('',*,*,#4830,.F.);
#4832=CARTESIAN_POINT('',(0.55,2.05,-0.));
#4833=VERTEX_POINT('',#4832);
#4834=CARTESIAN_POINT('',(0.55,2.05,-0.));
#4835=DIRECTION('',(-0.,-0.,-1.));
#4836=VECTOR('',#4835,0.15);
#4837=LINE('',#4834,#4836);
#4838=EDGE_CURVE('NONE',#4833,#4823,#4837,.T.);
#4839=ORIENTED_EDGE('',*,*,#4838,.F.);
#4840=CARTESIAN_POINT('',(0.55,2.95,-0.));
#4841=VERTEX_POINT('',#4840);
#4842=CARTESIAN_POINT('',(0.55,2.05,-0.));
#4843=DIRECTION('',(-0.,1.,-0.));
#4844=VECTOR('',#4843,0.9);
#4845=LINE('',#4842,#4844);
#4846=EDGE_CURVE('NONE',#4833,#4841,#4845,.T.);
#4847=ORIENTED_EDGE('',*,*,#4846,.T.);
#4848=CARTESIAN_POINT('',(0.55,2.95,-0.));
#4849=DIRECTION('',(0.,-0.,-1.));
#4850=VECTOR('',#4849,0.15);
#4851=LINE('',#4848,#4850);
#4852=EDGE_CURVE('NONE',#4841,#4825,#4851,.T.);
#4853=ORIENTED_EDGE('',*,*,#4852,.T.);
#4854=EDGE_LOOP('',(#4831,#4839,#4847,#4853));
#4855=FACE_BOUND('',#4854,.T.);
#4856=ADVANCED_FACE('NONE',(#4855),#4821,.T.);
#4857=CARTESIAN_POINT('',(0.55,2.05,-0.));
#4858=DIRECTION('',(-0.,-1.,0.));
#4859=DIRECTION('',(1.,-0.,0.));
#4860=AXIS2_PLACEMENT_3D('',#4857,#4858,#4859);
#4861=PLANE('',#4860);
#4862=CARTESIAN_POINT('',(0.95,2.05,-0.15));
#4863=VERTEX_POINT('',#4862);
#4864=CARTESIAN_POINT('',(0.95,2.05,-0.15));
#4865=DIRECTION('',(-1.,-0.,-0.));
#4866=VECTOR('',#4865,0.4);
#4867=LINE('',#4864,#4866);
#4868=EDGE_CURVE('NONE',#4863,#4823,#4867,.T.);
#4869=ORIENTED_EDGE('',*,*,#4868,.F.);
#4870=CARTESIAN_POINT('',(0.95,2.05,-0.));
#4871=VERTEX_POINT('',#4870);
#4872=CARTESIAN_POINT('',(0.95,2.05,-0.));
#4873=DIRECTION('',(0.,-0.,-1.));
#4874=VECTOR('',#4873,0.15);
#4875=LINE('',#4872,#4874);
#4876=EDGE_CURVE('NONE',#4871,#4863,#4875,.T.);
#4877=ORIENTED_EDGE('',*,*,#4876,.F.);
#4878=CARTESIAN_POINT('',(0.95,2.05,-0.));
#4879=DIRECTION('',(-1.,0.,-0.));
#4880=VECTOR('',#4879,0.4);
#4881=LINE('',#4878,#4880);
#4882=EDGE_CURVE('NONE',#4871,#4833,#4881,.T.);
#4883=ORIENTED_EDGE('',*,*,#4882,.T.);
#4884=ORIENTED_EDGE('',*,*,#4838,.T.);
#4885=EDGE_LOOP('',(#4869,#4877,#4883,#4884));
#4886=FACE_BOUND('',#4885,.T.);
#4887=ADVANCED_FACE('NONE',(#4886),#4861,.T.);
#4888=CARTESIAN_POINT('',(0.95,2.05,-0.));
#4889=DIRECTION('',(1.,0.,0.));
#4890=DIRECTION('',(-0.,0.,1.));
#4891=AXIS2_PLACEMENT_3D('',#4888,#4889,#4890);
#4892=PLANE('',#4891);
#4893=CARTESIAN_POINT('',(0.95,2.95,-0.15));
#4894=VERTEX_POINT('',#4893);
#4895=CARTESIAN_POINT('',(0.95,2.95,-0.15));
#4896=DIRECTION('',(0.,-1.,0.));
#4897=VECTOR('',#4896,0.9);
#4898=LINE('',#4895,#4897);
#4899=EDGE_CURVE('NONE',#4894,#4863,#4898,.T.);
#4900=ORIENTED_EDGE('',*,*,#4899,.F.);
#4901=CARTESIAN_POINT('',(0.95,2.95,-0.));
#4902=VERTEX_POINT('',#4901);
#4903=CARTESIAN_POINT('',(0.95,2.95,-0.));
#4904=DIRECTION('',(-0.,-0.,-1.));
#4905=VECTOR('',#4904,0.15);
#4906=LINE('',#4903,#4905);
#4907=EDGE_CURVE('NONE',#4902,#4894,#4906,.T.);
#4908=ORIENTED_EDGE('',*,*,#4907,.F.);
#4909=CARTESIAN_POINT('',(0.95,2.95,-0.));
#4910=DIRECTION('',(0.,-1.,0.));
#4911=VECTOR('',#4910,0.9);
#4912=LINE('',#4909,#4911);
#4913=EDGE_CURVE('NONE',#4902,#4871,#4912,.T.);
#4914=ORIENTED_EDGE('',*,*,#4913,.T.);
#4915=ORIENTED_EDGE('',*,*,#4876,.T.);
#4916=EDGE_LOOP('',(#4900,#4908,#4914,#4915));
#4917=FACE_BOUND('',#4916,.T.);
#4918=ADVANCED_FACE('NONE',(#4917),#4892,.T.);
#4919=CARTESIAN_POINT('',(0.55,2.95,-0.));
#4920=DIRECTION('',(0.,1.,-0.));
#4921=DIRECTION('',(-1.,0.,-0.));
#4922=AXIS2_PLACEMENT_3D('',#4919,#4920,#4921);
#4923=PLANE('',#4922);
#4924=CARTESIAN_POINT('',(0.55,2.95,-0.15));
#4925=DIRECTION('',(1.,0.,0.));
#4926=VECTOR('',#4925,0.4);
#4927=LINE('',#4924,#4926);
#4928=EDGE_CURVE('NONE',#4825,#4894,#4927,.T.);
#4929=ORIENTED_EDGE('',*,*,#4928,.F.);
#4930=ORIENTED_EDGE('',*,*,#4852,.F.);
#4931=CARTESIAN_POINT('',(0.55,2.95,-0.));
#4932=DIRECTION('',(1.,-0.,0.));
#4933=VECTOR('',#4932,0.4);
#4934=LINE('',#4931,#4933);
#4935=EDGE_CURVE('NONE',#4841,#4902,#4934,.T.);
#4936=ORIENTED_EDGE('',*,*,#4935,.T.);
#4937=ORIENTED_EDGE('',*,*,#4907,.T.);
#4938=EDGE_LOOP('',(#4929,#4930,#4936,#4937));
#4939=FACE_BOUND('',#4938,.T.);
#4940=ADVANCED_FACE('NONE',(#4939),#4923,.T.);
#4941=CARTESIAN_POINT('',(-0.,0.75,-0.));
#4942=DIRECTION('',(0.,-0.,-1.));
#4943=DIRECTION('',(1.,0.,0.));
#4944=AXIS2_PLACEMENT_3D('',#4941,#4942,#4943);
#4945=PLANE('',#4944);
#4946=ORIENTED_EDGE('',*,*,#4846,.F.);
#4947=ORIENTED_EDGE('',*,*,#4882,.F.);
#4948=ORIENTED_EDGE('',*,*,#4913,.F.);
#4949=ORIENTED_EDGE('',*,*,#4935,.F.);
#4950=EDGE_LOOP('',(#4946,#4947,#4948,#4949));
#4951=FACE_BOUND('',#4950,.T.);
#4952=ADVANCED_FACE('NONE',(#4951),#4945,.F.);
#4953=CARTESIAN_POINT('',(0.,0.75,-0.15));
#4954=DIRECTION('',(0.,-0.,-1.));
#4955=DIRECTION('',(1.,0.,0.));
#4956=AXIS2_PLACEMENT_3D('',#4953,#4954,#4955);
#4957=PLANE('',#4956);
#4958=ORIENTED_EDGE('',*,*,#4830,.T.);
#4959=ORIENTED_EDGE('',*,*,#4928,.T.);
#4960=ORIENTED_EDGE('',*,*,#4899,.T.);
#4961=ORIENTED_EDGE('',*,*,#4868,.T.);
#4962=EDGE_LOOP('',(#4958,#4959,#4960,#4961));
#4963=FACE_BOUND('',#4962,.T.);
#4964=ADVANCED_FACE('NONE',(#4963),#4957,.T.);
#4965=CLOSED_SHELL('',(#4856,#4887,#4918,#4940,#4952,#4964));
#4966=MANIFOLD_SOLID_BREP('Boss-Extrude8[2]',#4965);
#4816=STYLED_ITEM('',(#3007),#4966);
#4968=CARTESIAN_POINT('',(2.05,2.05,-0.));
#4969=DIRECTION('',(-1.,-0.,-0.));
#4970=DIRECTION('',(0.,-0.,-1.));
#4971=AXIS2_PLACEMENT_3D('',#4968,#4969,#4970);
#4972=PLANE('',#4971);
#4973=CARTESIAN_POINT('',(2.05,2.05,-0.15));
#4974=VERTEX_POINT('',#4973);
#4975=CARTESIAN_POINT('',(2.05,2.95,-0.15));
#4976=VERTEX_POINT('',#4975);
#4977=CARTESIAN_POINT('',(2.05,2.05,-0.15));
#4978=DIRECTION('',(-0.,1.,-0.));
#4979=VECTOR('',#4978,0.9);
#4980=LINE('',#4977,#4979);
#4981=EDGE_CURVE('NONE',#4974,#4976,#4980,.T.);
#4982=ORIENTED_EDGE('',*,*,#4981,.F.);
#4983=CARTESIAN_POINT('',(2.05,2.05,-0.));
#4984=VERTEX_POINT('',#4983);
#4985=CARTESIAN_POINT('',(2.05,2.05,-0.));
#4986=DIRECTION('',(-0.,-0.,-1.));
#4987=VECTOR('',#4986,0.15);
#4988=LINE('',#4985,#4987);
#4989=EDGE_CURVE('NONE',#4984,#4974,#4988,.T.);
#4990=ORIENTED_EDGE('',*,*,#4989,.F.);
#4991=CARTESIAN_POINT('',(2.05,2.95,-0.));
#4992=VERTEX_POINT('',#4991);
#4993=CARTESIAN_POINT('',(2.05,2.05,-0.));
#4994=DIRECTION('',(-0.,1.,-0.));
#4995=VECTOR('',#4994,0.9);
#4996=LINE('',#4993,#4995);
#4997=EDGE_CURVE('NONE',#4984,#4992,#4996,.T.);
#4998=ORIENTED_EDGE('',*,*,#4997,.T.);
#4999=CARTESIAN_POINT('',(2.05,2.95,-0.));
#5000=DIRECTION('',(0.,-0.,-1.));
#5001=VECTOR('',#5000,0.15);
#5002=LINE('',#4999,#5001);
#5003=EDGE_CURVE('NONE',#4992,#4976,#5002,.T.);
#5004=ORIENTED_EDGE('',*,*,#5003,.T.);
#5005=EDGE_LOOP('',(#4982,#4990,#4998,#5004));
#5006=FACE_BOUND('',#5005,.T.);
#5007=ADVANCED_FACE('NONE',(#5006),#4972,.T.);
#5008=CARTESIAN_POINT('',(2.05,2.05,-0.));
#5009=DIRECTION('',(-0.,-1.,0.));
#5010=DIRECTION('',(1.,-0.,0.));
#5011=AXIS2_PLACEMENT_3D('',#5008,#5009,#5010);
#5012=PLANE('',#5011);
#5013=CARTESIAN_POINT('',(2.45,2.05,-0.15));
#5014=VERTEX_POINT('',#5013);
#5015=CARTESIAN_POINT('',(2.45,2.05,-0.15));
#5016=DIRECTION('',(-1.,-0.,-0.));
#5017=VECTOR('',#5016,0.4);
#5018=LINE('',#5015,#5017);
#5019=EDGE_CURVE('NONE',#5014,#4974,#5018,.T.);
#5020=ORIENTED_EDGE('',*,*,#5019,.F.);
#5021=CARTESIAN_POINT('',(2.45,2.05,-0.));
#5022=VERTEX_POINT('',#5021);
#5023=CARTESIAN_POINT('',(2.45,2.05,-0.));
#5024=DIRECTION('',(0.,-0.,-1.));
#5025=VECTOR('',#5024,0.15);
#5026=LINE('',#5023,#5025);
#5027=EDGE_CURVE('NONE',#5022,#5014,#5026,.T.);
#5028=ORIENTED_EDGE('',*,*,#5027,.F.);
#5029=CARTESIAN_POINT('',(2.45,2.05,-0.));
#5030=DIRECTION('',(-1.,0.,-0.));
#5031=VECTOR('',#5030,0.4);
#5032=LINE('',#5029,#5031);
#5033=EDGE_CURVE('NONE',#5022,#4984,#5032,.T.);
#5034=ORIENTED_EDGE('',*,*,#5033,.T.);
#5035=ORIENTED_EDGE('',*,*,#4989,.T.);
#5036=EDGE_LOOP('',(#5020,#5028,#5034,#5035));
#5037=FACE_BOUND('',#5036,.T.);
#5038=ADVANCED_FACE('NONE',(#5037),#5012,.T.);
#5039=CARTESIAN_POINT('',(2.45,2.05,-0.));
#5040=DIRECTION('',(1.,0.,0.));
#5041=DIRECTION('',(-0.,0.,1.));
#5042=AXIS2_PLACEMENT_3D('',#5039,#5040,#5041);
#5043=PLANE('',#5042);
#5044=CARTESIAN_POINT('',(2.45,2.95,-0.15));
#5045=VERTEX_POINT('',#5044);
#5046=CARTESIAN_POINT('',(2.45,2.95,-0.15));
#5047=DIRECTION('',(0.,-1.,0.));
#5048=VECTOR('',#5047,0.9);
#5049=LINE('',#5046,#5048);
#5050=EDGE_CURVE('NONE',#5045,#5014,#5049,.T.);
#5051=ORIENTED_EDGE('',*,*,#5050,.F.);
#5052=CARTESIAN_POINT('',(2.45,2.95,-0.));
#5053=VERTEX_POINT('',#5052);
#5054=CARTESIAN_POINT('',(2.45,2.95,-0.));
#5055=DIRECTION('',(-0.,-0.,-1.));
#5056=VECTOR('',#5055,0.15);
#5057=LINE('',#5054,#5056);
#5058=EDGE_CURVE('NONE',#5053,#5045,#5057,.T.);
#5059=ORIENTED_EDGE('',*,*,#5058,.F.);
#5060=CARTESIAN_POINT('',(2.45,2.95,-0.));
#5061=DIRECTION('',(0.,-1.,0.));
#5062=VECTOR('',#5061,0.9);
#5063=LINE('',#5060,#5062);
#5064=EDGE_CURVE('NONE',#5053,#5022,#5063,.T.);
#5065=ORIENTED_EDGE('',*,*,#5064,.T.);
#5066=ORIENTED_EDGE('',*,*,#5027,.T.);
#5067=EDGE_LOOP('',(#5051,#5059,#5065,#5066));
#5068=FACE_BOUND('',#5067,.T.);
#5069=ADVANCED_FACE('NONE',(#5068),#5043,.T.);
#5070=CARTESIAN_POINT('',(2.05,2.95,-0.));
#5071=DIRECTION('',(0.,1.,-0.));
#5072=DIRECTION('',(-1.,0.,-0.));
#5073=AXIS2_PLACEMENT_3D('',#5070,#5071,#5072);
#5074=PLANE('',#5073);
#5075=CARTESIAN_POINT('',(2.05,2.95,-0.15));
#5076=DIRECTION('',(1.,0.,0.));
#5077=VECTOR('',#5076,0.4);
#5078=LINE('',#5075,#5077);
#5079=EDGE_CURVE('NONE',#4976,#5045,#5078,.T.);
#5080=ORIENTED_EDGE('',*,*,#5079,.F.);
#5081=ORIENTED_EDGE('',*,*,#5003,.F.);
#5082=CARTESIAN_POINT('',(2.05,2.95,-0.));
#5083=DIRECTION('',(1.,-0.,0.));
#5084=VECTOR('',#5083,0.4);
#5085=LINE('',#5082,#5084);
#5086=EDGE_CURVE('NONE',#4992,#5053,#5085,.T.);
#5087=ORIENTED_EDGE('',*,*,#5086,.T.);
#5088=ORIENTED_EDGE('',*,*,#5058,.T.);
#5089=EDGE_LOOP('',(#5080,#5081,#5087,#5088));
#5090=FACE_BOUND('',#5089,.T.);
#5091=ADVANCED_FACE('NONE',(#5090),#5074,.T.);
#5092=CARTESIAN_POINT('',(0.,0.75,-0.));
#5093=DIRECTION('',(0.,-0.,-1.));
#5094=DIRECTION('',(1.,0.,0.));
#5095=AXIS2_PLACEMENT_3D('',#5092,#5093,#5094);
#5096=PLANE('',#5095);
#5097=ORIENTED_EDGE('',*,*,#4997,.F.);
#5098=ORIENTED_EDGE('',*,*,#5033,.F.);
#5099=ORIENTED_EDGE('',*,*,#5064,.F.);
#5100=ORIENTED_EDGE('',*,*,#5086,.F.);
#5101=EDGE_LOOP('',(#5097,#5098,#5099,#5100));
#5102=FACE_BOUND('',#5101,.T.);
#5103=ADVANCED_FACE('NONE',(#5102),#5096,.F.);
#5104=CARTESIAN_POINT('',(0.,0.75,-0.15));
#5105=DIRECTION('',(0.,-0.,-1.));
#5106=DIRECTION('',(1.,0.,0.));
#5107=AXIS2_PLACEMENT_3D('',#5104,#5105,#5106);
#5108=PLANE('',#5107);
#5109=ORIENTED_EDGE('',*,*,#4981,.T.);
#5110=ORIENTED_EDGE('',*,*,#5079,.T.);
#5111=ORIENTED_EDGE('',*,*,#5050,.T.);
#5112=ORIENTED_EDGE('',*,*,#5019,.T.);
#5113=EDGE_LOOP('',(#5109,#5110,#5111,#5112));
#5114=FACE_BOUND('',#5113,.T.);
#5115=ADVANCED_FACE('NONE',(#5114),#5108,.T.);
#5116=CLOSED_SHELL('',(#5007,#5038,#5069,#5091,#5103,#5115));
#5117=MANIFOLD_SOLID_BREP('Boss-Extrude8[3]',#5116);
#4967=STYLED_ITEM('',(#3007),#5117);
#35=SHAPE_REPRESENTATION('SSSS811101.STEP',(#15),#33);
#36=ADVANCED_BREP_SHAPE_REPRESENTATION('SSSS811101.STEP',(#3000,#3356,#4664,#4815,#4966,#5117),#33);
#5125=SHAPE_REPRESENTATION_RELATIONSHIP('','',#35,#36);
#5126=CARTESIAN_POINT('',(0.,0.,0.));
#5127=DIRECTION('',(0.,0.,1.));
#5128=DIRECTION('',(1.,0.,0.));
#5129=AXIS2_PLACEMENT_3D('',#5126,#5127,#5128);
#5131=MAPPED_ITEM('',#5130,#5129);
#5130=REPRESENTATION_MAP(#5129,#35);
#5132=APPLICATION_CONTEXT('Managed model based 3d engineering');
#5133=APPLICATION_PROTOCOL_DEFINITION('international standard','ap242_managed_model_based_3d_engineering',2014,#5132);
#5134=PRODUCT_CONTEXT('',#5132,'mechanical');
#5135=PRODUCT_DEFINITION_CONTEXT('part definition',#5132,'design');
#43=PRODUCT('SSSS811101.STEP','SSSS811101.STEP','',(#5134));
#5136=PRODUCT_RELATED_PRODUCT_CATEGORY('part','',(#43));
#5137=PRODUCT_DEFINITION_FORMATION_WITH_SPECIFIED_SOURCE('','',#43,.NOT_KNOWN.);
#44=PRODUCT_DEFINITION('design','',#5137,#5135);
#42=PRODUCT_DEFINITION_SHAPE('','',#44);
#5138=SHAPE_DEFINITION_REPRESENTATION(#42,#35);
#34=DRAUGHTING_MODEL('',(#5131),#33);
#16=SHAPE_REPRESENTATION('root',(#15,#48),#10);
#5139=CARTESIAN_POINT('',(0.,0.,0.));
#5140=DIRECTION('',(0.,0.,1.));
#5141=DIRECTION('',(1.,0.,0.));
#5142=AXIS2_PLACEMENT_3D('',#5139,#5140,#5141);
#5144=MAPPED_ITEM('',#5143,#5142);
#5143=REPRESENTATION_MAP(#5142,#16);
#24=PRODUCT('root','root','',(#5134));
#5145=PRODUCT_RELATED_PRODUCT_CATEGORY('part','',(#24));
#5146=PRODUCT_DEFINITION_FORMATION_WITH_SPECIFIED_SOURCE('','',#24,.NOT_KNOWN.);
#25=PRODUCT_DEFINITION('design','',#5146,#5135);
#23=PRODUCT_DEFINITION_SHAPE('','',#25);
#5147=SHAPE_DEFINITION_REPRESENTATION(#23,#16);
#11=DRAUGHTING_MODEL('',(#5144),#10);
#5148=DESCRIPTIVE_REPRESENTATION_ITEM('KEY','C:\\Users\\Nhatkhongbuon\\AppData\\Local\\Packages\\Shapr3D.Shapr3D_dvv5p1vgwv6mp\\TempState\\6fac073f-a2f3-4376-ae38-f675871261c6.tmp');
#5149=PROPERTY_DEFINITION('KEY','',#25);
#5150=REPRESENTATION('',(#5148),#10);
#5151=PROPERTY_DEFINITION_REPRESENTATION(#5149,#5150);
#5152=GENERAL_PROPERTY('','KEY','');
#5153=GENERAL_PROPERTY_ASSOCIATION('','',#5152,#5149);
#1=MECHANICAL_DESIGN_GEOMETRIC_PRESENTATION_REPRESENTATION('',(#54,#3008,#3364,#4665,#4816,#4967),#10);
ENDSEC;
END-ISO-10303-21;
